{"type":"FeatureCollection","features":[{"type":"Feature","geometry":{"coordinates":[[[2.2942344209942354,48.86147161641745],[2.3000101770331356,48.85776190088497],[2.3000403543407906,48.85776292999572],[2.3000426875319264,48.85774103175077],[2.30310277696139,48.85578739903975],[2.3031525347267587,48.85579103892214],[2.3031490998769972,48.855757228293015],[2.3032982791469347,48.855657958099485],[2.3053580645635905,48.85433526676784],[2.305413487552442,48.85435222661768],[2.3054722514747295,48.854313016673686],[2.3054102326399146,48.85431074464292],[2.305456851657014,48.854253354740415],[2.3043668624233464,48.85350945402542],[2.2931598566494817,48.86072594124513],[2.2931567113147624,48.86079933869712],[2.29409532715997,48.861478832655244],[2.294215845857669,48.8614835348154],[2.2942344209942354,48.86147161641745]]],"type":"Polygon"},"properties":{"id_bv":"7-24","arrondissement":"7","num_bv":24,"geo_point_2d":{"lon":2.299296783256057,"lat":48.85749977590055},"created_user":null,"created_date":null,"last_edited_user":null,"last_edited_date":null,"st_area_shape":133409.18103400135,"st_perimeter_shape":2549.90621481341}},{"type":"Feature","geometry":{"coordinates":[[[2.3592053246050395,48.88288795067686],[2.3604732582879917,48.88296518184956],[2.3615642637121432,48.88281877880418],[2.361443639568591,48.882461140522224],[2.358315345223138,48.881253457072475],[2.358307341688978,48.88123016468116],[2.3587539110359876,48.87994237079623],[2.358736900774555,48.87991823695227],[2.357876227258725,48.879513470498495],[2.354800075297492,48.880212064103894],[2.3586236643145027,48.884076121057674],[2.358616467684591,48.88409255999682],[2.3595019259945773,48.884086162846735],[2.3594791569272093,48.88336289375659],[2.3592053246050395,48.88288795067686]]],"type":"Polygon"},"properties":{"id_bv":"10-26","arrondissement":"10","num_bv":26,"geo_point_2d":{"lon":2.358001982467006,"lat":48.881676686948644},"created_user":null,"created_date":null,"last_edited_user":null,"last_edited_date":null,"st_area_shape":101988.85830732447,"st_perimeter_shape":1667.1217359174998}},{"type":"Feature","geometry":{"coordinates":[[[2.353696036584603,48.88045206635008],[2.3537349989762903,48.88045732732855],[2.353563288839496,48.88007265540817],[2.3527580831500976,48.88025287027286],[2.3527370418564613,48.88023874582286],[2.352663094749264,48.880016202907164],[2.3531905559355164,48.879372835003075],[2.3531669275636404,48.87934098248469],[2.3525592869998606,48.87938881050738],[2.352123038790202,48.87920246494659],[2.3518576760430063,48.87819707320548],[2.351134390345121,48.878247625922235],[2.3509306712297655,48.879362711017336],[2.350906205312639,48.87937946154165],[2.3495238579916222,48.87958221090526],[2.3494927005632946,48.879614906823925],[2.349860353924651,48.88062068558461],[2.3498187270559527,48.88120020735304],[2.349781328038772,48.88153081154877],[2.351166930703275,48.881652766911834],[2.3512051678348063,48.88164504203323],[2.351961886696819,48.8808527422411],[2.353696036584603,48.88045206635008]]],"type":"Polygon"},"properties":{"id_bv":"10-29","arrondissement":"10","num_bv":29,"geo_point_2d":{"lon":2.351317458414893,"lat":48.88011172743152},"created_user":null,"created_date":null,"last_edited_user":null,"last_edited_date":null,"st_area_shape":59476.31232844437,"st_perimeter_shape":1268.891908323778}},{"type":"Feature","geometry":{"coordinates":[[[2.3569094344355923,48.82746339113197],[2.356552858843329,48.82737647419542],[2.3542802726593655,48.82677875925804],[2.3534363000928615,48.82748455070077],[2.3534402062193003,48.82752413800106],[2.3527949365431815,48.82810566549223],[2.3528974260869617,48.82809578735316],[2.3529338521221232,48.82808087585859],[2.355813776780446,48.830654824832905],[2.356178313559374,48.82985694561443],[2.3569094344355923,48.82746339113197]]],"type":"Polygon"},"properties":{"id_bv":"13-59","arrondissement":"13","num_bv":59,"geo_point_2d":{"lon":2.3550842672667955,"lat":48.82839766839205},"created_user":null,"created_date":null,"last_edited_user":null,"last_edited_date":null,"st_area_shape":68661.78659432557,"st_perimeter_shape":1122.8003755667664}},{"type":"Feature","geometry":{"coordinates":[[[2.4056438186456237,48.87206191339425],[2.407651496812549,48.87034868333005],[2.4074103611792927,48.87024090145666],[2.407416234542868,48.87023248218008],[2.4083555732572774,48.86938218922177],[2.4075773929876596,48.86936167634066],[2.406259427354942,48.8686497567878],[2.4061750506039874,48.86858976254628],[2.4061644053521887,48.86853162157861],[2.405823478891668,48.86829547881545],[2.40571773689438,48.86827005659334],[2.405600883083029,48.868187907376104],[2.4056807826152906,48.867520033617126],[2.405415793008349,48.867601072538115],[2.404860466666222,48.86794043665265],[2.404266273268666,48.86856513155204],[2.404927787179186,48.868955204428225],[2.4043432840512837,48.870273022200855],[2.404371825986458,48.87100586062655],[2.404041533007505,48.871298558942584],[2.404385871876401,48.871705373542326],[2.4046286323073605,48.87177577962836],[2.4056438186456237,48.87206191339425]]],"type":"Polygon"},"properties":{"id_bv":"20-27","arrondissement":"20","num_bv":27,"geo_point_2d":{"lon":2.40579725632986,"lat":48.86999871677425},"created_user":null,"created_date":null,"last_edited_user":null,"last_edited_date":null,"st_area_shape":79214.29588961731,"st_perimeter_shape":1360.4821273864504}},{"type":"Feature","geometry":{"coordinates":[[[2.3203047098044998,48.882119711659996],[2.320264182224277,48.88206381372512],[2.3168434389954125,48.88136916730541],[2.3166789953337825,48.88133389584689],[2.3164879198451405,48.88131638326223],[2.3155344397108744,48.88217842016072],[2.315544266372919,48.88223741418428],[2.316638982283933,48.882743930014506],[2.3177324908548207,48.88297222446409],[2.3191140952040508,48.88336499514224],[2.3192116093207322,48.88338060539504],[2.3203047098044998,48.882119711659996]]],"type":"Polygon"},"properties":{"id_bv":"17-6","arrondissement":"17","num_bv":6,"geo_point_2d":{"lon":2.3179306826470554,"lat":48.88229668034936},"created_user":null,"created_date":null,"last_edited_user":null,"last_edited_date":null,"st_area_shape":44757.93022571952,"st_perimeter_shape":882.8520810938356}},{"type":"Feature","geometry":{"coordinates":[[[2.3469256055515983,48.87785802811557],[2.3469445039832233,48.877844071017634],[2.3472299419571043,48.87779468499708],[2.3473598223782304,48.87693607429711],[2.347348109242564,48.876914608961314],[2.3463384440675443,48.87668125080068],[2.34613325756478,48.87661617938626],[2.346008436756339,48.8765785420441],[2.34424372392371,48.87654333173956],[2.3446149831084826,48.87768458875641],[2.3448055756732864,48.87838631608306],[2.3446294651912516,48.87863297024764],[2.3451636004928162,48.878726029781134],[2.3456468905932084,48.87855279865363],[2.3473008750928104,48.87901589864128],[2.3476391029544152,48.878727958072524],[2.347638981079804,48.87870786179886],[2.3469256055515983,48.87785802811557]]],"type":"Polygon"},"properties":{"id_bv":"9-21","arrondissement":"9","num_bv":21,"geo_point_2d":{"lon":2.3459323668999943,"lat":48.87767404114853},"created_user":null,"created_date":null,"last_edited_user":null,"last_edited_date":null,"st_area_shape":46745.373022761974,"st_perimeter_shape":959.7187522859929}},{"type":"Feature","geometry":{"coordinates":[[[2.3931394194327096,48.84879478715111],[2.395384061676625,48.848463421260305],[2.394839243160901,48.846332799712236],[2.3944763359413543,48.84634373612165],[2.3944179940629104,48.84634746363832],[2.3937058813322625,48.847150982527594],[2.393669480751944,48.84715034118328],[2.3920548153382377,48.846395899764666],[2.3908420485523503,48.84747647876202],[2.3891027632577924,48.8473576858093],[2.388526607121857,48.84802159179624],[2.3896049766729783,48.84932848453867],[2.3931394194327096,48.84879478715111]]],"type":"Polygon"},"properties":{"id_bv":"12-15","arrondissement":"12","num_bv":15,"geo_point_2d":{"lon":2.392096835319768,"lat":48.84792727125946},"created_user":null,"created_date":null,"last_edited_user":null,"last_edited_date":null,"st_area_shape":100412.38983980997,"st_perimeter_shape":1485.8516039634128}},{"type":"Feature","geometry":{"coordinates":[[[2.3523936768616833,48.873362831101566],[2.3524459494775978,48.873461006778285],[2.354405245830584,48.87281075133847],[2.3543858583414154,48.87277406081084],[2.3540615656728296,48.8722630583993],[2.3515319913798787,48.8719864479034],[2.3479079387649557,48.872580892154815],[2.347907198536095,48.87350032205029],[2.3504757421883724,48.87378979176767],[2.3523936768616833,48.873362831101566]]],"type":"Polygon"},"properties":{"id_bv":"10-37","arrondissement":"10","num_bv":37,"geo_point_2d":{"lon":2.3509565343124477,"lat":48.87286681012939},"created_user":null,"created_date":null,"last_edited_user":null,"last_edited_date":null,"st_area_shape":65414.57375661385,"st_perimeter_shape":1142.221779939156}},{"type":"Feature","geometry":{"coordinates":[[[2.29176282266328,48.843425103246844],[2.291777204376185,48.84268072481647],[2.290475044365948,48.842127367974584],[2.289826948611656,48.842444652691064],[2.289494604046464,48.84258338458211],[2.2888010787960433,48.84286593455093],[2.287773260904998,48.84323411434072],[2.287857920110392,48.84335168010868],[2.287230217498546,48.844260843381306],[2.2876558488243535,48.84459651590492],[2.28862666262247,48.84467582217233],[2.28904694111542,48.84453297293449],[2.289418050270577,48.84496923294238],[2.2895572856845727,48.84490157129781],[2.289779710184314,48.84462597960695],[2.29176282266328,48.843425103246844]]],"type":"Polygon"},"properties":{"id_bv":"15-91","arrondissement":"15","num_bv":91,"geo_point_2d":{"lon":2.289607133062282,"lat":48.84353690057639},"created_user":null,"created_date":null,"last_edited_user":null,"last_edited_date":null,"st_area_shape":59373.373458439906,"st_perimeter_shape":1011.4538979485486}},{"type":"Feature","geometry":{"coordinates":[[[2.3370034222701612,48.87138722683156],[2.3366943514526035,48.868847633496756],[2.3358735927201915,48.867005565093166],[2.3336654048262497,48.867511574880474],[2.3307405198301305,48.86816693335324],[2.3307172415915005,48.868159687579265],[2.3307166708015075,48.868171115047474],[2.3299586971342436,48.868515255673586],[2.328124972368596,48.869855788860754],[2.328188730713328,48.86996167290651],[2.328650051656928,48.87002361520631],[2.334170943351851,48.87095500783667],[2.336898937390595,48.871440344978204],[2.3370034222701612,48.87138722683156]]],"type":"Polygon"},"properties":{"id_bv":"2-3","arrondissement":"2","num_bv":3,"geo_point_2d":{"lon":2.333435662771164,"lat":48.86930040796796},"created_user":null,"created_date":null,"last_edited_user":null,"last_edited_date":null,"st_area_shape":187114.6029430903,"st_perimeter_shape":1848.4738256693345}},{"type":"Feature","geometry":{"coordinates":[[[2.398366258681284,48.884127883261],[2.39666030184413,48.88378922577525],[2.3965974052332815,48.884112056028336],[2.3947408641860726,48.88456967836834],[2.394540623569922,48.88452778983848],[2.3944084562816124,48.88495241733612],[2.3943593148777653,48.88624758617449],[2.3941393596349387,48.88625530024374],[2.39404166636645,48.886985185599585],[2.3943719802864547,48.88737349980699],[2.3948879006246457,48.887242374507025],[2.3948869533571693,48.886863986067695],[2.3949024775270273,48.886857095670905],[2.396219932009518,48.88647038890429],[2.3963958285541493,48.88622155446284],[2.397299670969462,48.88612639599018],[2.397615106798659,48.88584522179472],[2.398366258681284,48.884127883261]]],"type":"Polygon"},"properties":{"id_bv":"19-19","arrondissement":"19","num_bv":19,"geo_point_2d":{"lon":2.396044793983824,"lat":48.885392441356636},"created_user":null,"created_date":null,"last_edited_user":null,"last_edited_date":null,"st_area_shape":68955.81447780886,"st_perimeter_shape":1192.038596708285}},{"type":"Feature","geometry":{"coordinates":[[[2.4107519641338078,48.878415834693286],[2.4081182180321856,48.87764833771313],[2.4069225151149802,48.87722374439694],[2.406443466151656,48.877132114366894],[2.4064156892464266,48.877149861607805],[2.406289894767829,48.87722989147228],[2.405836533410925,48.8771324957944],[2.4040160231611045,48.87729682891699],[2.4031333216705684,48.87732626123782],[2.402145618235063,48.87753554397321],[2.4018242436641213,48.877619598821425],[2.4017073096740766,48.87807914289341],[2.401611642876653,48.87862448282644],[2.401595596447683,48.87872161916025],[2.399686786757502,48.87959072283404],[2.3967773612051744,48.881262885676186],[2.3965530016811725,48.8813824752875],[2.396755239357047,48.88150614288652],[2.3965340847782577,48.88202262053982],[2.396951744124793,48.88217265971834],[2.401104435415842,48.882847167975726],[2.4014535650713533,48.88259682666978],[2.404596751337647,48.88119713573433],[2.4093063177803096,48.88024796566129],[2.4107764188828824,48.87844495749438],[2.4107519641338078,48.878415834693286]]],"type":"Polygon"},"properties":{"id_bv":"19-40","arrondissement":"19","num_bv":40,"geo_point_2d":{"lon":2.4036585965340587,"lat":48.879842479120335},"created_user":null,"created_date":null,"last_edited_user":null,"last_edited_date":null,"st_area_shape":352052.4245602389,"st_perimeter_shape":2633.949675221933}},{"type":"Feature","geometry":{"coordinates":[[[2.386827388916398,48.83918227194827],[2.383715103364018,48.837115222571136],[2.3835868398867346,48.8371426461002],[2.382510704468717,48.836470276285056],[2.382514141698578,48.83644762914055],[2.3845900307954935,48.83492290540077],[2.3845830788166187,48.83486865856357],[2.3809714729684126,48.83289141908378],[2.377082373459227,48.83602320751352],[2.3767754896007323,48.83630808469427],[2.376644961171444,48.83632174490653],[2.376717056856612,48.836363987857645],[2.3766036682203295,48.83647462325216],[2.374869749315508,48.83805522801627],[2.3747726574957935,48.838060228272795],[2.3747859802757274,48.838130242348946],[2.373081830527344,48.83967411553021],[2.3724208365973056,48.84015878857219],[2.376316212590962,48.84214304136184],[2.377428685640275,48.84266190860579],[2.3786017941638296,48.84318301194933],[2.379871838095178,48.84366192416191],[2.3798506785135087,48.8435982504711],[2.386827388916398,48.83918227194827]]],"type":"Polygon"},"properties":{"id_bv":"12-47","arrondissement":"12","num_bv":47,"geo_point_2d":{"lon":2.3798216538797576,"lat":48.838680251426894},"created_user":null,"created_date":null,"last_edited_user":null,"last_edited_date":null,"st_area_shape":632332.0231831262,"st_perimeter_shape":3450.2986250857043}},{"type":"Feature","geometry":{"coordinates":[[[2.353337487541704,48.89027814367308],[2.3534191438040297,48.88981374303477],[2.3536005487502796,48.889716268050485],[2.3536069348211632,48.88970016685181],[2.3537054251773464,48.88860980166923],[2.3536734978285425,48.8883752436431],[2.353665281765341,48.88792166053334],[2.3535252266137614,48.887747611591735],[2.3535045891741455,48.88775001737826],[2.3534901048395285,48.88775528836117],[2.353509678904722,48.88835884950303],[2.3517103059785587,48.88817386117447],[2.3516798451317666,48.88817878643047],[2.351543587645907,48.88831778038001],[2.351569758453886,48.888373175759796],[2.351632618265222,48.889159014506106],[2.3514490244829385,48.89043951584872],[2.3516071149316073,48.891061513076956],[2.351668797853722,48.89108258545258],[2.353322484621487,48.8903255505336],[2.353337487541704,48.89027814367308]]],"type":"Polygon"},"properties":{"id_bv":"18-68","arrondissement":"18","num_bv":68,"geo_point_2d":{"lon":2.352516097606597,"lat":48.889446493910036},"created_user":null,"created_date":null,"last_edited_user":null,"last_edited_date":null,"st_area_shape":40499.88566956859,"st_perimeter_shape":980.3256426379758}},{"type":"Feature","geometry":{"coordinates":[[[2.295916336765412,48.88323790052295],[2.2954739911397026,48.88165409716378],[2.294444023269171,48.88118563415971],[2.2917017940124698,48.88147760591153],[2.2916624906078646,48.88150060864362],[2.2916968834408515,48.88218854467652],[2.2932521888800337,48.88297642684034],[2.294441233339259,48.88440370091239],[2.2958695146528596,48.88332404765263],[2.2959273842576375,48.88327698403744],[2.295916336765412,48.88323790052295]]],"type":"Polygon"},"properties":{"id_bv":"17-55","arrondissement":"17","num_bv":55,"geo_point_2d":{"lon":2.294033774913886,"lat":48.88248110660148},"created_user":null,"created_date":null,"last_edited_user":null,"last_edited_date":null,"st_area_shape":64316.58007845962,"st_perimeter_shape":1050.3386867540257}},{"type":"Feature","geometry":{"coordinates":[[[2.3766465039120064,48.89351371302413],[2.3766740624124347,48.89345928670574],[2.3765653677527463,48.89342983565577],[2.3736753487442073,48.893602833235384],[2.373650100978356,48.89358565638754],[2.373646950938045,48.893515999340245],[2.3766108790562095,48.89082893345296],[2.3766439482998694,48.89079744141198],[2.3760463963900187,48.889792941901824],[2.376039822767968,48.88977417387218],[2.3759278974506346,48.88971101576652],[2.37486888489431,48.8891316925639],[2.3746214898300275,48.8892680645267],[2.3743674556166083,48.88943283695451],[2.375860343729368,48.89045085131076],[2.3758381521082583,48.890471868793],[2.374046544486108,48.89072948202762],[2.3738041982234823,48.89097856259536],[2.3738033296417975,48.89099782600907],[2.375119114636319,48.89185227425121],[2.3751170568180733,48.89187668725419],[2.374820343586265,48.8921404757694],[2.372696550548855,48.89187009942111],[2.372663613678185,48.89188321793238],[2.372924388461035,48.892144509887636],[2.372887181341928,48.89246731667018],[2.373441928265399,48.893688097877934],[2.3733989284792556,48.89373514019381],[2.3766465039120064,48.89351371302413]]],"type":"Polygon"},"properties":{"id_bv":"19-52","arrondissement":"19","num_bv":52,"geo_point_2d":{"lon":2.3747612805022236,"lat":48.89151288321402},"created_user":null,"created_date":null,"last_edited_user":null,"last_edited_date":null,"st_area_shape":49609.34516794415,"st_perimeter_shape":2019.4011682052428}},{"type":"Feature","geometry":{"coordinates":[[[2.3589195620274146,48.85861935578488],[2.3588797711241476,48.85860506510126],[2.3585162160030255,48.85825435549947],[2.3581277744959577,48.85791931094339],[2.3578822571305387,48.85786763827606],[2.3578669748209427,48.857874003708105],[2.3568156264969717,48.85663214573194],[2.355775856632388,48.85688151476703],[2.3551325974948947,48.857123783992634],[2.354240558518473,48.85750174057584],[2.356838823384082,48.860054188464495],[2.356879088434669,48.860071520350544],[2.3589195620274146,48.85861935578488]]],"type":"Polygon"},"properties":{"id_bv":"4-2","arrondissement":"4","num_bv":2,"geo_point_2d":{"lon":2.3566236062030192,"lat":48.858231516541565},"created_user":null,"created_date":null,"last_edited_user":null,"last_edited_date":null,"st_area_shape":65236.832852022664,"st_perimeter_shape":1054.8131610447344}},{"type":"Feature","geometry":{"coordinates":[[[2.332586371141407,48.89402423533898],[2.3330014496590517,48.89395386023974],[2.3345545769133533,48.892947130347295],[2.3349857072862483,48.89181347546391],[2.335024120154015,48.89167989363248],[2.333670685463998,48.89182971314639],[2.330771029537404,48.89240296541313],[2.3325649974435607,48.89402783761138],[2.332586371141407,48.89402423533898]]],"type":"Polygon"},"properties":{"id_bv":"18-40","arrondissement":"18","num_bv":40,"geo_point_2d":{"lon":2.333051367356449,"lat":48.89274136950072},"created_user":null,"created_date":null,"last_edited_user":null,"last_edited_date":null,"st_area_shape":44443.05799542999,"st_perimeter_shape":883.8969798181791}},{"type":"Feature","geometry":{"coordinates":[[[2.3941002248714156,48.872818655323485],[2.3942239713148687,48.872675820734905],[2.3932090711999314,48.87212127765094],[2.392351109424698,48.87158925751329],[2.3917720081993763,48.872025844811695],[2.392573692828422,48.872490497452375],[2.3909525526834163,48.87335961906773],[2.3914705806678613,48.873737830779376],[2.392170295136177,48.87404537134882],[2.392898719912915,48.87446695653692],[2.3941002248714156,48.872818655323485]]],"type":"Polygon"},"properties":{"id_bv":"20-10","arrondissement":"20","num_bv":10,"geo_point_2d":{"lon":2.3926759508629916,"lat":48.87307257118852},"created_user":null,"created_date":null,"last_edited_user":null,"last_edited_date":null,"st_area_shape":35676.45065578375,"st_perimeter_shape":890.1559025328027}},{"type":"Feature","geometry":{"coordinates":[[[2.259329270482286,48.8432277307536],[2.2583034382527596,48.84186062077536],[2.2577330002232716,48.84109635437954],[2.2579464223635424,48.840599528176085],[2.2579335465232035,48.84056966734637],[2.2567273000614687,48.84011882847883],[2.2567068207800545,48.840130150259846],[2.256523075872946,48.841292033353234],[2.25649686435417,48.841311534337066],[2.2561091636984396,48.841294477732056],[2.2549208075973075,48.84124917696989],[2.2513877890603973,48.84206106694653],[2.2513535192752485,48.842068931551616],[2.251343362548144,48.84216303953899],[2.2512838184306894,48.84279007200277],[2.251290311286768,48.84288823147568],[2.2513079917864043,48.84288759834948],[2.255163469786459,48.8427490232934],[2.2558820076947517,48.84282614712956],[2.256163697541884,48.842572305547094],[2.2565525026990207,48.84253514381774],[2.25657402176658,48.84253734970383],[2.2573811968204125,48.84316149252434],[2.257683712759216,48.843051792236864],[2.257571942117018,48.842877897630494],[2.2577815264333037,48.84279048952273],[2.2588537195852845,48.843517642330184],[2.2588905569010946,48.843512897921634],[2.259329270482286,48.8432277307536]]],"type":"Polygon"},"properties":{"id_bv":"16-48","arrondissement":"16","num_bv":48,"geo_point_2d":{"lon":2.255606366548549,"lat":48.84205116018913},"created_user":null,"created_date":null,"last_edited_user":null,"last_edited_date":null,"st_area_shape":91992.26838593652,"st_perimeter_shape":1766.2167641067342}},{"type":"Feature","geometry":{"coordinates":[[[2.3997716740323853,48.86329193944978],[2.399736647160752,48.86326656152663],[2.400075228487642,48.862328501894666],[2.400189269678439,48.86172580539547],[2.4003514576304057,48.8611871842098],[2.4006217682875266,48.86069528003528],[2.4010480668116685,48.86011947185817],[2.4015400432099625,48.85963454086232],[2.402138446637098,48.85915220252964],[2.401347185231531,48.85871757391164],[2.3993305153324265,48.85757948191361],[2.3989223384993035,48.85735244827112],[2.397838202506872,48.8569786765923],[2.397291130975462,48.856871016288856],[2.3970705689843808,48.85816660346532],[2.39677825231933,48.86012739603477],[2.3968030780913474,48.86013436158357],[2.39984658204929,48.86093181648789],[2.40001786938055,48.861681280424165],[2.399495294917584,48.86326767284616],[2.399495880095996,48.86327816210426],[2.3997028447275364,48.86332821990765],[2.3997716740323853,48.86329193944978]]],"type":"Polygon"},"properties":{"id_bv":"20-59","arrondissement":"20","num_bv":59,"geo_point_2d":{"lon":2.3990969828257116,"lat":48.85922778669285},"created_user":null,"created_date":null,"last_edited_user":null,"last_edited_date":null,"st_area_shape":113702.62511924504,"st_perimeter_shape":1839.219967198775}},{"type":"Feature","geometry":{"coordinates":[[[2.263638860360693,48.84366387204299],[2.264811922302628,48.844958247855956],[2.2659591133156565,48.84431754660673],[2.267485137917475,48.84405540311979],[2.2687180030664216,48.84277674035213],[2.268133785418511,48.84260321532192],[2.2661844855386195,48.84337807485801],[2.265413504298117,48.84335843874496],[2.265012301670283,48.84302755847409],[2.2643265600588127,48.84155543057915],[2.2636139196168505,48.8414989398071],[2.2626291774409593,48.841946879629326],[2.261454041582154,48.84248620830649],[2.261676424142806,48.842773174653075],[2.2612462117467795,48.843832776568185],[2.2620872148423246,48.845060598512475],[2.263651799702076,48.84497971550619],[2.2636746209023375,48.84496787457055],[2.263135874831115,48.843774978807524],[2.2631377330580222,48.843759970767096],[2.263638860360693,48.84366387204299]]],"type":"Polygon"},"properties":{"id_bv":"16-38","arrondissement":"16","num_bv":38,"geo_point_2d":{"lon":2.2641622287246452,"lat":48.8434055109087},"created_user":null,"created_date":null,"last_edited_user":null,"last_edited_date":null,"st_area_shape":107079.60097519416,"st_perimeter_shape":1900.129726598419}},{"type":"Feature","geometry":{"coordinates":[[[2.2558127736259945,48.84908603112481],[2.259699256799669,48.848346403503896],[2.260279985766946,48.84775912824399],[2.260305113525413,48.847753128332364],[2.2611743383264975,48.84770573253068],[2.262147443127001,48.847842681291304],[2.2621608603613423,48.84782295547452],[2.261912382055719,48.84739457131977],[2.261919032907345,48.84737603771073],[2.2620282561090486,48.847332461697164],[2.2618424544920095,48.847034890130466],[2.261863219706647,48.84701234428332],[2.261532125083329,48.84689902404518],[2.2604797887393207,48.845283984670466],[2.2585900449747975,48.84532372318361],[2.2585500358289696,48.84556577887954],[2.2586386763983723,48.84606677413776],[2.2592302387048453,48.84760598766261],[2.259124094283724,48.8476824916569],[2.258060133441644,48.84731725371636],[2.2565995189527435,48.84735183762865],[2.2525531691495124,48.84560470810463],[2.250704361009558,48.845639874199634],[2.250515390398582,48.84569072985069],[2.250902167118929,48.84792646881137],[2.255744395316977,48.84909898207164],[2.2558127736259945,48.84908603112481]]],"type":"Polygon"},"properties":{"id_bv":"16-25","arrondissement":"16","num_bv":25,"geo_point_2d":{"lon":2.2559327495604555,"lat":48.847263395395174},"created_user":null,"created_date":null,"last_edited_user":null,"last_edited_date":null,"st_area_shape":194273.69333034405,"st_perimeter_shape":2585.075866362225}},{"type":"Feature","geometry":{"coordinates":[[[2.3578822571305387,48.85786763827606],[2.3588016039210453,48.85751351606193],[2.3593228991565,48.85718758591304],[2.3612719701062272,48.85621618470531],[2.3611576709599316,48.855454790186634],[2.360259561046383,48.85568409487135],[2.360222470718769,48.85567944927687],[2.3601437307886757,48.85549128328679],[2.3601133459034584,48.855478217811616],[2.3597963934533195,48.8555533396597],[2.3566569509466517,48.85630963811085],[2.356634093134852,48.85632742759009],[2.3568156264969717,48.85663214573194],[2.3578669748209427,48.857874003708105],[2.3578822571305387,48.85786763827606]]],"type":"Polygon"},"properties":{"id_bv":"4-14","arrondissement":"4","num_bv":14,"geo_point_2d":{"lon":2.358925717493556,"lat":48.85652179729632},"created_user":null,"created_date":null,"last_edited_user":null,"last_edited_date":null,"st_area_shape":48024.87255334048,"st_perimeter_shape":961.3296529401337}},{"type":"Feature","geometry":{"coordinates":[[[2.364447041542637,48.84613485854601],[2.3659702238721882,48.84498141232589],[2.365951721355118,48.84489299628094],[2.3650073293656164,48.844349710707874],[2.3649721417183858,48.84431244152406],[2.364907197969317,48.844180984479976],[2.363002625137353,48.84158389259951],[2.362048418581823,48.840286948452466],[2.3619875678848823,48.8403586242545],[2.360387594030505,48.84035231765767],[2.355972738180622,48.841181082257414],[2.3559518479949597,48.84116045621143],[2.3559009779749123,48.84128427736106],[2.356172517220951,48.84133121630295],[2.3561972855310924,48.84134917857895],[2.355254501805138,48.843631800708025],[2.354978791820587,48.84377760466432],[2.3549868077924816,48.84381538238436],[2.3568752040679537,48.84477505903769],[2.3568641482449726,48.844817751593304],[2.3569626787189777,48.84481946929585],[2.3624802779894942,48.84761613340044],[2.3644097374317554,48.846148604920934],[2.364447041542637,48.84613485854601]]],"type":"Polygon"},"properties":{"id_bv":"5-20","arrondissement":"5","num_bv":20,"geo_point_2d":{"lon":2.360491613681293,"lat":48.84366782024609},"created_user":null,"created_date":null,"last_edited_user":null,"last_edited_date":null,"st_area_shape":379782.4936542942,"st_perimeter_shape":2487.140490762117}},{"type":"Feature","geometry":{"coordinates":[[[2.4120871476151264,48.848842867982825],[2.411385604997594,48.849006876201614],[2.4109391308277934,48.848954126262356],[2.4097957711827784,48.84890184392227],[2.409751583899179,48.84902080179674],[2.4085540383593638,48.852333616891585],[2.4079898771804658,48.8530252001302],[2.4096912175430805,48.853328743247786],[2.4106211272828233,48.85349629734337],[2.411571614135731,48.853669487135214],[2.4117166938402694,48.853203602355784],[2.4116327538111046,48.85277093742074],[2.4123429682517674,48.84907199449066],[2.4120871476151264,48.848842867982825]]],"type":"Polygon"},"properties":{"id_bv":"20-54","arrondissement":"20","num_bv":54,"geo_point_2d":{"lon":2.410464770181704,"lat":48.85127573974413},"created_user":null,"created_date":null,"last_edited_user":null,"last_edited_date":null,"st_area_shape":108614.85520770343,"st_perimeter_shape":1471.7049947025155}},{"type":"Feature","geometry":{"coordinates":[[[2.4021979731596845,48.83719056656636],[2.4021739494214134,48.83716267239238],[2.402110984809397,48.83682563546269],[2.4004068929436135,48.835028284947064],[2.399674035047871,48.83583355089188],[2.3996709582890072,48.835853585862885],[2.399992655262518,48.836050143353404],[2.4001749751382127,48.83626942769301],[2.3984138647439446,48.83758638987623],[2.3984238574175847,48.83760675762655],[2.399216021059008,48.838076480802016],[2.399425739451224,48.838188164434094],[2.399414832764225,48.83821054065557],[2.4021496568535774,48.837231626502806],[2.4021979731596845,48.83719056656636]]],"type":"Polygon"},"properties":{"id_bv":"12-23","arrondissement":"12","num_bv":23,"geo_point_2d":{"lon":2.4004125640851806,"lat":48.83685667733682},"created_user":null,"created_date":null,"last_edited_user":null,"last_edited_date":null,"st_area_shape":44840.75940533876,"st_perimeter_shape":976.1755063085698}},{"type":"Feature","geometry":{"coordinates":[[[2.269222038334745,48.854716683161655],[2.2694871019430902,48.854638156937824],[2.269493060707713,48.85423053449523],[2.26919330114763,48.85401640619848],[2.2689187942825977,48.853276265989614],[2.268936012735005,48.8532549843614],[2.268902448737066,48.85324601769897],[2.26868791588367,48.85295442850103],[2.2684055559455376,48.852908773930025],[2.26838684201138,48.85289552431587],[2.268145807402337,48.85258153523413],[2.2664366423259086,48.85267283444075],[2.266195331183537,48.852437547358434],[2.266222495107452,48.85187207826716],[2.2661749475421686,48.85187005448782],[2.264830518827608,48.85301166879523],[2.2648238732962307,48.85302946142807],[2.2651122618768222,48.853083785477374],[2.265626302132188,48.85358849077848],[2.265460429155377,48.85397916459884],[2.2654769720368364,48.853999929891195],[2.2673195102639756,48.85464937647808],[2.267316807794766,48.85468609973401],[2.2661684037797247,48.85520378911678],[2.2661975877910447,48.85551588348461],[2.267458554370029,48.85523710487805],[2.269222038334745,48.854716683161655]]],"type":"Polygon"},"properties":{"id_bv":"16-22","arrondissement":"16","num_bv":22,"geo_point_2d":{"lon":2.2672708041398715,"lat":48.85374567352322},"created_user":null,"created_date":null,"last_edited_user":null,"last_edited_date":null,"st_area_shape":68166.45280362722,"st_perimeter_shape":1345.148262204389}},{"type":"Feature","geometry":{"coordinates":[[[2.2953407712451304,48.83414141523435],[2.2942206508975933,48.83297399781149],[2.2943338753525495,48.832947895965525],[2.293024271965462,48.83103602136957],[2.292954472987706,48.830672048804615],[2.291134178452778,48.83134858722488],[2.291398314507819,48.83167684137921],[2.28985335756453,48.83285406766036],[2.2905630277941564,48.83342755730491],[2.2919376862925307,48.83249598730822],[2.29216101792566,48.832628318707734],[2.2921628335701794,48.83330003029323],[2.293478282465035,48.83407650056895],[2.2939660412181313,48.83377714215915],[2.2944124730514766,48.83415062851452],[2.2953407712451304,48.83414141523435]]],"type":"Polygon"},"properties":{"id_bv":"15-53","arrondissement":"15","num_bv":53,"geo_point_2d":{"lon":2.292612453279858,"lat":48.83254412840489},"created_user":null,"created_date":null,"last_edited_user":null,"last_edited_date":null,"st_area_shape":65345.66990032146,"st_perimeter_shape":1427.5834379056726}},{"type":"Feature","geometry":{"coordinates":[[[2.394540623569922,48.88452778983848],[2.3943530490360487,48.88448014461298],[2.3946403623003816,48.88366223793903],[2.3927737403758815,48.88284756420172],[2.3927725189105717,48.88284999158321],[2.3912655916014915,48.88434202050487],[2.39198320161897,48.88463349130604],[2.3942228600403945,48.88486705528211],[2.3944084562816124,48.88495241733612],[2.394540623569922,48.88452778983848]]],"type":"Polygon"},"properties":{"id_bv":"19-22","arrondissement":"19","num_bv":22,"geo_point_2d":{"lon":2.3931154202360294,"lat":48.883997389872576},"created_user":null,"created_date":null,"last_edited_user":null,"last_edited_date":null,"st_area_shape":34445.14942712732,"st_perimeter_shape":764.7663328860585}},{"type":"Feature","geometry":{"coordinates":[[[2.369042130686645,48.83528293475598],[2.3689321345437153,48.83523957967898],[2.3681824667559246,48.83778967553982],[2.3649099646533807,48.84405346361269],[2.364907197969317,48.844180984479976],[2.3649721417183858,48.84431244152406],[2.3650073293656164,48.844349710707874],[2.365951721355118,48.84489299628094],[2.366086583939097,48.84489078175099],[2.368066834806485,48.843383705582006],[2.3724208365973056,48.84015878857219],[2.373081830527344,48.83967411553021],[2.3747859802757274,48.838130242348946],[2.3747726574957935,48.838060228272795],[2.3737746914930375,48.837564275086706],[2.3691398313689773,48.835343306553106],[2.3691492416407787,48.8353251530018],[2.369042130686645,48.83528293475598]]],"type":"Polygon"},"properties":{"id_bv":"13-33","arrondissement":"13","num_bv":33,"geo_point_2d":{"lon":2.3695036922527306,"lat":48.83982741473604},"created_user":null,"created_date":null,"last_edited_user":null,"last_edited_date":null,"st_area_shape":315364.6351230751,"st_perimeter_shape":2689.5432510659084}},{"type":"Feature","geometry":{"coordinates":[[[2.367630770136318,48.879761563479555],[2.3675864547830185,48.879752506054466],[2.3657154941803955,48.877544137882644],[2.365666801926739,48.87754881901765],[2.3654490208830317,48.87772806381159],[2.3648948912280328,48.87912052472465],[2.3635650432233772,48.8797943300835],[2.365220680601789,48.881146149876145],[2.3652251655553407,48.88114915673359],[2.3657460175464164,48.88157212275987],[2.3675810750599258,48.88063063076015],[2.367630770136318,48.879761563479555]]],"type":"Polygon"},"properties":{"id_bv":"10-22","arrondissement":"10","num_bv":22,"geo_point_2d":{"lon":2.3658409845111854,"lat":48.87978085916537},"created_user":null,"created_date":null,"last_edited_user":null,"last_edited_date":null,"st_area_shape":67618.82382435472,"st_perimeter_shape":1118.4376747283006}},{"type":"Feature","geometry":{"coordinates":[[[2.3598627033190462,48.871374356305566],[2.360342035417199,48.871484969803966],[2.3603479158817677,48.871481490211885],[2.360670111453582,48.87112364795513],[2.3605452031117062,48.870946229198175],[2.3607275159129877,48.870884632435825],[2.360138355293737,48.870326010330274],[2.358935491741624,48.870615291196785],[2.3579938147413095,48.86943684943977],[2.3577328725512197,48.869225288074354],[2.359403999501539,48.86872657496477],[2.3593161084444385,48.86840246325716],[2.3589305765621904,48.86845693870864],[2.356378482264899,48.8688333980296],[2.355770486790878,48.86897112484187],[2.357418885332355,48.871630205515686],[2.3578233048252955,48.87142880432941],[2.3598627033190462,48.871374356305566]]],"type":"Polygon"},"properties":{"id_bv":"10-3","arrondissement":"10","num_bv":3,"geo_point_2d":{"lon":2.3580432933295725,"lat":48.87014068973003},"created_user":null,"created_date":null,"last_edited_user":null,"last_edited_date":null,"st_area_shape":61146.7528201646,"st_perimeter_shape":1414.3457670499638}},{"type":"Feature","geometry":{"coordinates":[[[2.406267774513702,48.85149021519344],[2.406418196234469,48.85054009767916],[2.4063883920707925,48.85051525722726],[2.4050197690550696,48.85024477025425],[2.403717996878145,48.850016263149506],[2.403089305620708,48.84996337254065],[2.4024171382521136,48.84993117591441],[2.401974810953132,48.850951964000906],[2.4042388434286157,48.851220521554204],[2.4039925015959476,48.8521959614504],[2.4051880784549966,48.85231013324631],[2.40613728635975,48.852461642732926],[2.406267774513702,48.85149021519344]]],"type":"Polygon"},"properties":{"id_bv":"20-51","arrondissement":"20","num_bv":51,"geo_point_2d":{"lon":2.404524450982208,"lat":48.85104908143658},"created_user":null,"created_date":null,"last_edited_user":null,"last_edited_date":null,"st_area_shape":53430.94153464259,"st_perimeter_shape":1074.962199863561}},{"type":"Feature","geometry":{"coordinates":[[[2.3208896962289938,48.89045941024322],[2.320688859601973,48.88993978486301],[2.3197551766613103,48.88888025748671],[2.318830681952363,48.88938283517465],[2.3171461829279276,48.8902847837133],[2.31716220853805,48.89032268460984],[2.318517943250239,48.89162953719024],[2.319055181087906,48.89131952010321],[2.31982527693927,48.89087459711836],[2.321139849126118,48.89160445581129],[2.3219758129685077,48.89175618686764],[2.3219963694373718,48.8917246281197],[2.3208896962289938,48.89045941024322]]],"type":"Polygon"},"properties":{"id_bv":"17-28","arrondissement":"17","num_bv":28,"geo_point_2d":{"lon":2.3194207504291575,"lat":48.89041515227596},"created_user":null,"created_date":null,"last_edited_user":null,"last_edited_date":null,"st_area_shape":52348.87095978183,"st_perimeter_shape":1106.547034181169}},{"type":"Feature","geometry":{"coordinates":[[[2.3845631077190177,48.84542373404412],[2.3849976973187146,48.84376404637176],[2.385663162357011,48.84311762939067],[2.385532886136203,48.8430371206084],[2.3852864648820216,48.843272452606556],[2.384818688562793,48.8436455852114],[2.3834134625708856,48.844830931430145],[2.3834242834448567,48.84487559264942],[2.3834646961586143,48.844894702726435],[2.38451901679332,48.845441400831845],[2.3845631077190177,48.84542373404412]]],"type":"Polygon"},"properties":{"id_bv":"12-11","arrondissement":"12","num_bv":11,"geo_point_2d":{"lon":2.3844224804822733,"lat":48.844476861219455},"created_user":null,"created_date":null,"last_edited_user":null,"last_edited_date":null,"st_area_shape":12015.57859081878,"st_perimeter_shape":651.1616292456256}},{"type":"Feature","geometry":{"coordinates":[[[2.2671979645201823,48.84916462875259],[2.2674667781976017,48.84904710355943],[2.2673001045545385,48.84833910931879],[2.2684949865079775,48.84857016617161],[2.270126872903933,48.84820555926974],[2.2695609000141133,48.847689960110955],[2.2695617972846662,48.84767261141129],[2.270285821145746,48.84746097297814],[2.2700958180734614,48.84687963681947],[2.2700673148081085,48.846878656186654],[2.2689787715070806,48.84733122937423],[2.268950737062068,48.847331685832046],[2.2659591133156565,48.84431754660673],[2.264811922302628,48.844958247855956],[2.264851981226764,48.8453715913518],[2.2660414172432115,48.84625641550115],[2.2664867425680617,48.84752500474414],[2.266476084113355,48.84754248244968],[2.266394984207963,48.84754236741921],[2.26572857223063,48.84750245206451],[2.2652743785953677,48.84758437953188],[2.265182272571557,48.84844259851921],[2.2666203184867433,48.84898217220597],[2.2667101487711494,48.849017264752504],[2.2666983556987783,48.849028101779595],[2.266717255538954,48.84905658001663],[2.2667654253321503,48.84903763870124],[2.2671640512616373,48.849179445835055],[2.2671979645201823,48.84916462875259]]],"type":"Polygon"},"properties":{"id_bv":"16-33","arrondissement":"16","num_bv":33,"geo_point_2d":{"lon":2.267158756108453,"lat":48.84706526077983},"created_user":null,"created_date":null,"last_edited_user":null,"last_edited_date":null,"st_area_shape":94934.32394663764,"st_perimeter_shape":1811.7056324595503}},{"type":"Feature","geometry":{"coordinates":[[[2.3308633058122354,48.89589828639188],[2.332963229192527,48.896137905367205],[2.334834447200417,48.894704481066384],[2.3326916638209365,48.89424760586753],[2.332519808454928,48.89446932658047],[2.3317015893139805,48.89553892483028],[2.331212401723108,48.89574620072233],[2.3302065916849184,48.89552817322896],[2.3297674584925487,48.89559143966178],[2.328246255262235,48.89545033831176],[2.3282750479793863,48.89553884468784],[2.3288818614732776,48.89735994343016],[2.3289793561879626,48.89763868898798],[2.332029214776634,48.89769530325027],[2.331902554243242,48.89703407957957],[2.331887372612776,48.89701731699347],[2.331332461739551,48.89685339722186],[2.3308633058122354,48.89589828639188]]],"type":"Polygon"},"properties":{"id_bv":"18-42","arrondissement":"18","num_bv":42,"geo_point_2d":{"lon":2.331131658586329,"lat":48.896111982368694},"created_user":null,"created_date":null,"last_edited_user":null,"last_edited_date":null,"st_area_shape":76506.42707868057,"st_perimeter_shape":1663.8322266370046}},{"type":"Feature","geometry":{"coordinates":[[[2.346679233343663,48.864442887578626],[2.3477948102914525,48.864172602447475],[2.3477243259270706,48.86414415873854],[2.3476820221103454,48.86370069015987],[2.3465963553877383,48.86344784508262],[2.346131551525504,48.863169218882355],[2.3459267749728263,48.86294796594621],[2.344915170089349,48.86178691030179],[2.344684904196389,48.86186873316102],[2.3439568164224034,48.86336302750544],[2.3427817435812512,48.86370038425195],[2.34180565456534,48.86411075724323],[2.340694769105279,48.86463921745957],[2.340683548427829,48.8646561784619],[2.341826625266932,48.86559826493636],[2.346679233343663,48.864442887578626]]],"type":"Polygon"},"properties":{"id_bv":"1-5","arrondissement":"1","num_bv":5,"geo_point_2d":{"lon":2.3442748528493587,"lat":48.864033206974675},"created_user":null,"created_date":null,"last_edited_user":null,"last_edited_date":null,"st_area_shape":89170.99939660041,"st_perimeter_shape":1438.7753865000113}},{"type":"Feature","geometry":{"coordinates":[[[2.3902797965986524,48.88394546064257],[2.3912655916014915,48.88434202050487],[2.3927725189105717,48.88284999158321],[2.391135449370628,48.88298766596235],[2.39008850385299,48.882681364078735],[2.3881085078190694,48.883109310413765],[2.388062035916544,48.88322277831797],[2.387922312176018,48.88319621924962],[2.387462873925046,48.88429707351991],[2.386871051781317,48.88567671764836],[2.389110783491401,48.88601131560699],[2.3897597895572846,48.88607031217028],[2.389947655670716,48.88439594500498],[2.3902797965986524,48.88394546064257]]],"type":"Polygon"},"properties":{"id_bv":"19-23","arrondissement":"19","num_bv":23,"geo_point_2d":{"lon":2.389330580573904,"lat":48.884226201692165},"created_user":null,"created_date":null,"last_edited_user":null,"last_edited_date":null,"st_area_shape":82645.990209966,"st_perimeter_shape":1410.8352428053015}},{"type":"Feature","geometry":{"coordinates":[[[2.284557243374274,48.872652454504475],[2.2852156950809897,48.87022746056273],[2.28513404699361,48.87018158022514],[2.2845254643869466,48.86984056114012],[2.283476118697069,48.87007137257324],[2.282858179259334,48.869278839819714],[2.282811465478032,48.8692739777449],[2.282279415541663,48.86946581478166],[2.2822496372859473,48.869455735298104],[2.2810701394404935,48.867865385096046],[2.2804926894687,48.86849422752807],[2.280501166560609,48.8685120640047],[2.281025375055796,48.868830842177196],[2.2793626463792975,48.87072483096166],[2.2793135837075167,48.871605225155086],[2.28047098534628,48.872233798895934],[2.284466037710746,48.87269757536535],[2.284557243374274,48.872652454504475]]],"type":"Polygon"},"properties":{"id_bv":"16-58","arrondissement":"16","num_bv":58,"geo_point_2d":{"lon":2.282196532294249,"lat":48.870827168490884},"created_user":null,"created_date":null,"last_edited_user":null,"last_edited_date":null,"st_area_shape":131379.75488295226,"st_perimeter_shape":1661.247425183124}},{"type":"Feature","geometry":{"coordinates":[[[2.3509690096099836,48.88712897620254],[2.3507363827391643,48.88669687550535],[2.3497363368882263,48.88557921353149],[2.347606227824834,48.88652905302355],[2.347676373685487,48.886902296210344],[2.347655862658556,48.88692128526727],[2.3476814557513586,48.886926179443236],[2.3481229975259437,48.888932180942085],[2.3481498761162927,48.888950818294916],[2.3494994566366225,48.88937358281211],[2.3495336398068556,48.88935198416709],[2.3495571504777653,48.887512161180155],[2.3495790518930355,48.88748925470323],[2.3500718203911686,48.88747777237377],[2.3509690096099836,48.88712897620254]]],"type":"Polygon"},"properties":{"id_bv":"18-18","arrondissement":"18","num_bv":18,"geo_point_2d":{"lon":2.3490689397839026,"lat":48.88732685950072},"created_user":null,"created_date":null,"last_edited_user":null,"last_edited_date":null,"st_area_shape":56209.595168308,"st_perimeter_shape":1091.650034432957}},{"type":"Feature","geometry":{"coordinates":[[[2.324273466051981,48.843130415100276],[2.324773895053103,48.841418545816424],[2.3247481313524223,48.840768360004304],[2.3253638685835387,48.840495389523255],[2.3264819896148046,48.83833243824433],[2.32303630733658,48.8375179757424],[2.3229949302092283,48.83745964859521],[2.322923357866037,48.83761977192124],[2.3228300711784535,48.83764917215464],[2.322897854868272,48.83767961998765],[2.321874860427365,48.84012971830415],[2.321541286183411,48.84091675974118],[2.3214898309664718,48.840986631093934],[2.3241580481045663,48.84314242076455],[2.324273466051981,48.843130415100276]]],"type":"Polygon"},"properties":{"id_bv":"14-33","arrondissement":"14","num_bv":33,"geo_point_2d":{"lon":2.323836898941101,"lat":48.83998431562858},"created_user":null,"created_date":null,"last_edited_user":null,"last_edited_date":null,"st_area_shape":123258.55920900132,"st_perimeter_shape":1582.9257310366343}},{"type":"Feature","geometry":{"coordinates":[[[2.2776012452785444,48.842535870415006],[2.2777174850972903,48.84248700982378],[2.278068525147894,48.842911542082355],[2.278090884702839,48.84292032984987],[2.278261865074377,48.84287168484941],[2.2782657792568637,48.84284820613863],[2.277950095846483,48.8424441974263],[2.2779713779224515,48.84242275179323],[2.2794690108593545,48.84199111731829],[2.2799000599305765,48.84167747897218],[2.279918867328139,48.84165676186733],[2.28071099885871,48.841401835158514],[2.2797727560120564,48.84030659203483],[2.2785335269476525,48.84042886053846],[2.276947113670127,48.84050451998405],[2.2763929433547307,48.83973039736349],[2.27056435840572,48.841673366724464],[2.2730362581013703,48.84421704685976],[2.277220232617737,48.842726577341914],[2.277327941304244,48.842653209024455],[2.2776012452785444,48.842535870415006]]],"type":"Polygon"},"properties":{"id_bv":"15-80","arrondissement":"15","num_bv":80,"geo_point_2d":{"lon":2.2753865994072515,"lat":48.84182708823696},"created_user":null,"created_date":null,"last_edited_user":null,"last_edited_date":null,"st_area_shape":187845.50267526988,"st_perimeter_shape":2013.2044685600486}},{"type":"Feature","geometry":{"coordinates":[[[2.323226009485307,48.8814372620924],[2.3236392552593164,48.88121098227646],[2.3236249260900954,48.88119602094474],[2.3237603256616133,48.8807356369926],[2.3235147358226858,48.880551136052446],[2.3237054557796037,48.880344922378264],[2.3234792040620786,48.87999460865102],[2.3222278839169648,48.88038901830962],[2.3215039828561665,48.880261354644055],[2.3214685009242833,48.88026571227591],[2.3214125464162634,48.88032554444091],[2.321386433533961,48.88032748737883],[2.320300511180476,48.88014032684476],[2.317770382512864,48.88095443688595],[2.317638363534409,48.88092356757807],[2.317623533593086,48.880906271584166],[2.3169930548222446,48.88108486896046],[2.3168434389954125,48.88136916730541],[2.320264182224277,48.88206381372512],[2.3203047098044998,48.882119711659996],[2.3203394558606125,48.88207958550161],[2.3233505327089397,48.882691323467604],[2.323226009485307,48.8814372620924]]],"type":"Polygon"},"properties":{"id_bv":"8-6","arrondissement":"8","num_bv":6,"geo_point_2d":{"lon":2.320958587455082,"lat":48.8812442185009},"created_user":null,"created_date":null,"last_edited_user":null,"last_edited_date":null,"st_area_shape":84872.92486674852,"st_perimeter_shape":1389.4521335987201}},{"type":"Feature","geometry":{"coordinates":[[[2.325270618933786,48.88522760673665],[2.3234952850868456,48.88426846009443],[2.323021453987748,48.884330791819934],[2.321726936104815,48.88538954309771],[2.321647955428338,48.8857718354187],[2.322933415216071,48.88686646315526],[2.3230306177596525,48.88695687375161],[2.324557968013168,48.88593350002751],[2.3245856953152444,48.88576282331372],[2.325270618933786,48.88522760673665]]],"type":"Polygon"},"properties":{"id_bv":"17-3","arrondissement":"17","num_bv":3,"geo_point_2d":{"lon":2.3233200943882704,"lat":48.88552115641183},"created_user":null,"created_date":null,"last_edited_user":null,"last_edited_date":null,"st_area_shape":43755.92741410834,"st_perimeter_shape":820.7866605829789}},{"type":"Feature","geometry":{"coordinates":[[[2.328124972368596,48.869855788860754],[2.3299586971342436,48.868515255673586],[2.3307166708015075,48.868171115047474],[2.3307172415915005,48.868159687579265],[2.3308406070101197,48.86567149001252],[2.3300648343454164,48.86480736786948],[2.3301276477264974,48.86446733020754],[2.330021445925202,48.86442309582132],[2.3236137279428717,48.86648315818948],[2.3235814069149967,48.86653247732194],[2.3253126345582946,48.86901508714401],[2.325168701042812,48.869422789915824],[2.325215379040295,48.86946396780412],[2.3259095749243284,48.86958404398557],[2.32801185433049,48.869937985101366],[2.328124972368596,48.869855788860754]]],"type":"Polygon"},"properties":{"id_bv":"1-10","arrondissement":"1","num_bv":10,"geo_point_2d":{"lon":2.3276552657282075,"lat":48.86725513306891},"created_user":null,"created_date":null,"last_edited_user":null,"last_edited_date":null,"st_area_shape":207607.98550608646,"st_perimeter_shape":1814.5354524307122}},{"type":"Feature","geometry":{"coordinates":[[[2.3399950392531705,48.87936351961155],[2.3398046753337147,48.878917914781546],[2.339604914483729,48.87816220837871],[2.3395877337524054,48.8779043039536],[2.339541324379772,48.87788314197863],[2.3392683399085707,48.8769053457826],[2.3392219773417864,48.8768944381453],[2.3380435401777406,48.87812149936363],[2.337586180764569,48.87888813364805],[2.3369445802236313,48.87901315784343],[2.3362874691163644,48.8796825647797],[2.3361005677451137,48.879645869861704],[2.335270586286208,48.880294377534135],[2.3352381543925205,48.88029777770065],[2.335247482065086,48.880313084888066],[2.335070864138301,48.880458820424415],[2.335940019604978,48.8810548490897],[2.3359516404034237,48.881015676554846],[2.3377092933717196,48.88086471098593],[2.3382899761545777,48.88065723700798],[2.3382904104076676,48.88063583078794],[2.337430355415462,48.88000062252093],[2.3374470616111767,48.8799846501839],[2.3399950392531705,48.87936351961155]]],"type":"Polygon"},"properties":{"id_bv":"9-11","arrondissement":"9","num_bv":11,"geo_point_2d":{"lon":2.3378147887297263,"lat":48.879355239682255},"created_user":null,"created_date":null,"last_edited_user":null,"last_edited_date":null,"st_area_shape":63914.57711881055,"st_perimeter_shape":1381.6066345345253}},{"type":"Feature","geometry":{"coordinates":[[[2.3530598829389175,48.85804628271869],[2.352410130391704,48.85730779310483],[2.3524276222186464,48.85728785652957],[2.353725222387256,48.856892692795384],[2.352508292991084,48.854710239572626],[2.3524302763839064,48.85469838031425],[2.349926283010509,48.85576856124532],[2.3468665404977243,48.856689261698946],[2.346825696911729,48.85676780037432],[2.3470034650724423,48.857047367168875],[2.3475556009117686,48.85734489658904],[2.348200244306433,48.85853156543862],[2.348146168250802,48.85854908341025],[2.3482325077971433,48.85857795336532],[2.348831526651105,48.85963252606965],[2.3494952268170137,48.859415310426854],[2.3495660556742335,48.859307419178805],[2.3502386013545764,48.859089429958146],[2.35029880532426,48.85904064876133],[2.350546430546293,48.858995792438854],[2.351270291486248,48.85865968011945],[2.3515915197818416,48.85859342578512],[2.3530598829389175,48.85804628271869]]],"type":"Polygon"},"properties":{"id_bv":"4-11","arrondissement":"4","num_bv":11,"geo_point_2d":{"lon":2.3504501059906855,"lat":48.857152524633136},"created_user":null,"created_date":null,"last_edited_user":null,"last_edited_date":null,"st_area_shape":145647.95174385235,"st_perimeter_shape":1666.2603095210654}},{"type":"Feature","geometry":{"coordinates":[[[2.294575282119426,48.838050388440415],[2.294704841785745,48.83783785380937],[2.2945438350105616,48.83747802881],[2.293911465961196,48.83610533971541],[2.2933671191825185,48.835805225707155],[2.2932288406634527,48.8360943559676],[2.290557218452299,48.83602907162077],[2.2899492286780814,48.835875845014264],[2.289709696050599,48.83580774324327],[2.2894593715220912,48.8373534225762],[2.290473160325424,48.83743714891723],[2.2913354956185064,48.837851729034654],[2.291951164830631,48.8373926820605],[2.292868884905132,48.83782976461515],[2.29274480381723,48.8379198397258],[2.293784802822916,48.83841124132751],[2.294575282119426,48.838050388440415]]],"type":"Polygon"},"properties":{"id_bv":"15-68","arrondissement":"15","num_bv":68,"geo_point_2d":{"lon":2.2921726055333065,"lat":48.836964756573195},"created_user":null,"created_date":null,"last_edited_user":null,"last_edited_date":null,"st_area_shape":68273.53282572467,"st_perimeter_shape":1230.990504770257}},{"type":"Feature","geometry":{"coordinates":[[[2.290262501555335,48.83364373360249],[2.2905630277941564,48.83342755730491],[2.28985335756453,48.83285406766036],[2.291398314507819,48.83167684137921],[2.291134178452778,48.83134858722488],[2.288885194301169,48.82857682445396],[2.288875251542841,48.828568735668824],[2.284714427196905,48.830297774838996],[2.2806049396240984,48.831904407093184],[2.280683643042792,48.831918167874136],[2.2866993427362043,48.832790781843805],[2.2879784481988934,48.833094265902695],[2.287991486593548,48.83310177776662],[2.2864357429940894,48.833762956258944],[2.286425099220271,48.83376950856852],[2.2876440234368047,48.83449049650228],[2.2879174766793304,48.83433503450975],[2.289043118483,48.835120950998714],[2.2900248471405393,48.835332319992226],[2.290262501555335,48.83364373360249]]],"type":"Polygon"},"properties":{"id_bv":"15-71","arrondissement":"15","num_bv":71,"geo_point_2d":{"lon":2.2873602302234644,"lat":48.831717188870456},"created_user":null,"created_date":null,"last_edited_user":null,"last_edited_date":null,"st_area_shape":247849.3680440584,"st_perimeter_shape":2619.1154841874795}},{"type":"Feature","geometry":{"coordinates":[[[2.315247367522359,48.8315195704735],[2.3161600123642914,48.83036853996214],[2.318106451221024,48.829762776084515],[2.3182070075661048,48.82967807323027],[2.3191706022658667,48.82934226010758],[2.319375262811897,48.82918365799903],[2.3202999302431726,48.8288309424355],[2.32031263946199,48.82870892248676],[2.3216461620244737,48.82819480491897],[2.321011561651204,48.82759201963755],[2.317321598626394,48.8292247435709],[2.3172278050774557,48.82918235115304],[2.3172229126524533,48.82916742684692],[2.3139895633446983,48.830588980983414],[2.3151926722699785,48.83154360429342],[2.315247367522359,48.8315195704735]]],"type":"Polygon"},"properties":{"id_bv":"14-48","arrondissement":"14","num_bv":48,"geo_point_2d":{"lon":2.3176866475859663,"lat":48.82948641234555},"created_user":null,"created_date":null,"last_edited_user":null,"last_edited_date":null,"st_area_shape":52155.26842044496,"st_perimeter_shape":1468.775542197287}},{"type":"Feature","geometry":{"coordinates":[[[2.334615338603468,48.82646770707334],[2.3365072213506233,48.826699564913476],[2.3365081144015307,48.826741776718514],[2.336793324616632,48.826603116228355],[2.3372734910783763,48.824340989599925],[2.3319698855762376,48.82375831115891],[2.3309594920261514,48.82395714812],[2.331699103043315,48.82592983109288],[2.3321170890311773,48.82686228344545],[2.334615338603468,48.82646770707334]]],"type":"Polygon"},"properties":{"id_bv":"14-37","arrondissement":"14","num_bv":37,"geo_point_2d":{"lon":2.3341143830953444,"lat":48.82526201358007},"created_user":null,"created_date":null,"last_edited_user":null,"last_edited_date":null,"st_area_shape":119161.47733902241,"st_perimeter_shape":1420.7822479645604}},{"type":"Feature","geometry":{"coordinates":[[[2.279893534843571,48.86088507548808],[2.2800670186517813,48.86103699862677],[2.280962774818114,48.86052367756819],[2.2810193578923386,48.86022428045628],[2.279667563723614,48.859916381615],[2.279272797247015,48.859813264288306],[2.2786981542984313,48.859094710482886],[2.2783273189127287,48.859044566853854],[2.2780736113772027,48.8588447059458],[2.2775898116755964,48.85914676531122],[2.2771379277659687,48.85901247683581],[2.276866422474164,48.85800737701999],[2.274893275869416,48.858161775004305],[2.2751942765187314,48.859559056078055],[2.276745620423579,48.85935428026851],[2.2770835462045875,48.86063097020773],[2.2783414571606833,48.861740233363065],[2.279893534843571,48.86088507548808]]],"type":"Polygon"},"properties":{"id_bv":"16-7","arrondissement":"16","num_bv":7,"geo_point_2d":{"lon":2.277810794748486,"lat":48.85982495498363},"created_user":null,"created_date":null,"last_edited_user":null,"last_edited_date":null,"st_area_shape":75038.27674024679,"st_perimeter_shape":1488.9909700072608}},{"type":"Feature","geometry":{"coordinates":[[[2.377846071028727,48.86443818486372],[2.3781028147853203,48.86450734586131],[2.379293016228219,48.863062074231166],[2.3796153612958175,48.86270287953526],[2.377354011033987,48.86164501565234],[2.3770218126430107,48.862020407208654],[2.376441431709242,48.86276311453822],[2.37632325439867,48.86279296401055],[2.3763773976194504,48.86284432619283],[2.3756343829829856,48.86380190346099],[2.37473635807391,48.86500427250389],[2.3747747136201145,48.86504283522467],[2.377846071028727,48.86443818486372]]],"type":"Polygon"},"properties":{"id_bv":"11-37","arrondissement":"11","num_bv":37,"geo_point_2d":{"lon":2.3772962132333904,"lat":48.86342143941958},"created_user":null,"created_date":null,"last_edited_user":null,"last_edited_date":null,"st_area_shape":63815.46847502941,"st_perimeter_shape":1119.4653659803896}},{"type":"Feature","geometry":{"coordinates":[[[2.38198239731558,48.85393493970368],[2.382282826222495,48.85399489665577],[2.3832104119250688,48.852529517928026],[2.3840400183932635,48.851174139342895],[2.3819585877042733,48.85118137858113],[2.381941408821116,48.85117858818727],[2.3815768549614176,48.850564641633454],[2.3802555615700247,48.85058926704121],[2.3811766080747367,48.852414636111256],[2.380846888832431,48.852688452223475],[2.3803111582882104,48.85356281177394],[2.380409743262596,48.85358751394593],[2.380406032943926,48.85360120713832],[2.379877281996997,48.85425586016291],[2.3793834587560827,48.854874518036716],[2.38198239731558,48.85393493970368]]],"type":"Polygon"},"properties":{"id_bv":"11-6","arrondissement":"11","num_bv":6,"geo_point_2d":{"lon":2.3817465504295794,"lat":48.852484050093736},"created_user":null,"created_date":null,"last_edited_user":null,"last_edited_date":null,"st_area_shape":69554.12952436943,"st_perimeter_shape":1431.1757267922037}},{"type":"Feature","geometry":{"coordinates":[[[2.33393806070781,48.88790722637981],[2.3343203892387936,48.88792309697115],[2.3361253991525266,48.887431674079444],[2.3374745334213394,48.88763107219514],[2.3393923623869353,48.88703270974042],[2.3394307033197608,48.88699586267808],[2.3391009852872435,48.88671831289511],[2.3388460980643297,48.886403039334624],[2.33875973794808,48.88629556036201],[2.338267418941251,48.886331223792546],[2.338206416614047,48.88632066307003],[2.3380037618550777,48.88623552842335],[2.3378786677509695,48.88590668253295],[2.337942955420296,48.885645712874656],[2.3375161838577667,48.88503405497114],[2.337479393359834,48.88506137447546],[2.3352517914194784,48.885895184758205],[2.3352233253979935,48.885885047758805],[2.3350916465447153,48.88571138999846],[2.3350112981477915,48.8857365485697],[2.3349932886840947,48.88577182545137],[2.3345452796392294,48.88664678347804],[2.3339443694841817,48.88721049385882],[2.333265799503541,48.88763534408698],[2.3332538265868474,48.88765679742904],[2.3336394458380316,48.888123497995764],[2.33393806070781,48.88790722637981]]],"type":"Polygon"},"properties":{"id_bv":"18-28","arrondissement":"18","num_bv":28,"geo_point_2d":{"lon":2.3363950157084763,"lat":48.88669344970958},"created_user":null,"created_date":null,"last_edited_user":null,"last_edited_date":null,"st_area_shape":72887.81118314277,"st_perimeter_shape":1294.8384161772608}},{"type":"Feature","geometry":{"coordinates":[[[2.287063677875433,48.86294981770775],[2.287073196218899,48.862971350045974],[2.2871877610881364,48.86292583902966],[2.287451466109267,48.86275014973639],[2.2874565662039106,48.86267305792171],[2.286518698334626,48.8620776161198],[2.281164689966727,48.860230134156986],[2.2810657522065854,48.86021722134634],[2.2810193578923386,48.86022428045628],[2.280962774818114,48.86052367756819],[2.2800670186517813,48.86103699862677],[2.2817950526279045,48.86261499426983],[2.2818042726201875,48.862636154722985],[2.28154571859912,48.863519199109724],[2.2816386966505813,48.863577859910066],[2.281746273964997,48.86356721511858],[2.287063677875433,48.86294981770775]]],"type":"Polygon"},"properties":{"id_bv":"16-9","arrondissement":"16","num_bv":9,"geo_point_2d":{"lon":2.283399790185101,"lat":48.86208070567163},"created_user":null,"created_date":null,"last_edited_user":null,"last_edited_date":null,"st_area_shape":101117.99696171688,"st_perimeter_shape":1451.0934725866873}},{"type":"Feature","geometry":{"coordinates":[[[2.3751170568180733,48.89187668725419],[2.375119114636319,48.89185227425121],[2.3738033296417975,48.89099782600907],[2.3738041982234823,48.89097856259536],[2.374046544486108,48.89072948202762],[2.3721956687184758,48.88971505015252],[2.3721739559070745,48.88973053145932],[2.3723439350934425,48.89129184011954],[2.372527922075432,48.89154658733021],[2.372663613678185,48.89188321793238],[2.372696550548855,48.89187009942111],[2.374820343586265,48.8921404757694],[2.3751170568180733,48.89187668725419]]],"type":"Polygon"},"properties":{"id_bv":"19-68","arrondissement":"19","num_bv":68,"geo_point_2d":{"lon":2.3733424740549776,"lat":48.8911522099615},"created_user":null,"created_date":null,"last_edited_user":null,"last_edited_date":null,"st_area_shape":27955.041834909392,"st_perimeter_shape":794.1138614074615}},{"type":"Feature","geometry":{"coordinates":[[[2.3033172528788786,48.85876038247971],[2.3015100641660893,48.85815050963023],[2.3015191762529414,48.858131556751665],[2.302595512488105,48.85765215130734],[2.3032219100932054,48.85675923920162],[2.3033052466240194,48.856639414905366],[2.3026702635386194,48.85626968278075],[2.302663833665953,48.85625121839991],[2.303164528846538,48.85591930844574],[2.3031525347267587,48.85579103892214],[2.30310277696139,48.85578739903975],[2.3000426875319264,48.85774103175077],[2.3000403543407906,48.85776292999572],[2.300009665972169,48.858020288039036],[2.2986701108667913,48.85884047984144],[2.2986905818267096,48.858864572109155],[2.3001709553827956,48.85914214743305],[2.3005552095026873,48.85903302425297],[2.30081309578605,48.859773888330494],[2.3033172528788786,48.85876038247971]]],"type":"Polygon"},"properties":{"id_bv":"7-22","arrondissement":"7","num_bv":22,"geo_point_2d":{"lon":2.3013566590870154,"lat":48.85806399217602},"created_user":null,"created_date":null,"last_edited_user":null,"last_edited_date":null,"st_area_shape":59476.91033959932,"st_perimeter_shape":1429.1625277771354}},{"type":"Feature","geometry":{"coordinates":[[[2.348672770493517,48.87940941458973],[2.3494284425638625,48.879621027447435],[2.3494814690623023,48.87958303729582],[2.349294186750078,48.8790609306875],[2.3491921604161585,48.87851675152643],[2.3491133546999734,48.87746866904898],[2.349056787975847,48.87744380604703],[2.3490521352438263,48.877434468138375],[2.349082594068263,48.87743031335495],[2.348654456327716,48.87662630942789],[2.3485746274139303,48.87662488757967],[2.3461587340911456,48.87658204846091],[2.34613325756478,48.87661617938626],[2.3463384440675443,48.87668125080068],[2.347348109242564,48.876914608961314],[2.3473598223782304,48.87693607429711],[2.3472299419571043,48.87779468499708],[2.3469445039832233,48.877844071017634],[2.3469256055515983,48.87785802811557],[2.347638981079804,48.87870786179886],[2.3476391029544152,48.878727958072524],[2.3473008750928104,48.87901589864128],[2.346612162216098,48.87958221559293],[2.346618806903312,48.87960741519501],[2.3474210939502806,48.87955105020948],[2.348672770493517,48.87940941458973]]],"type":"Polygon"},"properties":{"id_bv":"9-22","arrondissement":"9","num_bv":22,"geo_point_2d":{"lon":2.3481298913332584,"lat":48.87811766250628},"created_user":null,"created_date":null,"last_edited_user":null,"last_edited_date":null,"st_area_shape":45914.32997768462,"st_perimeter_shape":1197.7541904604736}},{"type":"Feature","geometry":{"coordinates":[[[2.373516433394292,48.87819647503537],[2.374205888305546,48.87828222872715],[2.3740893637470366,48.8777830507218],[2.374131342353535,48.8771665252724],[2.3737845136734914,48.87676018808455],[2.3732192567075785,48.87647407665805],[2.373169465361686,48.87648344420847],[2.37284887479257,48.87673958317455],[2.372811960057249,48.87674766723621],[2.372172871328585,48.87647295065268],[2.3720696956282428,48.8764842150421],[2.3703259516539625,48.8779511349671],[2.370274381805497,48.87799601827312],[2.3703362119745615,48.87805172616892],[2.3713199848123474,48.879045059562564],[2.373516433394292,48.87819647503537]]],"type":"Polygon"},"properties":{"id_bv":"19-8","arrondissement":"19","num_bv":8,"geo_point_2d":{"lon":2.372340495892335,"lat":48.877699212531574},"created_user":null,"created_date":null,"last_edited_user":null,"last_edited_date":null,"st_area_shape":50261.149846070984,"st_perimeter_shape":927.4063897574181}},{"type":"Feature","geometry":{"coordinates":[[[2.363292422656799,48.82324619839554],[2.3633093136450927,48.82320770865342],[2.362416109721387,48.8229962835312],[2.3610842334924396,48.824719411913016],[2.3599548603234766,48.82615306511117],[2.35988147676225,48.826153504257874],[2.359916608361659,48.826202477995686],[2.359414078749172,48.826841780686024],[2.3594389003436858,48.82689595615161],[2.362447890879531,48.827616604786684],[2.363686000985643,48.826585553394075],[2.3624708372509144,48.8249912835074],[2.36399024250993,48.82416451037911],[2.362920731703504,48.823833676614534],[2.363292422656799,48.82324619839554]]],"type":"Polygon"},"properties":{"id_bv":"13-16","arrondissement":"13","num_bv":16,"geo_point_2d":{"lon":2.3618722916588415,"lat":48.825648878613904},"created_user":null,"created_date":null,"last_edited_user":null,"last_edited_date":null,"st_area_shape":83683.0722806072,"st_perimeter_shape":1448.5195922985035}},{"type":"Feature","geometry":{"coordinates":[[[2.3587669093363344,48.83537598387094],[2.358787968601794,48.83538332048885],[2.360946720866643,48.833690305719706],[2.3608271392812714,48.833246242736394],[2.3619401740347223,48.83289681424567],[2.3608982828101372,48.83254939031624],[2.35847863355597,48.83172959610035],[2.358323430807299,48.83170310807621],[2.356184966547435,48.83098084015716],[2.3561676688302597,48.830928204860385],[2.355643183016307,48.83139678399397],[2.355552115748072,48.83140422848258],[2.3556232891439706,48.83144256992445],[2.3556123035553047,48.83146242461239],[2.3556435752574147,48.83147019188022],[2.3559274505283025,48.83263712807032],[2.3561232277984248,48.83287575796545],[2.356125138224711,48.83305108601554],[2.356449381632314,48.83325135345319],[2.3566309481344803,48.8335434831306],[2.357286780442788,48.83455198096812],[2.35730736376269,48.834561412624836],[2.3576704069800094,48.834289854939804],[2.357690935955095,48.834298939984095],[2.358514441469606,48.8355455225684],[2.3585364313058776,48.835553410136164],[2.3587669093363344,48.83537598387094]]],"type":"Polygon"},"properties":{"id_bv":"13-3","arrondissement":"13","num_bv":3,"geo_point_2d":{"lon":2.358360233326082,"lat":48.833081473701114},"created_user":null,"created_date":null,"last_edited_user":null,"last_edited_date":null,"st_area_shape":112506.2152474252,"st_perimeter_shape":1544.727826158145}},{"type":"Feature","geometry":{"coordinates":[[[2.383336794106875,48.88494806621204],[2.383018345045687,48.88480048491891],[2.3831082147360867,48.8842563451786],[2.382340333332252,48.884020665931864],[2.3819060647909023,48.884767626188825],[2.381144712727301,48.88470226402394],[2.381738132567106,48.88285144407248],[2.381506941723728,48.88258412375909],[2.381001304814458,48.882814403983595],[2.380394355681937,48.88273229268922],[2.3788675192320095,48.88458090000424],[2.3794849185657054,48.88481541784737],[2.3821955410564346,48.885860808218766],[2.3821822233348198,48.885865971770855],[2.382258164429776,48.88588024647537],[2.383336794106875,48.88494806621204]]],"type":"Polygon"},"properties":{"id_bv":"19-2","arrondissement":"19","num_bv":2,"geo_point_2d":{"lon":2.3810819961352623,"lat":48.8843388609123},"created_user":null,"created_date":null,"last_edited_user":null,"last_edited_date":null,"st_area_shape":54827.93360736305,"st_perimeter_shape":1285.776615582404}},{"type":"Feature","geometry":{"coordinates":[[[2.2840853827475214,48.8507184417576],[2.2854914360941008,48.85073204860109],[2.2855937719590433,48.85067806928329],[2.2856963350551993,48.85062171421797],[2.2861072472605364,48.849643690270284],[2.287512931229936,48.84912913460368],[2.28633483040115,48.84775658230196],[2.286330106460243,48.8477456942932],[2.286467603439448,48.847715169741996],[2.2861443973169,48.84738819771238],[2.285702724038712,48.846802450803466],[2.284569366859834,48.847499346754084],[2.2841448447846853,48.84777803887333],[2.2840009946802806,48.847770177415576],[2.2840550641355506,48.84783694427435],[2.2815833694310803,48.849357040035706],[2.2800200068260312,48.850328037940756],[2.280019152580202,48.85039746005221],[2.2821579451235308,48.85191807626798],[2.2822518156848863,48.851924538323615],[2.2840853827475214,48.8507184417576]]],"type":"Polygon"},"properties":{"id_bv":"15-10","arrondissement":"15","num_bv":10,"geo_point_2d":{"lon":2.2838999025242677,"lat":48.8495017756468},"created_user":null,"created_date":null,"last_edited_user":null,"last_edited_date":null,"st_area_shape":140219.03965168202,"st_perimeter_shape":1674.3034173049136}},{"type":"Feature","geometry":{"coordinates":[[[2.4078935666915746,48.84475891847207],[2.4078986834852,48.844550934482236],[2.407922607873456,48.84453440850867],[2.408952716557036,48.84444176108966],[2.4088239567679652,48.84387637328095],[2.408854443956337,48.84384496821563],[2.408799773426657,48.843844308633784],[2.4077429491236018,48.84150552751997],[2.4076828775165793,48.84148937980347],[2.4054292428222626,48.84321429343934],[2.4053734646309937,48.84321368434156],[2.405270883711581,48.84292396537504],[2.404776039766066,48.84298344122024],[2.4051650813549235,48.84425239569949],[2.405727037581697,48.8446802755213],[2.405792134344443,48.844922582265326],[2.4078935666915746,48.84475891847207]]],"type":"Polygon"},"properties":{"id_bv":"12-35","arrondissement":"12","num_bv":35,"geo_point_2d":{"lon":2.406965914336385,"lat":48.84351897940444},"created_user":null,"created_date":null,"last_edited_user":null,"last_edited_date":null,"st_area_shape":68202.54107395251,"st_perimeter_shape":1166.7870905152665}},{"type":"Feature","geometry":{"coordinates":[[[2.320300511180476,48.88014032684476],[2.321386433533961,48.88032748737883],[2.3214125464162634,48.88032554444091],[2.3214685009242833,48.88026571227591],[2.3215039828561665,48.880261354644055],[2.3222278839169648,48.88038901830962],[2.3234792040620786,48.87999460865102],[2.323352032528368,48.8790342614165],[2.3233112715994455,48.87902553499922],[2.3219209643919707,48.879457825604675],[2.321884232945104,48.87945043455822],[2.3198162747238382,48.87825627294517],[2.318885104298494,48.878298522976074],[2.317360170894619,48.87807882567681],[2.316878497366469,48.8790328994742],[2.3172003501255287,48.87938079295331],[2.3182068171489947,48.87952972493586],[2.318192783407384,48.88063844633168],[2.317623533593086,48.880906271584166],[2.317638363534409,48.88092356757807],[2.317770382512864,48.88095443688595],[2.320300511180476,48.88014032684476]]],"type":"Polygon"},"properties":{"id_bv":"8-5","arrondissement":"8","num_bv":5,"geo_point_2d":{"lon":2.3198734913743286,"lat":48.87941518552944},"created_user":null,"created_date":null,"last_edited_user":null,"last_edited_date":null,"st_area_shape":78704.26945395245,"st_perimeter_shape":1488.089228739588}},{"type":"Feature","geometry":{"coordinates":[[[2.3977884931584694,48.87836615248729],[2.3969285167897723,48.8781851563899],[2.395725996228013,48.87770452065058],[2.3953077401230227,48.877601162102664],[2.3953062350387886,48.87806113662091],[2.3961179547135893,48.87924042802604],[2.396389005640538,48.87967595214339],[2.3965829156486915,48.880403129917056],[2.396744660487949,48.880403063702545],[2.396748657542309,48.88039219118504],[2.396472196935879,48.87943830581641],[2.3980980066691697,48.879436083912644],[2.3977884931584694,48.87836615248729]]],"type":"Polygon"},"properties":{"id_bv":"19-34","arrondissement":"19","num_bv":34,"geo_point_2d":{"lon":2.3966696407978465,"lat":48.8787278363873},"created_user":null,"created_date":null,"last_edited_user":null,"last_edited_date":null,"st_area_shape":26262.292992498296,"st_perimeter_shape":893.1634194395092}},{"type":"Feature","geometry":{"coordinates":[[[2.317360170894619,48.87807882567681],[2.318885104298494,48.878298522976074],[2.3198162747238382,48.87825627294517],[2.3197824848094633,48.87823734597277],[2.3188896411557756,48.87674053855489],[2.318754592140976,48.8756532784176],[2.318735724343141,48.87563341436396],[2.3183536932743607,48.8755903538359],[2.318332607339629,48.87556528160451],[2.318470916416821,48.87496211156132],[2.318431410638696,48.87494643867924],[2.317033752273732,48.87514117480957],[2.3170096998056664,48.8751329875915],[2.316918014207153,48.87499895478462],[2.3169153590146734,48.87497883399679],[2.3174784983698475,48.87419619037066],[2.314270281482315,48.87365039247062],[2.314189672789873,48.87368197688367],[2.3140155923658527,48.87515915320675],[2.314046679771744,48.87517882184229],[2.315575791300648,48.87546445129911],[2.3156018425337153,48.875480105753915],[2.3154489228324797,48.877932726234995],[2.3154111246243976,48.8785910523714],[2.315960265258765,48.878607470088944],[2.316878497366469,48.8790328994742],[2.317360170894619,48.87807882567681]]],"type":"Polygon"},"properties":{"id_bv":"8-1","arrondissement":"8","num_bv":1,"geo_point_2d":{"lon":2.3167809540204365,"lat":48.87629375186634},"created_user":null,"created_date":null,"last_edited_user":null,"last_edited_date":null,"st_area_shape":129539.45205312656,"st_perimeter_shape":1931.0890810128274}},{"type":"Feature","geometry":{"coordinates":[[[2.3993360954577723,48.87069533619001],[2.401417229884907,48.86834031312943],[2.401062183248003,48.8678582098479],[2.400723674394968,48.86747757314843],[2.4001583662309764,48.86808124573712],[2.399643928705667,48.868641319785496],[2.399196281121554,48.8685322701153],[2.398419250464802,48.869189226135326],[2.398314598300942,48.86938177150679],[2.3972660490153928,48.87020716981105],[2.3972947701971075,48.87024007904616],[2.3976180288809923,48.870272497793124],[2.3977215971625068,48.8703007041279],[2.398195795083135,48.870481577726395],[2.399250624470679,48.870793386275516],[2.3993360954577723,48.87069533619001]]],"type":"Polygon"},"properties":{"id_bv":"20-6","arrondissement":"20","num_bv":6,"geo_point_2d":{"lon":2.3995086887926456,"lat":48.86931695960135},"created_user":null,"created_date":null,"last_edited_user":null,"last_edited_date":null,"st_area_shape":44110.97448605337,"st_perimeter_shape":1007.6457292566782}},{"type":"Feature","geometry":{"coordinates":[[[2.3555344798245703,48.83149678576869],[2.35560703809451,48.831499695860884],[2.3556123035553047,48.83146242461239],[2.3556232891439706,48.83144256992445],[2.355552115748072,48.83140422848258],[2.3555069886913613,48.831360408982825],[2.355450845275397,48.83138058331425],[2.3527166239697546,48.83051312791115],[2.3524931152306765,48.83092553923507],[2.3525949774171173,48.8317119839811],[2.3526203093223725,48.83173258269382],[2.3541285440683115,48.8315728980892],[2.354156954397483,48.831579271557864],[2.354326189139532,48.83195681578713],[2.354317162165535,48.83197742020658],[2.352965840640954,48.83242604079791],[2.352488706840405,48.83299750428772],[2.35131964879831,48.83311850692989],[2.3500346089958732,48.833511165735565],[2.34899726963025,48.834567564581924],[2.348978753959833,48.834612825289796],[2.3490234493847093,48.834617796538666],[2.3497142740168298,48.8357216981406],[2.3522126636191287,48.83570694818823],[2.3522376480453353,48.835719803257085],[2.351703193463403,48.83650107453567],[2.351703872556797,48.83651285543282],[2.3520215335390176,48.83656526865146],[2.3555344798245703,48.83149678576869]]],"type":"Polygon"},"properties":{"id_bv":"13-67","arrondissement":"13","num_bv":67,"geo_point_2d":{"lon":2.352262698121882,"lat":48.83366967852885},"created_user":null,"created_date":null,"last_edited_user":null,"last_edited_date":null,"st_area_shape":121894.98378809191,"st_perimeter_shape":2133.6812943356604}},{"type":"Feature","geometry":{"coordinates":[[[2.371222077644003,48.86590798719302],[2.374480807108002,48.86528072955322],[2.374508638619227,48.86531127187303],[2.374686128086232,48.865060432109075],[2.372963485607924,48.864743473609785],[2.3732470762152897,48.864424190482545],[2.3720193769490576,48.86391625233139],[2.374010760752453,48.862130620401025],[2.3751528982397714,48.86107496275132],[2.3749190794261645,48.86092608264191],[2.3730503847321476,48.86199626909209],[2.372769268636182,48.86192681457609],[2.37227670799938,48.86179771482544],[2.3715547564955637,48.862882860524685],[2.3712983442179394,48.86311007852137],[2.3706337173519487,48.864085650423725],[2.370875488729437,48.8641863817713],[2.3697450285187593,48.86570936522034],[2.370776075078159,48.865981111500915],[2.371222077644003,48.86590798719302]]],"type":"Polygon"},"properties":{"id_bv":"11-24","arrondissement":"11","num_bv":24,"geo_point_2d":{"lon":2.3722157613532326,"lat":48.864007977886324},"created_user":null,"created_date":null,"last_edited_user":null,"last_edited_date":null,"st_area_shape":79031.2713399366,"st_perimeter_shape":1826.3813414162191}},{"type":"Feature","geometry":{"coordinates":[[[2.4046286323073605,48.87177577962836],[2.404385871876401,48.871705373542326],[2.404041533007505,48.871298558942584],[2.4036030660351937,48.86983064123066],[2.4026946036203785,48.86976841251241],[2.4023952516825466,48.87005442337116],[2.4019597429756265,48.87157934896335],[2.402254514881309,48.871597548970946],[2.403280138838938,48.872566178585046],[2.4039211794933735,48.87276668089024],[2.404592646457083,48.872954936438866],[2.4047005044564433,48.87294081735298],[2.4050993524947533,48.8730178522857],[2.4046286323073605,48.87177577962836]]],"type":"Polygon"},"properties":{"id_bv":"20-23","arrondissement":"20","num_bv":23,"geo_point_2d":{"lon":2.4034007958581425,"lat":48.8714105530537},"created_user":null,"created_date":null,"last_edited_user":null,"last_edited_date":null,"st_area_shape":43044.56560306728,"st_perimeter_shape":955.3916086286864}},{"type":"Feature","geometry":{"coordinates":[[[2.3402183550714613,48.89311828136503],[2.339624963543664,48.89117047818431],[2.339516157763529,48.891220806815426],[2.339328899373022,48.891243527647354],[2.3390757371269246,48.891225757508344],[2.337290270210942,48.89142659482185],[2.335024120154015,48.89167989363248],[2.3349857072862483,48.89181347546391],[2.3377349965938894,48.893178666512235],[2.3380504410733884,48.8933686730299],[2.3380223947867402,48.89340818800922],[2.3402183550714613,48.89311828136503]]],"type":"Polygon"},"properties":{"id_bv":"18-38","arrondissement":"18","num_bv":38,"geo_point_2d":{"lon":2.3380583801148864,"lat":48.89223134535424},"created_user":null,"created_date":null,"last_edited_user":null,"last_edited_date":null,"st_area_shape":57607.01967484064,"st_perimeter_shape":1032.4985631658285}},{"type":"Feature","geometry":{"coordinates":[[[2.344257098394827,48.8974593965725],[2.3440915683914243,48.89744858410906],[2.344074218911461,48.89743381130812],[2.343656229895776,48.89663105720338],[2.343321800789203,48.89620988196824],[2.343072740528124,48.89492987866761],[2.3431068880429735,48.894837126574174],[2.343109526140925,48.89482445882244],[2.343193232601034,48.89464537842263],[2.343182390951196,48.89462395468953],[2.341480198299381,48.894227632100886],[2.3415147154730764,48.89441415500933],[2.341502695536335,48.89443451160284],[2.340942066348834,48.89484078053052],[2.340805076732141,48.8948263604548],[2.340765026397836,48.8948675995877],[2.342714540709939,48.89788718185362],[2.3427398160735935,48.8979240082623],[2.34415298282144,48.89795171048001],[2.344180556905272,48.89792622371728],[2.344257098394827,48.8974593965725]]],"type":"Polygon"},"properties":{"id_bv":"18-12","arrondissement":"18","num_bv":12,"geo_point_2d":{"lon":2.342546743615218,"lat":48.89609168958348},"created_user":null,"created_date":null,"last_edited_user":null,"last_edited_date":null,"st_area_shape":52609.119132118365,"st_perimeter_shape":1101.5538066726774}},{"type":"Feature","geometry":{"coordinates":[[[2.3225146526939593,48.83243064793247],[2.322743804963969,48.83267020412726],[2.3248579425377978,48.83222628329736],[2.323993975562377,48.83098775705026],[2.3205655142690156,48.83230223201491],[2.320479838904738,48.83233600962727],[2.3204788940842422,48.832349339274145],[2.3209798917443383,48.833057877082474],[2.3225146526939593,48.83243064793247]]],"type":"Polygon"},"properties":{"id_bv":"14-23","arrondissement":"14","num_bv":23,"geo_point_2d":{"lon":2.322779095098079,"lat":48.83206357696436},"created_user":null,"created_date":null,"last_edited_user":null,"last_edited_date":null,"st_area_shape":33445.601302475116,"st_perimeter_shape":865.2750097535483}},{"type":"Feature","geometry":{"coordinates":[[[2.4017133626367433,48.86161698039375],[2.403288489074827,48.86027566717871],[2.403855600661375,48.86006485092411],[2.402138446637098,48.85915220252964],[2.4015400432099625,48.85963454086232],[2.4010480668116685,48.86011947185817],[2.4006217682875266,48.86069528003528],[2.4003514576304057,48.8611871842098],[2.400189269678439,48.86172580539547],[2.400075228487642,48.862328501894666],[2.399736647160752,48.86326656152663],[2.3997716740323853,48.86329193944978],[2.399980513251644,48.8631739381381],[2.4017133626367433,48.86161698039375]]],"type":"Polygon"},"properties":{"id_bv":"20-2","arrondissement":"20","num_bv":2,"geo_point_2d":{"lon":2.4015762105723306,"lat":48.86087050324033},"created_user":null,"created_date":null,"last_edited_user":null,"last_edited_date":null,"st_area_shape":47163.959860701245,"st_perimeter_shape":1136.4585036958447}},{"type":"Feature","geometry":{"coordinates":[[[2.395196126802143,48.84299595944479],[2.395212866368824,48.84296915326019],[2.3950263754131127,48.8415160775526],[2.3940552761978067,48.84102809214281],[2.3937275295082343,48.84130543814853],[2.3921893290758485,48.84263049479504],[2.391956791686845,48.84280253678618],[2.394777991747937,48.84361389999451],[2.395196126802143,48.84299595944479]]],"type":"Polygon"},"properties":{"id_bv":"12-8","arrondissement":"12","num_bv":8,"geo_point_2d":{"lon":2.393942542586154,"lat":48.84240316327018},"created_user":null,"created_date":null,"last_edited_user":null,"last_edited_date":null,"st_area_shape":39075.25074480093,"st_perimeter_shape":806.427771186472}},{"type":"Feature","geometry":{"coordinates":[[[2.3648760626209286,48.876525216746806],[2.364581073968977,48.87617591573935],[2.3630636969444305,48.87416294796953],[2.36263589424016,48.874266323082544],[2.3611371440637763,48.87459471041962],[2.35923481518714,48.875240929039464],[2.3592163067075913,48.87527961200438],[2.359513286982154,48.875885167801556],[2.3595311751341854,48.87592132233765],[2.3595840137650086,48.875924312922535],[2.360212852679522,48.87582271317488],[2.360515556484853,48.87600328652426],[2.3616986414349768,48.87800069406548],[2.363122788129024,48.87747246273204],[2.3631423863731977,48.87745509744719],[2.363092034927022,48.87736130251141],[2.363098430489126,48.87733625593102],[2.3638122820453304,48.87705104823002],[2.3639054171260208,48.87691455396787],[2.3648760626209286,48.876525216746806]]],"type":"Polygon"},"properties":{"id_bv":"10-19","arrondissement":"10","num_bv":19,"geo_point_2d":{"lon":2.3621888802370563,"lat":48.875938178542576},"created_user":null,"created_date":null,"last_edited_user":null,"last_edited_date":null,"st_area_shape":92789.15352191315,"st_perimeter_shape":1297.2310535595939}},{"type":"Feature","geometry":{"coordinates":[[[2.3628810631258776,48.896898743577495],[2.3615476875561026,48.89539244341476],[2.3615708062378293,48.89537733220705],[2.362149984613643,48.895316913088],[2.3621736687508785,48.89530372482115],[2.3614093228842252,48.893254904416466],[2.3596300714366034,48.89330515745081],[2.3593715515737994,48.89503555273218],[2.359170621640524,48.897407259523014],[2.3628810631258776,48.896898743577495]]],"type":"Polygon"},"properties":{"id_bv":"18-64","arrondissement":"18","num_bv":64,"geo_point_2d":{"lon":2.3606812155149703,"lat":48.89542834414228},"created_user":null,"created_date":null,"last_edited_user":null,"last_edited_date":null,"st_area_shape":83637.99427199444,"st_perimeter_shape":1342.1334284883308}},{"type":"Feature","geometry":{"coordinates":[[[2.323993975562377,48.83098775705026],[2.32380265707964,48.83071463717836],[2.323498201587773,48.830280377248904],[2.322631640878404,48.82928165430494],[2.3203704062565547,48.83011508179429],[2.3193440937627336,48.830472393296695],[2.3191257409109127,48.830545615998716],[2.3200060936773887,48.831833321832406],[2.3202850833397415,48.83170441029013],[2.3205655142690156,48.83230223201491],[2.323993975562377,48.83098775705026]]],"type":"Polygon"},"properties":{"id_bv":"14-25","arrondissement":"14","num_bv":25,"geo_point_2d":{"lon":2.321569391497584,"lat":48.83078096296758},"created_user":null,"created_date":null,"last_edited_user":null,"last_edited_date":null,"st_area_shape":64380.21114615527,"st_perimeter_shape":1050.6393445511617}},{"type":"Feature","geometry":{"coordinates":[[[2.343757274430163,48.88018235467883],[2.3443925824859915,48.88003491213576],[2.344411899390155,48.88001393395923],[2.3433639001666915,48.87912954266955],[2.3429734246267704,48.87920495343462],[2.3424484870489577,48.87930062659736],[2.341569544104408,48.879031968935905],[2.3412770219099848,48.878937276853534],[2.34108825036643,48.87868849123323],[2.339920844134369,48.87848437292322],[2.3397577872666555,48.87815670768974],[2.339604914483729,48.87816220837871],[2.3398046753337147,48.878917914781546],[2.3399950392531705,48.87936351961155],[2.340420974263264,48.88039341746354],[2.343757274430163,48.88018235467883]]],"type":"Polygon"},"properties":{"id_bv":"9-23","arrondissement":"9","num_bv":23,"geo_point_2d":{"lon":2.3417048363701913,"lat":48.8795721606222},"created_user":null,"created_date":null,"last_edited_user":null,"last_edited_date":null,"st_area_shape":41988.279352417674,"st_perimeter_shape":1012.0546241866896}},{"type":"Feature","geometry":{"coordinates":[[[2.3424778842448917,48.87405555251906],[2.343068176512581,48.87369586743976],[2.343299307817055,48.872874778791996],[2.343432187241746,48.87190063215309],[2.3434615965001218,48.87188099090644],[2.3456968897723653,48.87124457996752],[2.347823105682007,48.87092344053648],[2.3478441588445835,48.8709315287928],[2.3478675902717634,48.87092094441679],[2.3478830425815014,48.87070637322552],[2.3478634290374396,48.87077832958908],[2.3477624746169266,48.870720555407736],[2.3430665970286966,48.8714764788753],[2.3430471217122104,48.87142072352838],[2.34297014478652,48.87149257917461],[2.3425226887969957,48.87156710391672],[2.3401453787757127,48.87195739326251],[2.3400463946513885,48.87191988469041],[2.340069163464981,48.871969723931485],[2.3400400355447215,48.87197394132422],[2.3372445902729377,48.87150203129975],[2.3371239578613054,48.87157306592366],[2.3380836839225587,48.87415528260033],[2.3424778842448917,48.87405555251906]]],"type":"Polygon"},"properties":{"id_bv":"9-1","arrondissement":"9","num_bv":1,"geo_point_2d":{"lon":2.340822969580223,"lat":48.87271579534092},"created_user":null,"created_date":null,"last_edited_user":null,"last_edited_date":null,"st_area_shape":118665.77244308587,"st_perimeter_shape":2090.1853181584406}},{"type":"Feature","geometry":{"coordinates":[[[2.2602074729483737,48.84275726517646],[2.2604102286091123,48.84294455835389],[2.2604473790046704,48.84294546255545],[2.261454041582154,48.84248620830649],[2.2626291774409593,48.841946879629326],[2.262216936761426,48.84089273228104],[2.2621304744233766,48.840763767638],[2.2607770774850886,48.84113221672383],[2.2603238839612896,48.84041966421908],[2.2599114838665835,48.84026815831285],[2.2594054196260958,48.83962487260717],[2.25936108557714,48.83963126967485],[2.2585381712772308,48.840639419770014],[2.2585348351437693,48.840668869760094],[2.2592018215039325,48.84161417524858],[2.259182522906659,48.84163196224527],[2.2583034382527596,48.84186062077536],[2.259329270482286,48.8432277307536],[2.2602074729483737,48.84275726517646]]],"type":"Polygon"},"properties":{"id_bv":"16-42","arrondissement":"16","num_bv":42,"geo_point_2d":{"lon":2.2602637917533057,"lat":48.84160051732682},"created_user":null,"created_date":null,"last_edited_user":null,"last_edited_date":null,"st_area_shape":64925.50090750763,"st_perimeter_shape":1242.8763030627933}},{"type":"Feature","geometry":{"coordinates":[[[2.366694698375421,48.88428545614533],[2.3667406685695855,48.8842330832525],[2.367696996490494,48.88417031211216],[2.3636063835362178,48.88221544528159],[2.3636168401087847,48.88218538862097],[2.364196114240911,48.88199567349424],[2.3652251655553407,48.88114915673359],[2.365220680601789,48.881146149876145],[2.3650376253096383,48.88103542131079],[2.363273242096068,48.88193275226456],[2.3632315312121643,48.88193442081538],[2.3595549565584584,48.88018348599171],[2.3587539110359876,48.87994237079623],[2.358307341688978,48.88123016468116],[2.358315345223138,48.881253457072475],[2.361443639568591,48.882461140522224],[2.3615642637121432,48.88281877880418],[2.3616995942058185,48.883210067183505],[2.361731329927134,48.88322263541718],[2.363453077486026,48.882568796888705],[2.363483301980382,48.8825694585078],[2.3646751344767023,48.88431289169089],[2.36461358436694,48.88437236404653],[2.3647023645019583,48.88436549215109],[2.3647286988511147,48.884413605602276],[2.3647774490566493,48.88435842611933],[2.366657019378247,48.88423936416294],[2.366694698375421,48.88428545614533]]],"type":"Polygon"},"properties":{"id_bv":"10-27","arrondissement":"10","num_bv":27,"geo_point_2d":{"lon":2.3624672131543383,"lat":48.882207706571236},"created_user":null,"created_date":null,"last_edited_user":null,"last_edited_date":null,"st_area_shape":92962.93620645015,"st_perimeter_shape":2237.1984723781707}},{"type":"Feature","geometry":{"coordinates":[[[2.3771256676138277,48.850983302743224],[2.3765457130292633,48.85009212078802],[2.376434660903316,48.84901520881501],[2.3760094169438015,48.84833773233957],[2.375550254133762,48.84767801001574],[2.3751665671910094,48.847392954153946],[2.3738751524766886,48.848040005913134],[2.3725747092707223,48.84867807996619],[2.374195516140734,48.84957499226372],[2.375436808061203,48.850667369551495],[2.375481560045266,48.85066692413706],[2.376265939874303,48.85025154538457],[2.3763106965686513,48.85025283903714],[2.3767724599747115,48.850900183498304],[2.3770844932811226,48.8510020521543],[2.3771256676138277,48.850983302743224]]],"type":"Polygon"},"properties":{"id_bv":"12-55","arrondissement":"12","num_bv":55,"geo_point_2d":{"lon":2.3750239051385704,"lat":48.849046503046736},"created_user":null,"created_date":null,"last_edited_user":null,"last_edited_date":null,"st_area_shape":56986.696862566576,"st_perimeter_shape":1166.633899897146}},{"type":"Feature","geometry":{"coordinates":[[[2.3200060936773887,48.831833321832406],[2.3191257409109127,48.830545615998716],[2.31783501601127,48.83094895440331],[2.3152999582047284,48.83154872800372],[2.315247367522359,48.8315195704735],[2.3151926722699785,48.83154360429342],[2.3152208942174317,48.831566038002386],[2.3143384112712164,48.831771987125734],[2.317236041191742,48.833364006901014],[2.3172481890248364,48.83338554158728],[2.317345988074477,48.83343691980179],[2.318876453662903,48.83236279682578],[2.3200060936773887,48.831833321832406]]],"type":"Polygon"},"properties":{"id_bv":"14-24","arrondissement":"14","num_bv":24,"geo_point_2d":{"lon":2.3174701772109993,"lat":48.831924948375544},"created_user":null,"created_date":null,"last_edited_user":null,"last_edited_date":null,"st_area_shape":64099.17010386678,"st_perimeter_shape":1095.5586061858203}},{"type":"Feature","geometry":{"coordinates":[[[2.3765653677527463,48.89342983565577],[2.3766740624124347,48.89345928670574],[2.3766465039120064,48.89351371302413],[2.376783384233219,48.89350357968035],[2.3768026114505747,48.8934951137307],[2.378708111669035,48.892533382615575],[2.3769040879613272,48.89121444076559],[2.3766693080317793,48.890841689618846],[2.3766108790562095,48.89082893345296],[2.373646950938045,48.893515999340245],[2.373650100978356,48.89358565638754],[2.3736753487442073,48.893602833235384],[2.3765653677527463,48.89342983565577]]],"type":"Polygon"},"properties":{"id_bv":"19-63","arrondissement":"19","num_bv":63,"geo_point_2d":{"lon":2.3762897691091642,"lat":48.89251206112684},"created_user":null,"created_date":null,"last_edited_user":null,"last_edited_date":null,"st_area_shape":54822.56407083765,"st_perimeter_shape":1042.293934564325}},{"type":"Feature","geometry":{"coordinates":[[[2.370887835662448,48.885756484043924],[2.372124507830663,48.8858539558105],[2.3728933204607157,48.8851570882841],[2.370281814217346,48.88385248618299],[2.368802876979266,48.883867275155644],[2.368705292553617,48.8839665536233],[2.3686154328450177,48.88398777605474],[2.3684167575639448,48.88408797804562],[2.3681615048854474,48.88414177263242],[2.367696996490494,48.88417031211216],[2.3667406685695855,48.8842330832525],[2.366694698375421,48.88428545614533],[2.3673091603279377,48.88503546088816],[2.369275459158923,48.88670214148807],[2.369538662246785,48.886662693817875],[2.370887835662448,48.885756484043924]]],"type":"Polygon"},"properties":{"id_bv":"19-70","arrondissement":"19","num_bv":70,"geo_point_2d":{"lon":2.369717373167812,"lat":48.88507128029723},"created_user":null,"created_date":null,"last_edited_user":null,"last_edited_date":null,"st_area_shape":79445.7815693195,"st_perimeter_shape":1196.0836717662364}},{"type":"Feature","geometry":{"coordinates":[[[2.3653582684651364,48.86538476854437],[2.366681000940464,48.86321347338035],[2.366612333833556,48.8631772162457],[2.364650966118171,48.86214041516179],[2.364627192202715,48.86215264145582],[2.364512278663311,48.86263556702356],[2.3644931975729913,48.86265103606277],[2.3635845341335724,48.86252353313122],[2.362582276995102,48.86301774131057],[2.362600044139468,48.863151390462576],[2.363250755410392,48.86365507344191],[2.363239490021812,48.863673636228924],[2.3627702574710723,48.86391217829883],[2.3634433369839414,48.86450117465451],[2.36453054805032,48.86470203075872],[2.365232638640401,48.86539693862307],[2.3653582684651364,48.86538476854437]]],"type":"Polygon"},"properties":{"id_bv":"3-3","arrondissement":"3","num_bv":3,"geo_point_2d":{"lon":2.3646707624721497,"lat":48.863645057892064},"created_user":null,"created_date":null,"last_edited_user":null,"last_edited_date":null,"st_area_shape":59167.30297571897,"st_perimeter_shape":1071.0076228412001}},{"type":"Feature","geometry":{"coordinates":[[[2.3498187270559527,48.88120020735304],[2.349860353924651,48.88062068558461],[2.3494927005632946,48.879614906823925],[2.3494531141271877,48.87962781298066],[2.3494284425638625,48.879621027447435],[2.348672770493517,48.87940941458973],[2.3474210939502806,48.87955105020948],[2.347531025080932,48.87994902947592],[2.3475188932277202,48.87996897890265],[2.346238397561243,48.88015722658663],[2.346217112306467,48.880173865814704],[2.346359135899745,48.880508119173825],[2.346609571569939,48.88209798372849],[2.3498187270559527,48.88120020735304]]],"type":"Polygon"},"properties":{"id_bv":"9-25","arrondissement":"9","num_bv":25,"geo_point_2d":{"lon":2.3480570872567754,"lat":48.88067567505304},"created_user":null,"created_date":null,"last_edited_user":null,"last_edited_date":null,"st_area_shape":53754.57227293815,"st_perimeter_shape":956.1118754702866}},{"type":"Feature","geometry":{"coordinates":[[[2.409158235578302,48.840860059471886],[2.4089907821057075,48.84032770749968],[2.408025661289564,48.84036927932295],[2.40682159984981,48.84014447903079],[2.405610801809102,48.840072111407785],[2.404389309404638,48.84005870234926],[2.404663883882548,48.84088858790353],[2.4048406624836294,48.84133394873302],[2.405897846847387,48.84132319066831],[2.407688114978074,48.84141865140904],[2.4077202092656558,48.84143711855564],[2.4077429491236018,48.84150552751997],[2.408799773426657,48.843844308633784],[2.408854443956337,48.84384496821563],[2.409840642730555,48.842827594292984],[2.409158235578302,48.840860059471886]]],"type":"Polygon"},"properties":{"id_bv":"12-38","arrondissement":"12","num_bv":38,"geo_point_2d":{"lon":2.4075400240697675,"lat":48.841356835532565},"created_user":null,"created_date":null,"last_edited_user":null,"last_edited_date":null,"st_area_shape":68370.66239787883,"st_perimeter_shape":1402.2954406129984}},{"type":"Feature","geometry":{"coordinates":[[[2.375901758721477,48.851334169729824],[2.3771612600449816,48.851024633445796],[2.3771256676138277,48.850983302743224],[2.3770844932811226,48.8510020521543],[2.3767724599747115,48.850900183498304],[2.3763106965686513,48.85025283903714],[2.376265939874303,48.85025154538457],[2.375481560045266,48.85066692413706],[2.375436808061203,48.850667369551495],[2.374195516140734,48.84957499226372],[2.3725747092707223,48.84867807996619],[2.3711611522376232,48.849364410795424],[2.373167489170099,48.85058755774514],[2.3731641311303617,48.850609890000996],[2.3719231948929,48.851674319258784],[2.3722705080941195,48.85230956254639],[2.373776774577021,48.85186648031982],[2.375901758721477,48.851334169729824]]],"type":"Polygon"},"properties":{"id_bv":"12-62","arrondissement":"12","num_bv":62,"geo_point_2d":{"lon":2.3737657619763186,"lat":48.850571193106006},"created_user":null,"created_date":null,"last_edited_user":null,"last_edited_date":null,"st_area_shape":72323.14605245266,"st_perimeter_shape":1444.0492789937227}},{"type":"Feature","geometry":{"coordinates":[[[2.2778083577880444,48.85770328174274],[2.2777954755756245,48.857670987206326],[2.27803201060704,48.85747517189307],[2.279424945245667,48.85661112671642],[2.2796139086460907,48.85645333255008],[2.2798555531947806,48.856293803691955],[2.279844913931447,48.85624135832043],[2.2780603178670025,48.85582550467372],[2.276902983647052,48.85537998618696],[2.276498169945036,48.854910468367116],[2.275228904801699,48.85533103891635],[2.275108731217345,48.85554570762045],[2.2748565545861767,48.85574356409586],[2.2749782490903434,48.855777305307534],[2.2749806657643794,48.85579276554987],[2.274779797517233,48.85632482609237],[2.274862163228383,48.856604559115155],[2.2749394096577906,48.8571863123257],[2.27496012735756,48.85720232232366],[2.276429885797713,48.857555643959486],[2.277698085062544,48.85770358928209],[2.277730831270658,48.85775927730126],[2.277764875416254,48.8577045239366],[2.2778083577880444,48.85770328174274]]],"type":"Polygon"},"properties":{"id_bv":"16-12","arrondissement":"16","num_bv":12,"geo_point_2d":{"lon":2.276884034946105,"lat":48.85643270850642},"created_user":null,"created_date":null,"last_edited_user":null,"last_edited_date":null,"st_area_shape":68407.74141034269,"st_perimeter_shape":1077.8465623568375}},{"type":"Feature","geometry":{"coordinates":[[[2.3627702574710723,48.86391217829883],[2.363239490021812,48.863673636228924],[2.363250755410392,48.86365507344191],[2.362600044139468,48.863151390462576],[2.362582276995102,48.86301774131057],[2.362566836564749,48.863021357178404],[2.3625207928085525,48.86272089433704],[2.361415555592188,48.86177801683447],[2.3613957447928393,48.86176111493387],[2.3612517055974336,48.86178835546334],[2.3597939268852985,48.86260887064901],[2.358689689340861,48.863184373607226],[2.358269904186226,48.863372381664774],[2.3588829514092557,48.86403692497618],[2.359563550513028,48.86469364393525],[2.3596484444115795,48.86470594164756],[2.360206521746534,48.86522482760486],[2.3627702574710723,48.86391217829883]]],"type":"Polygon"},"properties":{"id_bv":"3-1","arrondissement":"3","num_bv":1,"geo_point_2d":{"lon":2.3607749467437658,"lat":48.86349467725504},"created_user":null,"created_date":null,"last_edited_user":null,"last_edited_date":null,"st_area_shape":72936.90814671863,"st_perimeter_shape":1086.0935276308865}},{"type":"Feature","geometry":{"coordinates":[[[2.345458964290544,48.87413781614777],[2.3454719539146405,48.874121060568626],[2.3451487208291426,48.872437231561],[2.3451621776002143,48.872417126710666],[2.3466937026335395,48.872186844999035],[2.3476789470117048,48.87101008611634],[2.3478441588445835,48.8709315287928],[2.347823105682007,48.87092344053648],[2.3456968897723653,48.87124457996752],[2.3434615965001218,48.87188099090644],[2.343432187241746,48.87190063215309],[2.343299307817055,48.872874778791996],[2.343068176512581,48.87369586743976],[2.3424778842448917,48.87405555251906],[2.3427043448137015,48.87414185560625],[2.345458964290544,48.87413781614777]]],"type":"Polygon"},"properties":{"id_bv":"9-2","arrondissement":"9","num_bv":2,"geo_point_2d":{"lon":2.3448416904735767,"lat":48.872597642433234},"created_user":null,"created_date":null,"last_edited_user":null,"last_edited_date":null,"st_area_shape":60205.546292674546,"st_perimeter_shape":1298.151715449455}},{"type":"Feature","geometry":{"coordinates":[[[2.3827602377607406,48.86467937219954],[2.381114115600852,48.86409488932221],[2.3799551718517153,48.86470119433641],[2.379130677358252,48.86609003602949],[2.3773361864217066,48.86566493100236],[2.377189945777075,48.86583940766688],[2.377891240489941,48.86601349005196],[2.3791523861616843,48.8662491197442],[2.3803641565216527,48.86656105027715],[2.3812236577423933,48.86681051506058],[2.3827602377607406,48.86467937219954]]],"type":"Polygon"},"properties":{"id_bv":"11-34","arrondissement":"11","num_bv":34,"geo_point_2d":{"lon":2.380732403516027,"lat":48.86546413447445},"created_user":null,"created_date":null,"last_edited_user":null,"last_edited_date":null,"st_area_shape":49502.63979949634,"st_perimeter_shape":1151.4030783865005}},{"type":"Feature","geometry":{"coordinates":[[[2.341826625266932,48.86559826493636],[2.340683548427829,48.8646561784619],[2.340694769105279,48.86463921745957],[2.34180565456534,48.86411075724323],[2.3427817435812512,48.86370038425195],[2.3439568164224034,48.86336302750544],[2.344684904196389,48.86186873316102],[2.344915170089349,48.86178691030179],[2.3448031508419627,48.8616467371881],[2.3446288735232588,48.86131777004665],[2.3442280430464977,48.86125989564761],[2.342423521463849,48.8615564233177],[2.3401399261878146,48.862109542784275],[2.3398794808380328,48.86210293971201],[2.339693600798615,48.86224532696627],[2.3392254064390308,48.86235188134613],[2.3397495506480945,48.86352967868287],[2.34026320902319,48.86446267825983],[2.341185286708358,48.86574868166627],[2.341826625266932,48.86559826493636]]],"type":"Polygon"},"properties":{"id_bv":"1-6","arrondissement":"1","num_bv":6,"geo_point_2d":{"lon":2.341939238360158,"lat":48.86291109027546},"created_user":null,"created_date":null,"last_edited_user":null,"last_edited_date":null,"st_area_shape":94277.57887717825,"st_perimeter_shape":1542.101257196703}},{"type":"Feature","geometry":{"coordinates":[[[2.3686154328450177,48.88398777605474],[2.3686331508891523,48.883921625933304],[2.3657460175464164,48.88157212275987],[2.3652251655553407,48.88114915673359],[2.364196114240911,48.88199567349424],[2.3636168401087847,48.88218538862097],[2.3636063835362178,48.88221544528159],[2.367696996490494,48.88417031211216],[2.3681615048854474,48.88414177263242],[2.3684167575639448,48.88408797804562],[2.3686154328450177,48.88398777605474]]],"type":"Polygon"},"properties":{"id_bv":"10-23","arrondissement":"10","num_bv":23,"geo_point_2d":{"lon":2.366101812047366,"lat":48.882728586455094},"created_user":null,"created_date":null,"last_edited_user":null,"last_edited_date":null,"st_area_shape":44220.92456511389,"st_perimeter_shape":1018.5293880274523}},{"type":"Feature","geometry":{"coordinates":[[[2.3373445074946915,48.89511852643222],[2.336330416078076,48.893659672233596],[2.336357031230862,48.89363988175509],[2.3365766959457184,48.89360980877942],[2.3380223947867402,48.89340818800922],[2.3380504410733884,48.8933686730299],[2.3377349965938894,48.893178666512235],[2.3349857072862483,48.89181347546391],[2.3345545769133533,48.892947130347295],[2.3330014496590517,48.89395386023974],[2.332586371141407,48.89402423533898],[2.3325839606214345,48.89404502053609],[2.3327180621644708,48.894148129632924],[2.3349615340781775,48.89381065908707],[2.3349975071495686,48.893818987833775],[2.3353332436529577,48.89469112573498],[2.335347663392714,48.894723156869],[2.335380526968214,48.894729916002404],[2.3373142706599275,48.89512824715039],[2.3373445074946915,48.89511852643222]]],"type":"Polygon"},"properties":{"id_bv":"18-39","arrondissement":"18","num_bv":39,"geo_point_2d":{"lon":2.335645457583223,"lat":48.89349372785723},"created_user":null,"created_date":null,"last_edited_user":null,"last_edited_date":null,"st_area_shape":53950.89953671649,"st_perimeter_shape":1362.036303617912}},{"type":"Feature","geometry":{"coordinates":[[[2.3299322273377028,48.8470787772006],[2.329902600069758,48.84623678118098],[2.3287718647604763,48.845648537263294],[2.32856837601688,48.84554058172787],[2.3265974941154575,48.84306567082164],[2.326464669975733,48.84303834324882],[2.3264247807809038,48.84305223328565],[2.326383637029376,48.842998516404776],[2.326332745072629,48.84308229163678],[2.3247967731334858,48.843599157916664],[2.324686572396674,48.84358597356352],[2.324730378183758,48.84362259203055],[2.324003079005141,48.84386641582313],[2.323971886482888,48.843926699313506],[2.3256706141257726,48.84574556169096],[2.326788457833508,48.84685719370532],[2.3270758240297846,48.84684135378203],[2.3273290706100194,48.84645575297296],[2.3288527375170442,48.846896175475884],[2.3299322273377028,48.8470787772006]]],"type":"Polygon"},"properties":{"id_bv":"6-18","arrondissement":"6","num_bv":18,"geo_point_2d":{"lon":2.3268794591680164,"lat":48.845136213116675},"created_user":null,"created_date":null,"last_edited_user":null,"last_edited_date":null,"st_area_shape":90333.27310477017,"st_perimeter_shape":1424.1938080260213}},{"type":"Feature","geometry":{"coordinates":[[[2.346486398279292,48.8938270103175],[2.346560114553915,48.8931116298985],[2.3460136068103887,48.89210979430656],[2.346207867161641,48.892062648680096],[2.3467369483747578,48.89120148989345],[2.3458171330509288,48.890805026007094],[2.345830707049753,48.89075782000728],[2.3484201418201787,48.890443541177085],[2.348419218941843,48.89042345425136],[2.3481131145743213,48.89020829045937],[2.3461373179422513,48.89015174218007],[2.3453873696602936,48.890708768154894],[2.3442988938434794,48.89108761099719],[2.3449530699724965,48.892298044491575],[2.3452247731227858,48.89251805596943],[2.345720926931067,48.89341940742199],[2.346020915094809,48.893920034638086],[2.346052900569677,48.89392401703713],[2.346486398279292,48.8938270103175]]],"type":"Polygon"},"properties":{"id_bv":"18-66","arrondissement":"18","num_bv":66,"geo_point_2d":{"lon":2.3459100669878756,"lat":48.89168405885392},"created_user":null,"created_date":null,"last_edited_user":null,"last_edited_date":null,"st_area_shape":41818.383265645854,"st_perimeter_shape":1325.6105259340131}},{"type":"Feature","geometry":{"coordinates":[[[2.2853794416696314,48.869603045946384],[2.285964251043087,48.867270691752985],[2.286210737107139,48.86631415975599],[2.286126392866244,48.866265760931384],[2.284297078718395,48.8668591313606],[2.2810701394404935,48.867865385096046],[2.2822496372859473,48.869455735298104],[2.282279415541663,48.86946581478166],[2.282811465478032,48.8692739777449],[2.282858179259334,48.869278839819714],[2.283476118697069,48.87007137257324],[2.2845254643869466,48.86984056114012],[2.28513404699361,48.87018158022514],[2.2852359922475975,48.870148944692716],[2.2853794416696314,48.869603045946384]]],"type":"Polygon"},"properties":{"id_bv":"16-57","arrondissement":"16","num_bv":57,"geo_point_2d":{"lon":2.2839550981991197,"lat":48.868278143544465},"created_user":null,"created_date":null,"last_edited_user":null,"last_edited_date":null,"st_area_shape":91376.93914559782,"st_perimeter_shape":1346.349535932926}},{"type":"Feature","geometry":{"coordinates":[[[2.302154488994989,48.8454001900083],[2.3048154535206424,48.8460906363996],[2.304180281276207,48.846941247880984],[2.304358534443116,48.84709149698205],[2.3043792296828074,48.8470998626777],[2.3053670638422936,48.8468046194266],[2.305403895705683,48.846815666106224],[2.305407926597019,48.846791634230065],[2.306098654210123,48.84657257328958],[2.306336491350788,48.8451496697705],[2.304803094449364,48.844791065218615],[2.304147431966064,48.844636705837765],[2.303559778559265,48.84447126734504],[2.303828155403474,48.844100542322316],[2.3037655005073248,48.84309662782925],[2.303363607090451,48.8429991936002],[2.302738295904019,48.8433530228049],[2.3025345164939255,48.843601739198064],[2.3023135688680654,48.843726595069924],[2.3020999273527947,48.84384955321526],[2.300821581148985,48.84472306736039],[2.301909565364384,48.845733877060255],[2.3016586451228043,48.84741427671947],[2.3016601540341273,48.84742360203353],[2.3019898147502524,48.847444402562395],[2.302939619287137,48.84724977789758],[2.303010638540935,48.84676838184504],[2.3021675995913213,48.8455176839844],[2.302154488994989,48.8454001900083]]],"type":"Polygon"},"properties":{"id_bv":"15-25","arrondissement":"15","num_bv":25,"geo_point_2d":{"lon":2.3035151784210957,"lat":48.845320124541274},"created_user":null,"created_date":null,"last_edited_user":null,"last_edited_date":null,"st_area_shape":89337.13138761837,"st_perimeter_shape":1957.2699066216276}},{"type":"Feature","geometry":{"coordinates":[[[2.387922312176018,48.88319621924962],[2.388062035916544,48.88322277831797],[2.3881085078190694,48.883109310413765],[2.39008850385299,48.882681364078735],[2.3900195931017874,48.88206035073244],[2.3886423326842317,48.88182740488982],[2.387436492528667,48.88135247122844],[2.3852793125229095,48.883238890627105],[2.385253007124078,48.883263587764596],[2.385293349164698,48.88332153075596],[2.3858492689940505,48.884116728610664],[2.387462873925046,48.88429707351991],[2.387922312176018,48.88319621924962]]],"type":"Polygon"},"properties":{"id_bv":"19-25","arrondissement":"19","num_bv":25,"geo_point_2d":{"lon":2.38747527448248,"lat":48.88281590914527},"created_user":null,"created_date":null,"last_edited_user":null,"last_edited_date":null,"st_area_shape":59063.91207841429,"st_perimeter_shape":1070.5922081987508}},{"type":"Feature","geometry":{"coordinates":[[[2.3351217786905734,48.90110631748516],[2.3363555316206397,48.899000276411954],[2.3374097152941635,48.897809782334114],[2.332029214776634,48.89769530325027],[2.3289793561879626,48.89763868898798],[2.330112554148688,48.900975701876256],[2.330125845888825,48.90101471304871],[2.3302597073947697,48.901034864435],[2.334963346478306,48.90113976297873],[2.3351019363113497,48.90113986784673],[2.3351217786905734,48.90110631748516]]],"type":"Polygon"},"properties":{"id_bv":"18-44","arrondissement":"18","num_bv":44,"geo_point_2d":{"lon":2.3328745971535256,"lat":48.89925852375075},"created_user":null,"created_date":null,"last_edited_user":null,"last_edited_date":null,"st_area_shape":181408.34095901847,"st_perimeter_shape":1776.6778046642921}},{"type":"Feature","geometry":{"coordinates":[[[2.3573398872559337,48.85278911746384],[2.3573728800371367,48.85282624641276],[2.3574070945102243,48.852765639247636],[2.358722291813074,48.8523087788751],[2.3600453518905895,48.85177428589266],[2.3601853175732157,48.85167936650152],[2.360354729522911,48.851510665732576],[2.3604108276796274,48.85142017757525],[2.3605145075714677,48.85107727358032],[2.360502728438709,48.850594491688035],[2.360503195820237,48.850510322625205],[2.3607244728153676,48.8496388774092],[2.3614422626915434,48.848354469586646],[2.3613430162961,48.848316990661125],[2.359936609382402,48.84908836918529],[2.3594147204112432,48.84936408159108],[2.3591103002638296,48.84950282285104],[2.3556253342080185,48.850645505146915],[2.3555944107926234,48.85070969739072],[2.3565501115338203,48.85181473321866],[2.3565497721581607,48.85183691937157],[2.353691229946763,48.85286581612331],[2.3536576174144304,48.85286314784546],[2.3535542176225692,48.85271706566277],[2.3534505622216324,48.852766158044076],[2.3534938951199793,48.85324306597337],[2.3539782212244673,48.85343211608625],[2.3544018192324674,48.85386349914541],[2.3552996074814248,48.85347660398893],[2.3573398872559337,48.85278911746384]]],"type":"Polygon"},"properties":{"id_bv":"4-9","arrondissement":"4","num_bv":9,"geo_point_2d":{"lon":2.3577964733622188,"lat":48.85131641074133},"created_user":null,"created_date":null,"last_edited_user":null,"last_edited_date":null,"st_area_shape":124981.53341012493,"st_perimeter_shape":1958.2324934178725}},{"type":"Feature","geometry":{"coordinates":[[[2.3128984194410145,48.83477364927666],[2.310830731801714,48.833077508468136],[2.310754406256627,48.83306216242539],[2.3092636267191247,48.833560185965354],[2.3092304351752935,48.8336053910726],[2.3092531958170914,48.83366892028261],[2.3092112619643355,48.83372811411661],[2.309153744520379,48.833760145874905],[2.3084924296002862,48.8344408761746],[2.308429558811852,48.83451044613925],[2.3085528056454248,48.83450945167328],[2.3092800313560256,48.83538937547287],[2.3094059757517775,48.83534061293634],[2.3099546718395128,48.836035408532865],[2.309915056603753,48.83615483690539],[2.310081426320009,48.83636173835147],[2.3128984194410145,48.83477364927666]]],"type":"Polygon"},"properties":{"id_bv":"15-44","arrondissement":"15","num_bv":44,"geo_point_2d":{"lon":2.3105552654187003,"lat":48.83460506564282},"created_user":null,"created_date":null,"last_edited_user":null,"last_edited_date":null,"st_area_shape":63245.06695470457,"st_perimeter_shape":1025.058034105077}},{"type":"Feature","geometry":{"coordinates":[[[2.4145809241271197,48.859014043112175],[2.414567759847205,48.85901033277228],[2.4115319594929345,48.85884630720733],[2.4112005183849154,48.86072240231995],[2.4093431154284075,48.860638030961255],[2.4093360406748356,48.86070829856577],[2.4089331527921662,48.86334837471683],[2.410725025013571,48.86352073714557],[2.409395366821813,48.864613595368475],[2.41174078607993,48.86514507790158],[2.4137932012572123,48.86516104159853],[2.4138547902002645,48.86513191148545],[2.41380948748981,48.86406124393142],[2.4139825017584595,48.862724477422255],[2.4145809241271197,48.859014043112175]]],"type":"Polygon"},"properties":{"id_bv":"20-33","arrondissement":"20","num_bv":33,"geo_point_2d":{"lon":2.4119816748221057,"lat":48.86211730694348},"created_user":null,"created_date":null,"last_edited_user":null,"last_edited_date":null,"st_area_shape":205867.02852850533,"st_perimeter_shape":2183.9810208561053}},{"type":"Feature","geometry":{"coordinates":[[[2.3555050050228274,48.85067968189065],[2.3555391888076724,48.85061236218233],[2.3541918412897673,48.84933394347897],[2.352931685377813,48.84877604473815],[2.3526584788627036,48.84748126848213],[2.352623217808855,48.84747666273732],[2.351833164455503,48.84771087250127],[2.3511935639361843,48.84722972392349],[2.350598013576841,48.84799600375085],[2.3499206669233828,48.84882609127971],[2.349926258875523,48.84883903643944],[2.350607930799645,48.84977568202924],[2.352649705315819,48.850701972928874],[2.3529536951388006,48.851329915031],[2.353658495889377,48.85122568666327],[2.3555050050228274,48.85067968189065]]],"type":"Polygon"},"properties":{"id_bv":"5-22","arrondissement":"5","num_bv":22,"geo_point_2d":{"lon":2.352488992454293,"lat":48.84942092873911},"created_user":null,"created_date":null,"last_edited_user":null,"last_edited_date":null,"st_area_shape":88483.75099797413,"st_perimeter_shape":1349.371178259364}},{"type":"Feature","geometry":{"coordinates":[[[2.294937115053485,48.84977212105511],[2.297692930569635,48.84887829684031],[2.298698784438469,48.84856906300011],[2.2990066140523893,48.84803964202267],[2.2979084970746837,48.84763243576248],[2.2977804999690425,48.84735673194807],[2.295930089746652,48.84706455893642],[2.295913940140117,48.84706337566431],[2.2956900736670423,48.84733397177106],[2.2935112761169085,48.848126025714116],[2.29397401855651,48.84866443712762],[2.2938533175352913,48.84870715774296],[2.2948234455577166,48.84980708208578],[2.294937115053485,48.84977212105511]]],"type":"Polygon"},"properties":{"id_bv":"15-6","arrondissement":"15","num_bv":6,"geo_point_2d":{"lon":2.296137031340986,"lat":48.848349976833894},"created_user":null,"created_date":null,"last_edited_user":null,"last_edited_date":null,"st_area_shape":69237.04383597149,"st_perimeter_shape":1081.5651746669062}},{"type":"Feature","geometry":{"coordinates":[[[2.386287554311682,48.85286237625788],[2.386577528067791,48.85046017581471],[2.3881963616937583,48.850455413085726],[2.388195632143666,48.850349827122166],[2.387445880424125,48.85033502877233],[2.3874631806102404,48.84970192136556],[2.3873977422059514,48.8496716099759],[2.38519978011648,48.85000978874491],[2.384394993888553,48.85013708847574],[2.384356903434528,48.85017826904092],[2.384469043326735,48.85044386474222],[2.3843140232514832,48.85073314088702],[2.3840400183932635,48.851174139342895],[2.3832104119250688,48.852529517928026],[2.384858175459829,48.85262482304396],[2.3862767145769888,48.85295168647573],[2.386287554311682,48.85286237625788]]],"type":"Polygon"},"properties":{"id_bv":"11-52","arrondissement":"11","num_bv":52,"geo_point_2d":{"lon":2.3854029703820916,"lat":48.85130119986153},"created_user":null,"created_date":null,"last_edited_user":null,"last_edited_date":null,"st_area_shape":62429.186494686466,"st_perimeter_shape":1283.4354358688463}},{"type":"Feature","geometry":{"coordinates":[[[2.29452011810545,48.88447290186281],[2.294441233339259,48.88440370091239],[2.2932521888800337,48.88297642684034],[2.2916968834408515,48.88218854467652],[2.291681464209584,48.88218470052218],[2.291619434418195,48.88224288300622],[2.2915900558246087,48.882239244031986],[2.2915943062178314,48.882264704208936],[2.290795847474594,48.882955884144465],[2.2908979014008417,48.8839059547126],[2.2910419220943967,48.88409388814672],[2.2911191716350676,48.885331374430756],[2.2910920046344843,48.88534155681916],[2.292383356389959,48.88612407663114],[2.2924736960952825,48.88612664569407],[2.29452011810545,48.88447290186281]]],"type":"Polygon"},"properties":{"id_bv":"17-56","arrondissement":"17","num_bv":56,"geo_point_2d":{"lon":2.2923886568888827,"lat":48.88416211173056},"created_user":null,"created_date":null,"last_edited_user":null,"last_edited_date":null,"st_area_shape":72425.64647665132,"st_perimeter_shape":1087.2519273354196}},{"type":"Feature","geometry":{"coordinates":[[[2.3081902342227436,48.88700767394428],[2.3096030560966647,48.8859546712379],[2.3078720245137734,48.885410429237346],[2.3072015228542235,48.88520545262595],[2.305947617411786,48.88522251749238],[2.304949296247313,48.88558612070942],[2.3049272792157223,48.8856138182328],[2.3048823340855766,48.885989583293906],[2.304767479441251,48.887154636939655],[2.3047651722289224,48.88717392408283],[2.3047993975507293,48.887200206997456],[2.3074633594391725,48.88754666668797],[2.3081902342227436,48.88700767394428]]],"type":"Polygon"},"properties":{"id_bv":"17-49","arrondissement":"17","num_bv":49,"geo_point_2d":{"lon":2.306829177739197,"lat":48.886319764110986},"created_user":null,"created_date":null,"last_edited_user":null,"last_edited_date":null,"st_area_shape":64017.55371456362,"st_perimeter_shape":987.3186055499851}},{"type":"Feature","geometry":{"coordinates":[[[2.3977097716760163,48.837321090850914],[2.398375236906213,48.83677384176021],[2.398432189334853,48.836709172604614],[2.3971872320582905,48.835702747908634],[2.3949863373967917,48.836323577384874],[2.394705954182079,48.83625596119067],[2.394669453406867,48.83624735663219],[2.3917688531003045,48.83697024646446],[2.3915687237745002,48.836869675415464],[2.391232447568782,48.83728782234737],[2.3912613172083828,48.83732970781862],[2.3932841204997186,48.83690091409154],[2.394253157518762,48.83789616867057],[2.3961803530114625,48.8388020421686],[2.3963982726268465,48.838523359574644],[2.3977097716760163,48.837321090850914]]],"type":"Polygon"},"properties":{"id_bv":"12-22","arrondissement":"12","num_bv":22,"geo_point_2d":{"lon":2.395663031522969,"lat":48.83710658623859},"created_user":null,"created_date":null,"last_edited_user":null,"last_edited_date":null,"st_area_shape":76134.13529208573,"st_perimeter_shape":1395.820265643319}},{"type":"Feature","geometry":{"coordinates":[[[2.3783781734801503,48.850732666243175],[2.3788399010419132,48.850618290363016],[2.379398342871838,48.850542877942864],[2.379054960179733,48.85012250292694],[2.3790772250557555,48.85005192655517],[2.379128439456105,48.849987362394174],[2.3784192778285345,48.84911158525034],[2.3785250054890166,48.8484308891934],[2.3771018506401456,48.84772887350126],[2.3760094169438015,48.84833773233957],[2.376434660903316,48.84901520881501],[2.3765457130292633,48.85009212078802],[2.3771256676138277,48.850983302743224],[2.3771612600449816,48.851024633445796],[2.3783781734801503,48.850732666243175]]],"type":"Polygon"},"properties":{"id_bv":"12-56","arrondissement":"12","num_bv":56,"geo_point_2d":{"lon":2.377581428123602,"lat":48.84943365230929},"created_user":null,"created_date":null,"last_edited_user":null,"last_edited_date":null,"st_area_shape":52222.644247695614,"st_perimeter_shape":978.7747474391539}},{"type":"Feature","geometry":{"coordinates":[[[2.2730362581013703,48.84421704685976],[2.27056435840572,48.841673366724464],[2.269373295454228,48.84043551260829],[2.269317653924415,48.84045778746933],[2.266799069574002,48.84146563676783],[2.2664853421718587,48.84132656013666],[2.26652777710631,48.84148942228842],[2.2670796699298807,48.841787910363095],[2.266944089898415,48.841946410482564],[2.265443506770078,48.841166720863654],[2.2643265600588127,48.84155543057915],[2.265012301670283,48.84302755847409],[2.265413504298117,48.84335843874496],[2.2661844855386195,48.84337807485801],[2.268133785418511,48.84260321532192],[2.2687180030664216,48.84277674035213],[2.26934879332283,48.84311085520946],[2.2697394435330347,48.84301899551646],[2.2697705454968884,48.8430219473377],[2.271539749409803,48.844725214835414],[2.2715723352247967,48.8447354645961],[2.2730362581013703,48.84421704685976]]],"type":"Polygon"},"properties":{"id_bv":"16-39","arrondissement":"16","num_bv":39,"geo_point_2d":{"lon":2.268641641659118,"lat":48.84242473232797},"created_user":null,"created_date":null,"last_edited_user":null,"last_edited_date":null,"st_area_shape":122353.11459701692,"st_perimeter_shape":2006.9183374295624}},{"type":"Feature","geometry":{"coordinates":[[[2.3678772696277455,48.871806637007396],[2.3678559835799238,48.87175937863069],[2.3661144469251014,48.87201264929644],[2.3660816809277914,48.87200399592221],[2.3660949954911836,48.87112369213859],[2.366082795412175,48.871104521988755],[2.365660935124572,48.870921884312885],[2.364834052852709,48.87157749929057],[2.3644222867692126,48.87163040971901],[2.364391476350619,48.871623874308085],[2.3638633020394044,48.87042528929405],[2.363495716533119,48.87004071134462],[2.3618558045590072,48.87120627862831],[2.361856841745953,48.87122499759139],[2.3626192787560925,48.871948256082646],[2.362612789944268,48.87196402379367],[2.3626455456278066,48.87196712105827],[2.3630581453185275,48.87231344161036],[2.363093837508531,48.87231578903943],[2.3643130724550514,48.87199301019849],[2.3648845523582263,48.8724523549583],[2.3665461870944293,48.8725665504719],[2.3678772696277455,48.871806637007396]]],"type":"Polygon"},"properties":{"id_bv":"10-10","arrondissement":"10","num_bv":10,"geo_point_2d":{"lon":2.3643589953336512,"lat":48.87156489627513},"created_user":null,"created_date":null,"last_edited_user":null,"last_edited_date":null,"st_area_shape":48970.936866683194,"st_perimeter_shape":1340.2681330571045}},{"type":"Feature","geometry":{"coordinates":[[[2.4056807826152906,48.867520033617126],[2.406305637287158,48.866389682065076],[2.4060210008913243,48.86616709998487],[2.4050260616002097,48.865092131644765],[2.4048051121383227,48.86551172872244],[2.4035397249763664,48.866208174510575],[2.4033523608024328,48.865826578328985],[2.403304318049386,48.86583247141113],[2.4022500034623184,48.86724712576934],[2.4033881178671566,48.86773708425549],[2.4034577180124286,48.8680373206244],[2.404266273268666,48.86856513155204],[2.404860466666222,48.86794043665265],[2.405415793008349,48.867601072538115],[2.4056807826152906,48.867520033617126]]],"type":"Polygon"},"properties":{"id_bv":"20-25","arrondissement":"20","num_bv":25,"geo_point_2d":{"lon":2.4043913899021496,"lat":48.86686452212598},"created_user":null,"created_date":null,"last_edited_user":null,"last_edited_date":null,"st_area_shape":57744.03200865927,"st_perimeter_shape":1075.8596541783593}},{"type":"Feature","geometry":{"coordinates":[[[2.352560720433516,48.86969478319557],[2.352619737669129,48.869609791870616],[2.352401164231421,48.869289936190604],[2.3476984205456084,48.86787347552257],[2.347671471896002,48.867880364205945],[2.3477228701039556,48.86842869987067],[2.347707625656252,48.86846282955927],[2.347748888338119,48.86878345574462],[2.347847476304612,48.86969210644664],[2.347876200385917,48.87063013036058],[2.347999742313266,48.87068667488308],[2.352560720433516,48.86969478319557]]],"type":"Polygon"},"properties":{"id_bv":"2-9","arrondissement":"2","num_bv":9,"geo_point_2d":{"lon":2.3495571103494566,"lat":48.869370017721174},"created_user":null,"created_date":null,"last_edited_user":null,"last_edited_date":null,"st_area_shape":61825.549048903325,"st_perimeter_shape":1100.5219248404444}},{"type":"Feature","geometry":{"coordinates":[[[2.3377583435216867,48.84928227362583],[2.3374826256419934,48.8493063717046],[2.3356447175299078,48.849244923209184],[2.3352962340478545,48.849196463826516],[2.332673699699254,48.84869179437416],[2.3317578150877347,48.84843874241928],[2.331675960410489,48.84846999213089],[2.33180168224411,48.85025534449274],[2.3340669536955723,48.850302956407205],[2.3340936278413262,48.85032178003644],[2.334364527228496,48.851468235165974],[2.3343892668407396,48.851485143105315],[2.335347635014502,48.85138570638768],[2.3383777425415873,48.85169854059553],[2.3384015835068777,48.8516675160199],[2.338239355335554,48.85141222147789],[2.3377583435216867,48.84928227362583]]],"type":"Polygon"},"properties":{"id_bv":"6-2","arrondissement":"6","num_bv":2,"geo_point_2d":{"lon":2.33514349317589,"lat":48.85011318797465},"created_user":null,"created_date":null,"last_edited_user":null,"last_edited_date":null,"st_area_shape":102146.85834295524,"st_perimeter_shape":1531.764037186577}},{"type":"Feature","geometry":{"coordinates":[[[2.2790205764427123,48.8324805390944],[2.2763378501349365,48.83028152192913],[2.275185027566101,48.82941077148645],[2.272736807573779,48.827936395194726],[2.2678700455173546,48.82786532525079],[2.2676728082554987,48.82797945625744],[2.2673602482328477,48.831503576024616],[2.2696898715686538,48.832851537420694],[2.2700934865013305,48.83299458847645],[2.2678182175437147,48.83460180049719],[2.2765389356833188,48.834746800663325],[2.277214930592777,48.83413243313231],[2.2770338692064787,48.83376596968691],[2.278078917727879,48.83335182048782],[2.2790205764427123,48.8324805390944]]],"type":"Polygon"},"properties":{"id_bv":"15-76","arrondissement":"15","num_bv":76,"geo_point_2d":{"lon":2.2725125122220327,"lat":48.83147898750042},"created_user":null,"created_date":null,"last_edited_user":null,"last_edited_date":null,"st_area_shape":469771.2696499344,"st_perimeter_shape":2936.738728913839}},{"type":"Feature","geometry":{"coordinates":[[[2.351727950124897,48.83677862935511],[2.351919824212084,48.83681895255851],[2.351887746310059,48.83677204493661],[2.3520215335390176,48.83656526865146],[2.351703872556797,48.83651285543282],[2.351703193463403,48.83650107453567],[2.3522376480453353,48.835719803257085],[2.3522126636191287,48.83570694818823],[2.3497142740168298,48.8357216981406],[2.3490234493847093,48.834617796538666],[2.348978753959833,48.834612825289796],[2.3486287723257195,48.83549845035159],[2.348599498287858,48.83550263937598],[2.348159035077512,48.83538216709796],[2.3479203226279672,48.834899130701416],[2.346411363032177,48.83452344928681],[2.3463839299214575,48.83453567650177],[2.346334739071434,48.834630760633665],[2.3461796134499466,48.83482600317391],[2.3450275109995404,48.83514898776826],[2.34526070646654,48.83616910085467],[2.346615170009541,48.835992356241825],[2.346822431164445,48.836058219363565],[2.34847673112239,48.83597408514687],[2.349004232099996,48.8370816100934],[2.351727950124897,48.83677862935511]]],"type":"Polygon"},"properties":{"id_bv":"13-65","arrondissement":"13","num_bv":65,"geo_point_2d":{"lon":2.3485541102183234,"lat":48.8358315511436},"created_user":null,"created_date":null,"last_edited_user":null,"last_edited_date":null,"st_area_shape":69775.18565956711,"st_perimeter_shape":1618.4332746465454}},{"type":"Feature","geometry":{"coordinates":[[[2.2959133401373273,48.88532699560304],[2.2970137153344883,48.885513135568566],[2.2974640873915977,48.8855727337839],[2.2975276713737562,48.88557817639296],[2.2975425428517386,48.885568243277035],[2.297534252123265,48.8855555662026],[2.2982974626653596,48.8850865274204],[2.298130044288572,48.8846540162594],[2.298138554310115,48.88462917618935],[2.300068200997538,48.88390310240053],[2.3000918791486176,48.88387137022292],[2.3000887038740645,48.883710204479144],[2.3000361132467058,48.88372502832474],[2.2971256552663752,48.88235757908315],[2.2959704230391274,48.883240194421305],[2.295916336765412,48.88323790052295],[2.2959273842576375,48.88327698403744],[2.2958695146528596,48.88332404765263],[2.294441233339259,48.88440370091239],[2.29452011810545,48.88447290186281],[2.294593824060501,48.88451118281676],[2.2945899718192155,48.88454046761876],[2.29357139382725,48.88541231349613],[2.2935700585427785,48.88544630671655],[2.293725714011825,48.88556600985459],[2.2937590203688587,48.88557218778461],[2.2959133401373273,48.88532699560304]]],"type":"Polygon"},"properties":{"id_bv":"17-41","arrondissement":"17","num_bv":41,"geo_point_2d":{"lon":2.2968779091970752,"lat":48.88417698962874},"created_user":null,"created_date":null,"last_edited_user":null,"last_edited_date":null,"st_area_shape":87174.48577420902,"st_perimeter_shape":1335.2376023603967}},{"type":"Feature","geometry":{"coordinates":[[[2.3546840367814172,48.84365136087303],[2.354918693302676,48.84364593248803],[2.3549234218946826,48.84375785832203],[2.354978791820587,48.84377760466432],[2.355254501805138,48.843631800708025],[2.3561972855310924,48.84134917857895],[2.356172517220951,48.84133121630295],[2.3559009779749123,48.84128427736106],[2.355759807987341,48.84169308620427],[2.355740727885202,48.84170590819166],[2.3538503794639327,48.8414494525539],[2.353644026096021,48.84226172791271],[2.352040866957282,48.84217821919723],[2.352289847906319,48.843802514215625],[2.352767050381271,48.843693832440074],[2.3546840367814172,48.84365136087303]]],"type":"Polygon"},"properties":{"id_bv":"5-14","arrondissement":"5","num_bv":14,"geo_point_2d":{"lon":2.3540776314664402,"lat":48.84267697599268},"created_user":null,"created_date":null,"last_edited_user":null,"last_edited_date":null,"st_area_shape":52801.7225534864,"st_perimeter_shape":1105.8339305379382}},{"type":"Feature","geometry":{"coordinates":[[[2.276324232623415,48.86280003533575],[2.2777004780015133,48.86209489125829],[2.2783414571606833,48.861740233363065],[2.2770835462045875,48.86063097020773],[2.276745620423579,48.85935428026851],[2.2751942765187314,48.859559056078055],[2.273783920011131,48.85948394774771],[2.2739203155530094,48.860208210405474],[2.2738129810679184,48.860792946196426],[2.2733844836025336,48.86156356232357],[2.2728272716293882,48.86211415159123],[2.2728631437776197,48.86213096534402],[2.2738454914500696,48.86191315711722],[2.2754106220461354,48.86149924917064],[2.2759864201698083,48.86264935413044],[2.276324232623415,48.86280003533575]]],"type":"Polygon"},"properties":{"id_bv":"16-2","arrondissement":"16","num_bv":2,"geo_point_2d":{"lon":2.275692407042854,"lat":48.86097314763419},"created_user":null,"created_date":null,"last_edited_user":null,"last_edited_date":null,"st_area_shape":80519.23105706563,"st_perimeter_shape":1386.370920458469}},{"type":"Feature","geometry":{"coordinates":[[[2.3873650356927794,48.891828784295946],[2.388272889718361,48.88901387730251],[2.388255886097492,48.88898138158437],[2.386224434854987,48.888373702024175],[2.386184269897608,48.888377713055064],[2.385841359585765,48.888878487753786],[2.385811685803463,48.888893242708306],[2.3855285229779026,48.88882484081357],[2.385496762694721,48.888827682458604],[2.3845989628791417,48.88956386083107],[2.384567768611018,48.88957369466498],[2.384028754842749,48.88940691114001],[2.383876418723556,48.88957517555415],[2.3841394356818992,48.88987365356209],[2.383855227122774,48.89012835139273],[2.3873174613450914,48.891833354048906],[2.3873650356927794,48.891828784295946]]],"type":"Polygon"},"properties":{"id_bv":"19-47","arrondissement":"19","num_bv":47,"geo_point_2d":{"lon":2.386332855112411,"lat":48.88996839067019},"created_user":null,"created_date":null,"last_edited_user":null,"last_edited_date":null,"st_area_shape":69415.62132906378,"st_perimeter_shape":1145.6396612378137}},{"type":"Feature","geometry":{"coordinates":[[[2.2697993048198772,48.85256057622468],[2.2702114019630177,48.851856691267265],[2.2683027195433407,48.85097604926109],[2.2680884808876836,48.850069069006786],[2.2684245398925347,48.849825773984634],[2.268415151163171,48.849807278694605],[2.268260479649713,48.849727912698434],[2.267255982241806,48.849866196774954],[2.2672073781554714,48.85086394116558],[2.2671906893816547,48.850882353265014],[2.266533060926641,48.850998416663145],[2.2661936028867715,48.851488977186676],[2.266222495107452,48.85187207826716],[2.266195331183537,48.852437547358434],[2.2664366423259086,48.85267283444075],[2.268145807402337,48.85258153523413],[2.26838684201138,48.85289552431587],[2.2684055559455376,48.852908773930025],[2.26868791588367,48.85295442850103],[2.268902448737066,48.85324601769897],[2.268936012735005,48.8532549843614],[2.2697993048198772,48.85256057622468]]],"type":"Polygon"},"properties":{"id_bv":"16-27","arrondissement":"16","num_bv":27,"geo_point_2d":{"lon":2.2679957493505127,"lat":48.85169410017213},"created_user":null,"created_date":null,"last_edited_user":null,"last_edited_date":null,"st_area_shape":58497.918129883445,"st_perimeter_shape":1172.6711205757856}},{"type":"Feature","geometry":{"coordinates":[[[2.33804650707012,48.89758729590975],[2.338021303049069,48.897567980415744],[2.338004571310051,48.89758638962081],[2.3377078412577212,48.89758124618025],[2.33767695637094,48.89755495465452],[2.3376529831273167,48.89758139515176],[2.3360764709762374,48.89756400256722],[2.3360534770219497,48.897547816846696],[2.3363495419822278,48.897320596366704],[2.336196422544504,48.89675712256126],[2.336173830083132,48.89674573784673],[2.3351289245612366,48.896612814336244],[2.333494797330352,48.896822590324945],[2.332963229192527,48.896137905367205],[2.3308633058122354,48.89589828639188],[2.331332461739551,48.89685339722186],[2.331887372612776,48.89701731699347],[2.331902554243242,48.89703407957957],[2.332029214776634,48.89769530325027],[2.3374097152941635,48.897809782334114],[2.3391519550219595,48.89785227259786],[2.3397189586484024,48.8978646567009],[2.3397524573397877,48.897626976065844],[2.339720255607806,48.89761129427363],[2.33804650707012,48.89758729590975]]],"type":"Polygon"},"properties":{"id_bv":"18-45","arrondissement":"18","num_bv":45,"geo_point_2d":{"lon":2.334135842000341,"lat":48.89709330641634},"created_user":null,"created_date":null,"last_edited_user":null,"last_edited_date":null,"st_area_shape":55619.792484255995,"st_perimeter_shape":1641.9048278034957}},{"type":"Feature","geometry":{"coordinates":[[[2.362612789944268,48.87196402379367],[2.3626192787560925,48.871948256082646],[2.361856841745953,48.87122499759139],[2.3618558045590072,48.87120627862831],[2.363495716533119,48.87004071134462],[2.363503370810112,48.87000527761225],[2.3629767545596185,48.86875854344232],[2.362727168247483,48.868867537798955],[2.3612255002521687,48.87054949845173],[2.360670111453582,48.87112364795513],[2.3603479158817677,48.871481490211885],[2.3615534479439897,48.873204348892386],[2.3617393611904585,48.87266846042782],[2.362505415975289,48.87222462772885],[2.362612789944268,48.87196402379367]]],"type":"Polygon"},"properties":{"id_bv":"10-4","arrondissement":"10","num_bv":4,"geo_point_2d":{"lon":2.361920352161826,"lat":48.87095351945419},"created_user":null,"created_date":null,"last_edited_user":null,"last_edited_date":null,"st_area_shape":44608.546608420416,"st_perimeter_shape":1164.5551106272214}},{"type":"Feature","geometry":{"coordinates":[[[2.3662781616014943,48.83431453713173],[2.36743672586265,48.833648445427144],[2.366618569730265,48.83319490895244],[2.3661883283936658,48.8332344387561],[2.3662339496021274,48.833128782528696],[2.366303732430673,48.8330202270155],[2.3675404681113403,48.83223999786404],[2.3675418457960706,48.832223458550914],[2.3667215751830772,48.832004393691804],[2.364522880997532,48.833769229552324],[2.366232363079685,48.834340799737944],[2.3662781616014943,48.83431453713173]]],"type":"Polygon"},"properties":{"id_bv":"13-31","arrondissement":"13","num_bv":31,"geo_point_2d":{"lon":2.3661368987901237,"lat":48.833322830308944},"created_user":null,"created_date":null,"last_edited_user":null,"last_edited_date":null,"st_area_shape":25260.064121434214,"st_perimeter_shape":839.9824078676509}},{"type":"Feature","geometry":{"coordinates":[[[2.3290509534422896,48.834161574477605],[2.3286021780662916,48.83374189253141],[2.3284858615360076,48.83346155554698],[2.328355057823119,48.8333665785848],[2.3280190998610895,48.83292937192624],[2.3273291539182615,48.83208445843928],[2.3299032891716953,48.83138217602018],[2.3299077653056033,48.83136047403069],[2.329473512045933,48.83086711880468],[2.3251208097300906,48.83202838744632],[2.324953457542978,48.832302747529624],[2.3249374331466197,48.83233070404406],[2.326292580575602,48.83417776411257],[2.3268706119274416,48.83496697288717],[2.3290509534422896,48.834161574477605]]],"type":"Polygon"},"properties":{"id_bv":"14-1","arrondissement":"14","num_bv":1,"geo_point_2d":{"lon":2.3271836713420964,"lat":48.83290279086041},"created_user":null,"created_date":null,"last_edited_user":null,"last_edited_date":null,"st_area_shape":72330.42672730506,"st_perimeter_shape":1425.2217762332375}},{"type":"Feature","geometry":{"coordinates":[[[2.3450275109995404,48.83514898776826],[2.3461796134499466,48.83482600317391],[2.345581420545425,48.83442654241864],[2.3455132978565145,48.83440285801443],[2.344902881315368,48.834202512944834],[2.3413142518927375,48.83318534170648],[2.3412695204208407,48.833214962568945],[2.3415580743327467,48.83477532853307],[2.3418072161577514,48.836340875372215],[2.342040598132163,48.83812102245766],[2.3421088881860723,48.838149519478186],[2.3436861609429127,48.83740240801935],[2.344406534952404,48.83532525363133],[2.3450275109995404,48.83514898776826]]],"type":"Polygon"},"properties":{"id_bv":"13-63","arrondissement":"13","num_bv":63,"geo_point_2d":{"lon":2.343086777619119,"lat":48.83540127224174},"created_user":null,"created_date":null,"last_edited_user":null,"last_edited_date":null,"st_area_shape":94141.73101220366,"st_perimeter_shape":1484.8463261495283}},{"type":"Feature","geometry":{"coordinates":[[[2.3612107168310112,48.8309718891509],[2.361608385252911,48.830623130910624],[2.3620953678053587,48.83033381946303],[2.3629558252769898,48.829969122959696],[2.3638889090310333,48.828844899106514],[2.36448429600429,48.828154293721894],[2.362447890879531,48.827616604786684],[2.3594389003436858,48.82689595615161],[2.359414078749172,48.826841780686024],[2.3579557905695454,48.828707892257476],[2.358060450425405,48.828691141145114],[2.360214803163106,48.82972888479304],[2.359229942990867,48.83062555445618],[2.358323430807299,48.83170310807621],[2.35847863355597,48.83172959610035],[2.3608982828101372,48.83254939031624],[2.3608699598314398,48.83248244997057],[2.3611570289589148,48.832253683797155],[2.360138328646532,48.831900228725296],[2.360140917933346,48.83187817652596],[2.3612107168310112,48.8309718891509]]],"type":"Polygon"},"properties":{"id_bv":"13-9","arrondissement":"13","num_bv":9,"geo_point_2d":{"lon":2.3608905002578697,"lat":48.829246948743304},"created_user":null,"created_date":null,"last_edited_user":null,"last_edited_date":null,"st_area_shape":142978.52518925327,"st_perimeter_shape":1969.1481889526717}},{"type":"Feature","geometry":{"coordinates":[[[2.380954325391975,48.893747059419844],[2.3801383684153663,48.893085355777224],[2.3801508271577667,48.8930665948247],[2.38229942304618,48.89192912355697],[2.382336530315617,48.891751533849344],[2.3823543255160646,48.89173845060248],[2.382552747565813,48.89165287928276],[2.3827833613788916,48.89171144207674],[2.3844018730272554,48.890885267559476],[2.3843964552364385,48.89087056010153],[2.3828487643374925,48.89010254330848],[2.382109696117444,48.89074218878241],[2.3791754375994705,48.892296789691066],[2.378708111669035,48.892533382615575],[2.3768026114505747,48.8934951137307],[2.377129712519591,48.893527163069116],[2.3787188344707975,48.89273545505627],[2.3803883956871146,48.89404274126538],[2.380954325391975,48.893747059419844]]],"type":"Polygon"},"properties":{"id_bv":"19-48","arrondissement":"19","num_bv":48,"geo_point_2d":{"lon":2.3811642452647988,"lat":48.891961694294196},"created_user":null,"created_date":null,"last_edited_user":null,"last_edited_date":null,"st_area_shape":58127.41474668618,"st_perimeter_shape":1648.171990321189}},{"type":"Feature","geometry":{"coordinates":[[[2.3977934370578184,48.842349193238604],[2.400383429446017,48.84252257138104],[2.401270790486256,48.84233882782806],[2.4008793877339256,48.841274325357304],[2.400944740481975,48.84120515736264],[2.4008416210306947,48.841162344054666],[2.400581433234603,48.84044115630784],[2.400506570378146,48.84050691558177],[2.3994577326413253,48.84045570913117],[2.3988314641367845,48.84111482408556],[2.3988027040751705,48.841124627365176],[2.396075669816893,48.84054140286101],[2.3953562993080753,48.84026390560611],[2.3949982119353574,48.84060228174126],[2.394714348259523,48.840485572045516],[2.394683177631227,48.840489027950255],[2.3940552761978067,48.84102809214281],[2.3950263754131127,48.8415160775526],[2.395212866368824,48.84296915326019],[2.395196126802143,48.84299595944479],[2.397175792624204,48.84301720251622],[2.3972294447014577,48.843017714789234],[2.3977934370578184,48.842349193238604]]],"type":"Polygon"},"properties":{"id_bv":"12-5","arrondissement":"12","num_bv":5,"geo_point_2d":{"lon":2.3976608937724895,"lat":48.8416496808439},"created_user":null,"created_date":null,"last_edited_user":null,"last_edited_date":null,"st_area_shape":100490.52384867951,"st_perimeter_shape":1565.9948890023188}},{"type":"Feature","geometry":{"coordinates":[[[2.409751583899179,48.84902080179674],[2.4097957711827784,48.84890184392227],[2.4109391308277934,48.848954126262356],[2.411385604997594,48.849006876201614],[2.4120871476151264,48.848842867982825],[2.4125290755167277,48.84873403530755],[2.412201155254945,48.84802244978809],[2.412720808149603,48.84796791619554],[2.4133875517069874,48.84741852938594],[2.4152224236392508,48.84763184582075],[2.415405881902768,48.848516712303415],[2.416317507029675,48.84842595776736],[2.4159966723824917,48.84670094975356],[2.415952392065,48.8466100508783],[2.4111271383636064,48.84702384974728],[2.40868367115454,48.84724407577504],[2.4079713843734893,48.84730292787412],[2.4080334418364986,48.84733643008874],[2.4079355566770055,48.84898465314921],[2.409751583899179,48.84902080179674]]],"type":"Polygon"},"properties":{"id_bv":"20-56","arrondissement":"20","num_bv":56,"geo_point_2d":{"lon":2.4116586081592573,"lat":48.8478161259997},"created_user":null,"created_date":null,"last_edited_user":null,"last_edited_date":null,"st_area_shape":98608.61608451269,"st_perimeter_shape":1840.7684950770458}},{"type":"Feature","geometry":{"coordinates":[[[2.387735123168474,48.84592510207235],[2.3883250804084577,48.8458040832896],[2.3892269256388254,48.84507555583866],[2.3899481775051123,48.84448610525994],[2.38590588028224,48.84265993348978],[2.385532886136203,48.8430371206084],[2.385663162357011,48.84311762939067],[2.3849976973187146,48.84376404637176],[2.3845631077190177,48.84542373404412],[2.3847047200711806,48.84574788566002],[2.3849459716616805,48.84586740781044],[2.3852327400169697,48.8458259806315],[2.3861496807156386,48.84631886599607],[2.3863869174428993,48.84613675728788],[2.3871835298258963,48.84641903652323],[2.38721273775244,48.846417704890904],[2.387735123168474,48.84592510207235]]],"type":"Polygon"},"properties":{"id_bv":"12-10","arrondissement":"12","num_bv":10,"geo_point_2d":{"lon":2.3868630407106903,"lat":48.8446694422134},"created_user":null,"created_date":null,"last_edited_user":null,"last_edited_date":null,"st_area_shape":95882.58645847901,"st_perimeter_shape":1261.119822409944}},{"type":"Feature","geometry":{"coordinates":[[[2.31503727865112,48.87910326885607],[2.3153822558784016,48.87896149043489],[2.3154111246243976,48.8785910523714],[2.3154489228324797,48.877932726234995],[2.31056849963098,48.87772018937454],[2.307867538949745,48.87639069142855],[2.3075490219398302,48.876674463375],[2.306723283084461,48.87733849103206],[2.3050752798806524,48.8781395994776],[2.303201444416298,48.87909048552489],[2.303135298068582,48.87910334684887],[2.3029244158975235,48.87909746774266],[2.3090166229941063,48.88039136897241],[2.3099535565287046,48.88051393130719],[2.3100167478729374,48.880564587273525],[2.3100190179651436,48.88058693895721],[2.3101223454216333,48.880534707441505],[2.3131811537211977,48.88090755008645],[2.31313216649723,48.88084020831609],[2.31503727865112,48.87910326885607]]],"type":"Polygon"},"properties":{"id_bv":"8-4","arrondissement":"8","num_bv":4,"geo_point_2d":{"lon":2.3097945009871657,"lat":48.87886545819102},"created_user":null,"created_date":null,"last_edited_user":null,"last_edited_date":null,"st_area_shape":239303.8295269865,"st_perimeter_shape":2262.6855489129985}},{"type":"Feature","geometry":{"coordinates":[[[2.348328096350342,48.83071757493113],[2.3493088950565966,48.8299067119199],[2.3495125396225442,48.82960156339585],[2.349455651757679,48.829562697840124],[2.34912803499652,48.82959698469094],[2.3486301156543585,48.82973380622903],[2.345941137367183,48.830465052030284],[2.3411545064231185,48.831790559005256],[2.3411358682917354,48.83184343025465],[2.3411482608568854,48.83222446531479],[2.341215598594589,48.832259541196564],[2.344307993559485,48.83135386605075],[2.3444235745498796,48.83167989428071],[2.344469881680926,48.83167909762958],[2.345436162462162,48.83157114093316],[2.3469361335940593,48.83267813957813],[2.346975853876498,48.83267980983583],[2.347200147388873,48.832195012285645],[2.348328096350342,48.83071757493113]]],"type":"Polygon"},"properties":{"id_bv":"13-62","arrondissement":"13","num_bv":62,"geo_point_2d":{"lon":2.3460236584127854,"lat":48.8311209257174},"created_user":null,"created_date":null,"last_edited_user":null,"last_edited_date":null,"st_area_shape":64922.72959900377,"st_perimeter_shape":1640.982422352024}},{"type":"Feature","geometry":{"coordinates":[[[2.3613957447928393,48.86176111493387],[2.361415555592188,48.86177801683447],[2.361439253982781,48.86175487450497],[2.362319908932201,48.86163989699571],[2.362381705060034,48.8616027801831],[2.363185985563345,48.861230791477624],[2.3628428331173694,48.85987788770277],[2.3634034058384876,48.85945645450148],[2.3634617439423398,48.85943758803232],[2.3634299949698847,48.859393008453964],[2.363398144525688,48.859451109568695],[2.3633557448526816,48.85944904753942],[2.362368862467019,48.85908969738583],[2.3600093430152116,48.85932408353901],[2.359969861047762,48.859313202514095],[2.3589195620274146,48.85861935578488],[2.356879088434669,48.860071520350544],[2.3569193548751013,48.8600888522301],[2.3572607910862544,48.86038501338285],[2.3597939268852985,48.86260887064901],[2.3612517055974336,48.86178835546334],[2.3613957447928393,48.86176111493387]]],"type":"Polygon"},"properties":{"id_bv":"3-5","arrondissement":"3","num_bv":5,"geo_point_2d":{"lon":2.3602590453317482,"lat":48.86047954288014},"created_user":null,"created_date":null,"last_edited_user":null,"last_edited_date":null,"st_area_shape":121068.81964954705,"st_perimeter_shape":1480.6147569952227}},{"type":"Feature","geometry":{"coordinates":[[[2.394669453406867,48.83624735663219],[2.394705954182079,48.83625596119067],[2.394716916112791,48.83623483304836],[2.39868189726077,48.83519767155624],[2.3976467823938985,48.8342919302734],[2.3976410380140276,48.83425910239921],[2.3977766836149974,48.83415072932975],[2.3975001278790917,48.8339676602807],[2.3967199316041343,48.83400946848102],[2.3967623205120634,48.834617046029486],[2.3961737691052427,48.83487093397883],[2.393037615663923,48.83644600204285],[2.392169668684896,48.83607840627257],[2.3915687237745002,48.836869675415464],[2.3917688531003045,48.83697024646446],[2.394669453406867,48.83624735663219]]],"type":"Polygon"},"properties":{"id_bv":"12-27","arrondissement":"12","num_bv":27,"geo_point_2d":{"lon":2.3957375654726363,"lat":48.835475464568844},"created_user":null,"created_date":null,"last_edited_user":null,"last_edited_date":null,"st_area_shape":42727.487237342764,"st_perimeter_shape":1378.7046436209002}},{"type":"Feature","geometry":{"coordinates":[[[2.3750576361326914,48.82744140996534],[2.374343452694544,48.827248102403],[2.3721296022047413,48.82766204444432],[2.3721022234372904,48.827654053673925],[2.3720563830997023,48.82757289822608],[2.3720644907860593,48.827548691909094],[2.377550758138551,48.82639149469279],[2.377545892422564,48.826337543849284],[2.3744334539956964,48.82563411608461],[2.3744279108213564,48.82561555818324],[2.374645565023689,48.8253147388639],[2.3746477366838072,48.825301868481866],[2.3745602651602367,48.82526174952826],[2.3741800532519752,48.82557820275695],[2.372405843514098,48.82533176413154],[2.371963189445555,48.825860671888535],[2.371364102720433,48.82714056254564],[2.3713034857355657,48.82767752118893],[2.3718448920611532,48.82773517839645],[2.3730612096171035,48.82837132919684],[2.373178867245703,48.82843105175213],[2.3732872388202852,48.82833906803211],[2.374523978197849,48.82916600775692],[2.3750576361326914,48.82744140996534]]],"type":"Polygon"},"properties":{"id_bv":"13-26","arrondissement":"13","num_bv":26,"geo_point_2d":{"lon":2.373742076543883,"lat":48.82688771713511},"created_user":null,"created_date":null,"last_edited_user":null,"last_edited_date":null,"st_area_shape":86529.44382638548,"st_perimeter_shape":1915.982342671056}},{"type":"Feature","geometry":{"coordinates":[[[2.3690083679397724,48.853023351976596],[2.369068685042847,48.85298142115993],[2.368108496953329,48.85090395335097],[2.3668751600552036,48.85081796108598],[2.366179920294737,48.84966378564756],[2.366150297522145,48.84965006463784],[2.365224164288939,48.84980694599752],[2.365206706675527,48.84982669765347],[2.3660531296355667,48.850530185803336],[2.3667932898593937,48.85153044142221],[2.3667824785894394,48.851552102704304],[2.363103234812789,48.85101267669426],[2.363034401789454,48.85103599297842],[2.3626308441901895,48.851263427550634],[2.3629433145240064,48.85153182938535],[2.363738206716918,48.85169691031182],[2.3642025372882576,48.852620077484296],[2.3655447430387824,48.85295150244529],[2.36587526011459,48.85345254185687],[2.366415350198212,48.85335979635907],[2.367642113723267,48.85323420435253],[2.3690083679397724,48.853023351976596]]],"type":"Polygon"},"properties":{"id_bv":"4-7","arrondissement":"4","num_bv":7,"geo_point_2d":{"lon":2.366299278842955,"lat":48.85193428311385},"created_user":null,"created_date":null,"last_edited_user":null,"last_edited_date":null,"st_area_shape":87095.11947707884,"st_perimeter_shape":1707.6750031640286}},{"type":"Feature","geometry":{"coordinates":[[[2.3968030780913474,48.86013436158357],[2.39677825231933,48.86012739603477],[2.3970705689843808,48.85816660346532],[2.397291130975462,48.856871016288856],[2.3971311027832654,48.85683964136232],[2.3953530410583954,48.85669239913294],[2.394572006127272,48.85656756519059],[2.3945145055766734,48.85650553315588],[2.394435038798531,48.856575089465565],[2.3922641250525882,48.85769326515293],[2.389939858628397,48.85839771402339],[2.3896208403138095,48.858501446556524],[2.389541516582466,48.85855995090259],[2.3889343431393626,48.85983291294859],[2.3950039323605408,48.861981695762545],[2.3968030780913474,48.86013436158357]]],"type":"Polygon"},"properties":{"id_bv":"20-58","arrondissement":"20","num_bv":58,"geo_point_2d":{"lon":2.3937102146111844,"lat":48.85914518544178},"created_user":null,"created_date":null,"last_edited_user":null,"last_edited_date":null,"st_area_shape":227080.16453704485,"st_perimeter_shape":1908.984982956433}},{"type":"Feature","geometry":{"coordinates":[[[2.3749190794261645,48.86092608264191],[2.376898218001548,48.85975733623028],[2.3757748151713343,48.85940866053895],[2.3719042170973403,48.85812126662386],[2.37189023459345,48.85814137550332],[2.372706269127648,48.85928911705403],[2.373210454448655,48.861549849773816],[2.372769268636182,48.86192681457609],[2.3730503847321476,48.86199626909209],[2.3749190794261645,48.86092608264191]]],"type":"Polygon"},"properties":{"id_bv":"11-19","arrondissement":"11","num_bv":19,"geo_point_2d":{"lon":2.374136348548826,"lat":48.85996157972242},"created_user":null,"created_date":null,"last_edited_user":null,"last_edited_date":null,"st_area_shape":62241.76618910191,"st_perimeter_shape":1258.029906065503}},{"type":"Feature","geometry":{"coordinates":[[[2.3429734246267704,48.87920495343462],[2.342542124856169,48.878437816236755],[2.34254926235132,48.87841657358731],[2.3429318001211605,48.878335406242904],[2.3446294651912516,48.87863297024764],[2.3448055756732864,48.87838631608306],[2.3446149831084826,48.87768458875641],[2.343407853234685,48.87784750944515],[2.3423729298639913,48.87732391064751],[2.34202945881701,48.877501403822265],[2.3395877337524054,48.8779043039536],[2.339604914483729,48.87816220837871],[2.3397577872666555,48.87815670768974],[2.339920844134369,48.87848437292322],[2.34108825036643,48.87868849123323],[2.3412770219099848,48.878937276853534],[2.341569544104408,48.879031968935905],[2.3424484870489577,48.87930062659736],[2.3429734246267704,48.87920495343462]]],"type":"Polygon"},"properties":{"id_bv":"9-18","arrondissement":"9","num_bv":18,"geo_point_2d":{"lon":2.3421755616795075,"lat":48.878231414866754},"created_user":null,"created_date":null,"last_edited_user":null,"last_edited_date":null,"st_area_shape":42589.04353174292,"st_perimeter_shape":1096.621850453236}},{"type":"Feature","geometry":{"coordinates":[[[2.279420322144441,48.86381988493906],[2.281445100242171,48.863596639942145],[2.2815388056204884,48.86354256775512],[2.28154571859912,48.863519199109724],[2.2818042726201875,48.862636154722985],[2.2817950526279045,48.86261499426983],[2.2800670186517813,48.86103699862677],[2.279893534843571,48.86088507548808],[2.2783414571606833,48.861740233363065],[2.2777004780015133,48.86209489125829],[2.276324232623415,48.86280003533575],[2.276526287310406,48.86318468643884],[2.2773213119092657,48.86391526501324],[2.2772531408159673,48.864024284769094],[2.277379995769888,48.864003149751206],[2.2774231040812483,48.864025226524866],[2.2774707536906504,48.864036739924046],[2.279420322144441,48.86381988493906]]],"type":"Polygon"},"properties":{"id_bv":"16-8","arrondissement":"16","num_bv":8,"geo_point_2d":{"lon":2.279219535420129,"lat":48.86271027208828},"created_user":null,"created_date":null,"last_edited_user":null,"last_edited_date":null,"st_area_shape":84605.91217403147,"st_perimeter_shape":1160.7905624896202}},{"type":"Feature","geometry":{"coordinates":[[[2.3681824667559246,48.83778967553982],[2.36753029528474,48.83724556302661],[2.363681213992137,48.834565529744104],[2.363654574653751,48.83456752851564],[2.361519517247522,48.83570856869036],[2.3596204311997635,48.83647113546636],[2.3595883365431236,48.836470400632045],[2.359293797374496,48.836597397667724],[2.3586949163081763,48.83675382766626],[2.3568583468237465,48.838390607289796],[2.3585878493723316,48.8389412817525],[2.358567111014215,48.838988795513764],[2.3586616602689996,48.83896493508572],[2.361823891031399,48.83996540921399],[2.362048418581823,48.840286948452466],[2.363002625137353,48.84158389259951],[2.364907197969317,48.844180984479976],[2.3649099646533807,48.84405346361269],[2.3681824667559246,48.83778967553982]]],"type":"Polygon"},"properties":{"id_bv":"13-6","arrondissement":"13","num_bv":6,"geo_point_2d":{"lon":2.3633759461420785,"lat":48.838575803602474},"created_user":null,"created_date":null,"last_edited_user":null,"last_edited_date":null,"st_area_shape":394022.096593166,"st_perimeter_shape":2839.2001986760333}},{"type":"Feature","geometry":{"coordinates":[[[2.3103678395320255,48.84137951827271],[2.309334944586831,48.839633534270334],[2.3091974967232454,48.83957839442268],[2.3078067916619642,48.84143395805634],[2.30760485118245,48.841738747949805],[2.3062488723466514,48.842835245487514],[2.306828202124281,48.84306116100067],[2.3064373938335483,48.843637120962136],[2.306383455692766,48.843644978981644],[2.306428108669625,48.84369602597115],[2.306418621431976,48.84370601868455],[2.308195784360871,48.84425382019509],[2.308994642825149,48.844470071279],[2.3094252636973067,48.84196348824378],[2.3103678395320255,48.84137951827271]]],"type":"Polygon"},"properties":{"id_bv":"15-30","arrondissement":"15","num_bv":30,"geo_point_2d":{"lon":2.3084112677350332,"lat":48.842274185422475},"created_user":null,"created_date":null,"last_edited_user":null,"last_edited_date":null,"st_area_shape":75532.04287419032,"st_perimeter_shape":1358.9713574368056}},{"type":"Feature","geometry":{"coordinates":[[[2.339065763494477,48.8759365155715],[2.3390303372291137,48.87579695784786],[2.339048945285507,48.87577676795526],[2.342710644030433,48.87558824118455],[2.3442519594410243,48.8757095727269],[2.344412367978703,48.8758081938931],[2.3444388455626757,48.875808869504596],[2.3454073364803865,48.875621127738114],[2.34549858636966,48.87564188153491],[2.3454089873351203,48.874760333046744],[2.3455523440989787,48.87476457033977],[2.3455921052825057,48.87474437636009],[2.345458964290544,48.87413781614777],[2.3427043448137015,48.87414185560625],[2.3424778842448917,48.87405555251906],[2.3380836839225587,48.87415528260033],[2.3387463791822523,48.87593845342757],[2.3388023697774067,48.87595813890903],[2.339065763494477,48.8759365155715]]],"type":"Polygon"},"properties":{"id_bv":"9-3","arrondissement":"9","num_bv":3,"geo_point_2d":{"lon":2.341875958324656,"lat":48.87489637697453},"created_user":null,"created_date":null,"last_edited_user":null,"last_edited_date":null,"st_area_shape":91569.74259119452,"st_perimeter_shape":1453.3648140106347}},{"type":"Feature","geometry":{"coordinates":[[[2.3814687591367174,48.88238070458301],[2.38147124546697,48.882295247136064],[2.3816607137583197,48.8820260381217],[2.384192641888945,48.87929386302593],[2.3837075752208627,48.87922112476225],[2.3824789894118386,48.878808122069074],[2.3803121423459555,48.87883635379349],[2.3784733346856197,48.87885926743645],[2.3781492614148454,48.878834114675215],[2.37563091049197,48.87855914143478],[2.3758193831772108,48.88006169328282],[2.3755432025828167,48.88019661482503],[2.377100383672714,48.88097057611123],[2.380281997792395,48.88243978676638],[2.3814687591367174,48.88238070458301]]],"type":"Polygon"},"properties":{"id_bv":"19-5","arrondissement":"19","num_bv":5,"geo_point_2d":{"lon":2.3797461527077615,"lat":48.88022303357846},"created_user":null,"created_date":null,"last_edited_user":null,"last_edited_date":null,"st_area_shape":171363.01743487443,"st_perimeter_shape":1749.1619529381899}},{"type":"Feature","geometry":{"coordinates":[[[2.4131239138874525,48.87409693816689],[2.410255869539182,48.87338463267147],[2.4105935511454137,48.87225103841465],[2.4107743067538308,48.87041752263798],[2.4088196314574293,48.87032995881394],[2.4085569164568192,48.872728716328375],[2.406728324807162,48.87222779667204],[2.4067119847134157,48.87222808441085],[2.4066616763572273,48.87234800759514],[2.4066445582018248,48.87234789756007],[2.4056438186456237,48.87206191339425],[2.4046286323073605,48.87177577962836],[2.4050993524947533,48.8730178522857],[2.408363697442457,48.873579725424975],[2.408059854731119,48.874539548928404],[2.4076690972025276,48.875290351827616],[2.40768252883809,48.87529808688437],[2.409174699008352,48.87563204028605],[2.412613529596922,48.87587940778764],[2.4131446822009455,48.87410214728984],[2.4131239138874525,48.87409693816689]]],"type":"Polygon"},"properties":{"id_bv":"20-29","arrondissement":"20","num_bv":29,"geo_point_2d":{"lon":2.409489945081323,"lat":48.873470464998704},"created_user":null,"created_date":null,"last_edited_user":null,"last_edited_date":null,"st_area_shape":161338.50329221546,"st_perimeter_shape":2451.9938586182825}},{"type":"Feature","geometry":{"coordinates":[[[2.337083395329319,48.8301410665761],[2.3378392324458805,48.827366883863284],[2.336793324616632,48.826603116228355],[2.3365081144015307,48.826741776718514],[2.3349519235700695,48.82749825847627],[2.3344236597215127,48.828951975538665],[2.3343962532611573,48.8289683103569],[2.334086866172732,48.82894934884956],[2.333718105738282,48.82952418828751],[2.3336566174419615,48.82951801776731],[2.3337760145752733,48.82968019354387],[2.334062935674325,48.83010088380458],[2.3341170850090753,48.83010790272899],[2.3342301811155157,48.83011984018998],[2.334332957038816,48.82986687595569],[2.3343589400827867,48.82985718501324],[2.3356303006282357,48.830373736169676],[2.337083395329319,48.8301410665761]]],"type":"Polygon"},"properties":{"id_bv":"14-36","arrondissement":"14","num_bv":36,"geo_point_2d":{"lon":2.3359833422391705,"lat":48.8286479209916},"created_user":null,"created_date":null,"last_edited_user":null,"last_edited_date":null,"st_area_shape":79159.75462352969,"st_perimeter_shape":1195.9938607443391}},{"type":"Feature","geometry":{"coordinates":[[[2.384463954296656,48.87059601250453],[2.38403422527214,48.87061145942974],[2.383090716709315,48.86994961018715],[2.3831575441209734,48.86982784344608],[2.382540022705701,48.869618841516306],[2.380771074167466,48.86900320547936],[2.3806941907222985,48.868982347745295],[2.3792529892848924,48.87011266626204],[2.379260276412399,48.87016548618316],[2.381417503066632,48.870982495335404],[2.382665071932772,48.87187487149964],[2.383215143316474,48.87201218846606],[2.3832316212594846,48.87197470721516],[2.3835645352821624,48.87194614330571],[2.384463954296656,48.87059601250453]]],"type":"Polygon"},"properties":{"id_bv":"20-75","arrondissement":"20","num_bv":75,"geo_point_2d":{"lon":2.3819865284590382,"lat":48.870448743438615},"created_user":null,"created_date":null,"last_edited_user":null,"last_edited_date":null,"st_area_shape":61232.99336711811,"st_perimeter_shape":1074.3987081952862}},{"type":"Feature","geometry":{"coordinates":[[[2.32584202066898,48.86961816501235],[2.3259095749243284,48.86958404398557],[2.325215379040295,48.86946396780412],[2.325168701042812,48.869422789915824],[2.3253126345582946,48.86901508714401],[2.3235814069149967,48.86653247732194],[2.3233477362610904,48.86621920212672],[2.3232442935431727,48.866206190090956],[2.31646194694598,48.86835364691519],[2.3159252259258842,48.868306902049056],[2.315630784061755,48.86831140183081],[2.3153574022575465,48.86832518028849],[2.315066969511513,48.86840432928033],[2.3148397009831836,48.86855941922551],[2.3146265945465294,48.86883009358601],[2.3146227909728188,48.86886377385447],[2.314728687347661,48.86900689126333],[2.3146957465355844,48.869049608598324],[2.3120376221559304,48.8699012505876],[2.31201620115317,48.86994850221969],[2.3121988796082205,48.87003898737191],[2.3122172180702996,48.87002673845943],[2.3133775647279555,48.870035618185256],[2.3155536100825835,48.87132836113569],[2.31558946329824,48.87133578786683],[2.3167826333010058,48.87099112047209],[2.317881655617719,48.871251494243054],[2.3185832202848733,48.872055672702714],[2.322088605028487,48.871754114240865],[2.3221112567703543,48.87176281055589],[2.322187777047086,48.87165391720726],[2.3244005981242335,48.87099656329471],[2.3245645064223854,48.87123942481979],[2.324596950526096,48.8712403822272],[2.325213155740196,48.871034615855955],[2.3261308728286507,48.872172692699344],[2.3265533856355143,48.87234947075717],[2.32584202066898,48.86961816501235]]],"type":"Polygon"},"properties":{"id_bv":"8-10","arrondissement":"8","num_bv":10,"geo_point_2d":{"lon":2.3202935860971516,"lat":48.86951356006993},"created_user":null,"created_date":null,"last_edited_user":null,"last_edited_date":null,"st_area_shape":373663.0403153454,"st_perimeter_shape":3054.0139635437845}},{"type":"Feature","geometry":{"coordinates":[[[2.335070864138301,48.880458820424415],[2.335247482065086,48.880313084888066],[2.3352381543925205,48.88029777770065],[2.3346919535988975,48.87939911670041],[2.3339348788997425,48.87957569564352],[2.333875503869795,48.87958698738198],[2.333851902978158,48.87956818318406],[2.333827596517056,48.8795960118299],[2.331525046058934,48.88013539339297],[2.331508836513119,48.88015491285957],[2.3317161577512717,48.881208148462804],[2.3319119526746253,48.88213978257102],[2.3322892689677754,48.88286419497977],[2.3335280112280157,48.88236011476556],[2.335070864138301,48.880458820424415]]],"type":"Polygon"},"properties":{"id_bv":"9-14","arrondissement":"9","num_bv":14,"geo_point_2d":{"lon":2.333214002691142,"lat":48.88095468789198},"created_user":null,"created_date":null,"last_edited_user":null,"last_edited_date":null,"st_area_shape":62888.65847983716,"st_perimeter_shape":1036.0325582108665}},{"type":"Feature","geometry":{"coordinates":[[[2.3251189546169413,48.829827242553584],[2.3260320217316552,48.82922207795107],[2.326440527418359,48.82804813832193],[2.3265973871569545,48.827812468505385],[2.325220440686545,48.8271641249388],[2.3250695443583127,48.82722839105152],[2.322021594571406,48.82855492898373],[2.322102615819365,48.828625941662715],[2.322631640878404,48.82928165430494],[2.323498201587773,48.830280377248904],[2.32380265707964,48.83071463717836],[2.3251189546169413,48.829827242553584]]],"type":"Polygon"},"properties":{"id_bv":"14-9","arrondissement":"14","num_bv":9,"geo_point_2d":{"lon":2.3244224010247514,"lat":48.82878119710619},"created_user":null,"created_date":null,"last_edited_user":null,"last_edited_date":null,"st_area_shape":70544.82046938328,"st_perimeter_shape":1074.6736423692926}},{"type":"Feature","geometry":{"coordinates":[[[2.3286626641808783,48.88076513418767],[2.329487478350675,48.87909418603606],[2.3297810816552564,48.8791352992251],[2.3308113771132937,48.87797011739718],[2.3317311157487843,48.87792583934463],[2.331759115289285,48.87791498237621],[2.3322165263096077,48.87662621741865],[2.3317460941924124,48.87644435890973],[2.3310986015456874,48.8761870873143],[2.330202849417397,48.8759940434665],[2.3268733722909922,48.87557072697587],[2.326840731768586,48.87558517746084],[2.3268431269517498,48.87564607432256],[2.327053234390989,48.88076169672648],[2.3286626641808783,48.88076513418767]]],"type":"Polygon"},"properties":{"id_bv":"9-17","arrondissement":"9","num_bv":17,"geo_point_2d":{"lon":2.3288927392430057,"lat":48.877840531136286},"created_user":null,"created_date":null,"last_edited_user":null,"last_edited_date":null,"st_area_shape":143064.69427524458,"st_perimeter_shape":1694.607319675807}},{"type":"Feature","geometry":{"coordinates":[[[2.379069319212231,48.89571670547157],[2.3792833602418377,48.895642326419946],[2.379390328555525,48.8955833514273],[2.377129712519591,48.893527163069116],[2.3768026114505747,48.8934951137307],[2.376783384233219,48.89350357968035],[2.377610758615607,48.894267473143316],[2.377602917853159,48.8942973338205],[2.3744115875723204,48.894680459882544],[2.3743916584996065,48.89469505242814],[2.3759233767113286,48.89592745079951],[2.377589001408298,48.8962688437959],[2.379069319212231,48.89571670547157]]],"type":"Polygon"},"properties":{"id_bv":"19-41","arrondissement":"19","num_bv":41,"geo_point_2d":{"lon":2.377038670491206,"lat":48.895174996959966},"created_user":null,"created_date":null,"last_edited_user":null,"last_edited_date":null,"st_area_shape":50781.55693793749,"st_perimeter_shape":1113.8415841680708}},{"type":"Feature","geometry":{"coordinates":[[[2.350619863038411,48.821320802447296],[2.346345585077701,48.82138537172043],[2.3441763850605892,48.82003995096501],[2.3438731611563144,48.820367269463546],[2.342640017443227,48.82121181281308],[2.3424481838135285,48.82153011367998],[2.342544947902513,48.82151231727122],[2.342515218262509,48.821472966908736],[2.3429471332609633,48.82156052847327],[2.3444997046872773,48.821721685919044],[2.346260226376036,48.8216899756647],[2.3463223014079526,48.82218931511339],[2.346579818025055,48.82256015336598],[2.3468630231216148,48.82257887508878],[2.3472003520231786,48.82247139665201],[2.3473356027721093,48.822245494066905],[2.3487827910545707,48.822837409254454],[2.3506394024865065,48.823230919625125],[2.350619863038411,48.821320802447296]]],"type":"Polygon"},"properties":{"id_bv":"13-45","arrondissement":"13","num_bv":45,"geo_point_2d":{"lon":2.3471104379131167,"lat":48.821714608849526},"created_user":null,"created_date":null,"last_edited_user":null,"last_edited_date":null,"st_area_shape":78198.06785100815,"st_perimeter_shape":1690.7972660576756}},{"type":"Feature","geometry":{"coordinates":[[[2.3378281860988284,48.88231371076699],[2.339596558387364,48.8820521904331],[2.340420974263264,48.88039341746354],[2.3399950392531705,48.87936351961155],[2.3374470616111767,48.8799846501839],[2.337430355415462,48.88000062252093],[2.3382904104076676,48.88063583078794],[2.3382899761545777,48.88065723700798],[2.3377092933717196,48.88086471098593],[2.3359516404034237,48.881015676554846],[2.335940019604978,48.8810548490897],[2.3370684893773603,48.881852270086526],[2.3367083115538883,48.882139570465114],[2.336735637711765,48.882566789286734],[2.337325394189729,48.882396673824516],[2.3378281860988284,48.88231371076699]]],"type":"Polygon"},"properties":{"id_bv":"9-12","arrondissement":"9","num_bv":12,"geo_point_2d":{"lon":2.3385395098831996,"lat":48.88100988192991},"created_user":null,"created_date":null,"last_edited_user":null,"last_edited_date":null,"st_area_shape":61580.722434047966,"st_perimeter_shape":1222.5640863320646}},{"type":"Feature","geometry":{"coordinates":[[[2.3440978152923715,48.9012598232165],[2.34415298282144,48.89795171048001],[2.3427398160735935,48.8979240082623],[2.342714540709939,48.89788718185362],[2.342672281493333,48.89791781092385],[2.3397189586484024,48.8978646567009],[2.3391519550219595,48.89785227259786],[2.3402483259966838,48.89924660820277],[2.3401815439282165,48.901227454743996],[2.340191862627082,48.90124150314634],[2.3440694559127166,48.901286648269604],[2.3440978152923715,48.9012598232165]]],"type":"Polygon"},"properties":{"id_bv":"18-50","arrondissement":"18","num_bv":50,"geo_point_2d":{"lon":2.3420489234086292,"lat":48.89952011568799},"created_user":null,"created_date":null,"last_edited_user":null,"last_edited_date":null,"st_area_shape":112669.040915869,"st_perimeter_shape":1423.4873922608979}},{"type":"Feature","geometry":{"coordinates":[[[2.3336654048262497,48.867511574880474],[2.331362163641776,48.864029845626554],[2.3312781984106477,48.8640113086075],[2.330144117012505,48.864382533931625],[2.3301276477264974,48.86446733020754],[2.3300648343454164,48.86480736786948],[2.3308406070101197,48.86567149001252],[2.3307172415915005,48.868159687579265],[2.3307405198301305,48.86816693335324],[2.3336654048262497,48.867511574880474]]],"type":"Polygon"},"properties":{"id_bv":"1-9","arrondissement":"1","num_bv":9,"geo_point_2d":{"lon":2.331666158306183,"lat":48.86625094164323},"created_user":null,"created_date":null,"last_edited_user":null,"last_edited_date":null,"st_area_shape":61813.049616153156,"st_perimeter_shape":1186.3802384359742}},{"type":"Feature","geometry":{"coordinates":[[[2.303802862679382,48.83511657172548],[2.3036568391135264,48.834937996542045],[2.3010851679782496,48.83260256398774],[2.2979063805727176,48.83062580187866],[2.2965232373536155,48.831020374095516],[2.2976212326481757,48.83250827765828],[2.2991849887271956,48.83395311427952],[2.3001636433053885,48.83485507893749],[2.3004431194365,48.83484872199862],[2.3006262471003507,48.83506404530211],[2.3014964317648006,48.83476332072061],[2.3020694989417194,48.83489848538932],[2.302321937517614,48.834836340037405],[2.3027302232960247,48.83541707275381],[2.303802862679382,48.83511657172548]]],"type":"Polygon"},"properties":{"id_bv":"15-51","arrondissement":"15","num_bv":51,"geo_point_2d":{"lon":2.2999448076929943,"lat":48.833087583418894},"created_user":null,"created_date":null,"last_edited_user":null,"last_edited_date":null,"st_area_shape":105120.5981544056,"st_perimeter_shape":1620.894868597433}},{"type":"Feature","geometry":{"coordinates":[[[2.277064052544145,48.84810546644386],[2.2756937566496522,48.84694207857789],[2.275483046144278,48.8467189289638],[2.275362438498718,48.84659421449955],[2.2731837897153553,48.847301467924474],[2.273854947430002,48.84790657452938],[2.273854869244203,48.84792920210224],[2.2732483587065246,48.848224759124406],[2.273231752477244,48.84823746701699],[2.273225567104267,48.84844930290831],[2.2717148978468082,48.84948873616354],[2.271699816891943,48.849506238638874],[2.2726160737134693,48.84987851053771],[2.275379412917882,48.851015991745484],[2.2754110436669794,48.85099460937937],[2.275342392204629,48.85052809127634],[2.274954129387158,48.85010782805268],[2.274950866125694,48.8497569519092],[2.2744148941954245,48.849294090525646],[2.2744353187104642,48.84927385996562],[2.275788283005252,48.84895985348672],[2.2757908948983325,48.848939296324296],[2.275501036671629,48.84862016358903],[2.2755028923551244,48.84859382252582],[2.277064052544145,48.84810546644386]]],"type":"Polygon"},"properties":{"id_bv":"16-30","arrondissement":"16","num_bv":30,"geo_point_2d":{"lon":2.274416894610066,"lat":48.84864186673449},"created_user":null,"created_date":null,"last_edited_user":null,"last_edited_date":null,"st_area_shape":80816.44672114968,"st_perimeter_shape":1530.0110487600189}},{"type":"Feature","geometry":{"coordinates":[[[2.310121735122667,48.86896944800501],[2.31201620115317,48.86994850221969],[2.3120376221559304,48.8699012505876],[2.3146957465355844,48.869049608598324],[2.314728687347661,48.86900689126333],[2.3146227909728188,48.86886377385447],[2.3146265945465294,48.86883009358601],[2.3148397009831836,48.86855941922551],[2.315066969511513,48.86840432928033],[2.3153574022575465,48.86832518028849],[2.315630784061755,48.86831140183081],[2.3159252259258842,48.868306902049056],[2.31646194694598,48.86835364691519],[2.3232442935431727,48.866206190090956],[2.3232815474586985,48.866146738112754],[2.3210849869260017,48.86330544631581],[2.3209298578350896,48.86310541349075],[2.3208259304875134,48.863085342946405],[2.318635824300755,48.86377542029256],[2.310499629976728,48.86364691475656],[2.3103916754094884,48.863579215667706],[2.3103903402019417,48.86359976170821],[2.3103070484423287,48.863645038840446],[2.305515551499741,48.86355804760663],[2.3054352097711055,48.86351015593454],[2.3053678212165947,48.863556572392845],[2.305150174226797,48.863554961785916],[2.3018076836395873,48.863491665309525],[2.3017432791899672,48.863448733195334],[2.301670062581479,48.86348591143492],[2.3016066564529987,48.86348107976069],[2.3015472969948463,48.864418474930865],[2.301404410164505,48.864429512375814],[2.301304158055629,48.864500331914925],[2.3013658248919198,48.86458199042241],[2.3014594673698734,48.864544195949165],[2.3015575518384397,48.86457190627481],[2.301564386446975,48.86471284275959],[2.3014552674737443,48.86621942833538],[2.301471150114411,48.86623853235747],[2.304616708348034,48.867989492618634],[2.304621819815232,48.86801354116342],[2.3036863639877923,48.86861656709371],[2.3036960317375215,48.868642402193466],[2.3063841652289847,48.870122422249125],[2.306367466185059,48.870182114806774],[2.310121735122667,48.86896944800501]]],"type":"Polygon"},"properties":{"id_bv":"8-17","arrondissement":"8","num_bv":17,"geo_point_2d":{"lon":2.311485370994957,"lat":48.86620032786034},"created_user":null,"created_date":null,"last_edited_user":null,"last_edited_date":null,"st_area_shape":833505.1504040443,"st_perimeter_shape":4288.318004700501}},{"type":"Feature","geometry":{"coordinates":[[[2.3435028226448793,48.88962751626126],[2.3440103906279735,48.889504034551386],[2.3441032377881394,48.88961500007477],[2.344127415164145,48.889616516568005],[2.344738838640041,48.889483484985625],[2.346085623174238,48.889582672124945],[2.346111861596212,48.889575801577166],[2.346436661245766,48.88892598679578],[2.345644093122827,48.888734899734814],[2.345166987759327,48.88781521814466],[2.3444117267222455,48.88759644211839],[2.3443702159144477,48.88760379255493],[2.3437489983728006,48.88883450508008],[2.343712966324978,48.888848007922846],[2.3430561347918655,48.888463729483526],[2.3418232705205466,48.888424253239855],[2.3427985219910212,48.88979373222779],[2.3435028226448793,48.88962751626126]]],"type":"Polygon"},"properties":{"id_bv":"18-2","arrondissement":"18","num_bv":2,"geo_point_2d":{"lon":2.3442320927596203,"lat":48.88887563683384},"created_user":null,"created_date":null,"last_edited_user":null,"last_edited_date":null,"st_area_shape":41013.156705458045,"st_perimeter_shape":1039.151546260341}},{"type":"Feature","geometry":{"coordinates":[[[2.2942229180574425,48.878912042540755],[2.2958092662304734,48.878476886157756],[2.2980789782106745,48.87809817234774],[2.2981176196624262,48.87803019753862],[2.295044487804093,48.873780171193935],[2.295008624265062,48.87379142210401],[2.292975361790711,48.87443070512046],[2.2932746626315548,48.87485942898935],[2.294120188425394,48.875251099802334],[2.294116854033927,48.875271581532935],[2.2935190855142666,48.87584305540192],[2.2930495407819587,48.87742437031424],[2.2933665746628704,48.87765687873838],[2.294069575842392,48.877655249876305],[2.294089582675486,48.877666793964174],[2.2939562934071165,48.87845048189899],[2.2939497763475822,48.87849379160602],[2.294023674898181,48.87855895375137],[2.2940019640346403,48.87858658651219],[2.2913948774344393,48.87919890381912],[2.2916565922483314,48.879471592436786],[2.2916447974102385,48.87948073187405],[2.2942229180574425,48.878912042540755]]],"type":"Polygon"},"properties":{"id_bv":"17-63","arrondissement":"17","num_bv":63,"geo_point_2d":{"lon":2.295058851082257,"lat":48.87670897915506},"created_user":null,"created_date":null,"last_edited_user":null,"last_edited_date":null,"st_area_shape":127065.39173270922,"st_perimeter_shape":2017.343820271548}},{"type":"Feature","geometry":{"coordinates":[[[2.379088401996633,48.88491348862193],[2.3762291073446487,48.88414952990444],[2.374880106364863,48.88428314434728],[2.373450057838241,48.88542861093006],[2.376146164833797,48.88675138418188],[2.3777162316057714,48.88600835668773],[2.3786242338639543,48.885112900942055],[2.379082244038533,48.88494811040225],[2.379088401996633,48.88491348862193]]],"type":"Polygon"},"properties":{"id_bv":"19-62","arrondissement":"19","num_bv":62,"geo_point_2d":{"lon":2.3761556216312543,"lat":48.885317256060404},"created_user":null,"created_date":null,"last_edited_user":null,"last_edited_date":null,"st_area_shape":67116.99293325361,"st_perimeter_shape":1041.3298028123947}},{"type":"Feature","geometry":{"coordinates":[[[2.3902327518400353,48.87162721450341],[2.390315205856126,48.87175226711799],[2.3914189420938587,48.871490660781646],[2.390394061173652,48.87086525637544],[2.3901920696026244,48.869720872070985],[2.390642470488185,48.86939597714572],[2.388893257819884,48.86928782530865],[2.388348345346796,48.86990679071657],[2.384552809050697,48.87010660590969],[2.384382135409736,48.87018889442685],[2.383501504244629,48.87004593229635],[2.383090716709315,48.86994961018715],[2.38403422527214,48.87061145942974],[2.384463954296656,48.87059601250453],[2.386142506579162,48.870527587419105],[2.388365534209043,48.87102062062801],[2.3890362238153884,48.871693926973414],[2.3893211282746907,48.87180797224925],[2.3902327518400353,48.87162721450341]]],"type":"Polygon"},"properties":{"id_bv":"20-72","arrondissement":"20","num_bv":72,"geo_point_2d":{"lon":2.388312001130162,"lat":48.87050002364964},"created_user":null,"created_date":null,"last_edited_user":null,"last_edited_date":null,"st_area_shape":63981.60648333332,"st_perimeter_shape":1594.313204151631}},{"type":"Feature","geometry":{"coordinates":[[[2.342714540709939,48.89788718185362],[2.340765026397836,48.8948675995877],[2.340805076732141,48.8948263604548],[2.340728831801613,48.89480942470184],[2.340151994089704,48.89525692710402],[2.3401127786174136,48.89526139378388],[2.3401238278513046,48.89527808041132],[2.3394601566518607,48.89582322479946],[2.3394498630324123,48.895839228085705],[2.3394956253841293,48.8959452234754],[2.338021303049069,48.897567980415744],[2.33804650707012,48.89758729590975],[2.339720255607806,48.89761129427363],[2.3397524573397877,48.897626976065844],[2.3397189586484024,48.8978646567009],[2.342672281493333,48.89791781092385],[2.342714540709939,48.89788718185362]]],"type":"Polygon"},"properties":{"id_bv":"18-48","arrondissement":"18","num_bv":48,"geo_point_2d":{"lon":2.340479582912603,"lat":48.89676241979977},"created_user":null,"created_date":null,"last_edited_user":null,"last_edited_date":null,"st_area_shape":60676.87259450668,"st_perimeter_shape":1125.0565773714932}},{"type":"Feature","geometry":{"coordinates":[[[2.3961525201399945,48.87273575334167],[2.3957222111942618,48.87162849027389],[2.395364371708372,48.870705572193835],[2.395546468213788,48.870363354771094],[2.395781954506898,48.87006866482596],[2.3952691946201714,48.86999513656238],[2.3945158351377223,48.869961443049014],[2.392351109424698,48.87158925751329],[2.3932090711999314,48.87212127765094],[2.3942239713148687,48.872675820734905],[2.3941002248714156,48.872818655323485],[2.3961525201399945,48.87273575334167]]],"type":"Polygon"},"properties":{"id_bv":"20-9","arrondissement":"20","num_bv":9,"geo_point_2d":{"lon":2.3944755668885005,"lat":48.87149367298856},"created_user":null,"created_date":null,"last_edited_user":null,"last_edited_date":null,"st_area_shape":53008.511582963205,"st_perimeter_shape":997.2272357760219}},{"type":"Feature","geometry":{"coordinates":[[[2.3971588269570248,48.852993002298575],[2.398439198706871,48.85133720353649],[2.3989596575431,48.84974823163453],[2.399204096216509,48.849017145139356],[2.3992008963517395,48.848881232317396],[2.399229075622265,48.84877973611256],[2.39919136378179,48.848580685328976],[2.3991864670957157,48.84837837275302],[2.399130957470874,48.84809056071216],[2.3974468460147076,48.8482489021166],[2.3975127106608847,48.848282884034944],[2.3974788853724958,48.84863483134123],[2.397320036704364,48.84888058182666],[2.3970581416685777,48.84913275310949],[2.396821370980437,48.84925464694818],[2.396539418247355,48.84934683523673],[2.39616764265651,48.84943382368207],[2.3964086615101925,48.850917331728404],[2.3968476248834816,48.851018046857845],[2.3967573153874,48.85114678792716],[2.3963008768958716,48.85278553415449],[2.3971341984050856,48.85302476106947],[2.3971588269570248,48.852993002298575]]],"type":"Polygon"},"properties":{"id_bv":"11-48","arrondissement":"11","num_bv":48,"geo_point_2d":{"lon":2.3976504590252543,"lat":48.85031534448518},"created_user":null,"created_date":null,"last_edited_user":null,"last_edited_date":null,"st_area_shape":74162.05623141759,"st_perimeter_shape":1354.0364756349582}},{"type":"Feature","geometry":{"coordinates":[[[2.3111467356798463,48.848718694640894],[2.3129231063725255,48.84882025989903],[2.3129585606429215,48.84880702704132],[2.3135742255521983,48.84776225149567],[2.3136304831961,48.847695333452066],[2.3142181718614325,48.846699827575826],[2.314308107073003,48.84612681115503],[2.3137433814336497,48.8459470640519],[2.3136681529382708,48.84598101876485],[2.3121667930460816,48.846948071379074],[2.3105335794348756,48.847993337637135],[2.310464176152657,48.84797688584361],[2.310489065984122,48.848030346176635],[2.3079895789348033,48.84964482735183],[2.3091811776419995,48.850663773778464],[2.3100320700596386,48.85097996738822],[2.3111467356798463,48.848718694640894]]],"type":"Polygon"},"properties":{"id_bv":"7-14","arrondissement":"7","num_bv":14,"geo_point_2d":{"lon":2.311280309166685,"lat":48.84846056388115},"created_user":null,"created_date":null,"last_edited_user":null,"last_edited_date":null,"st_area_shape":84130.03668637533,"st_perimeter_shape":1570.9410234350705}},{"type":"Feature","geometry":{"coordinates":[[[2.3495155919486352,48.891456239245045],[2.349533755927346,48.8894291513543],[2.348455003972896,48.8898729639922],[2.3480885620351817,48.88987779090638],[2.3481131145743213,48.89020829045937],[2.348419218941843,48.89042345425136],[2.3484201418201787,48.890443541177085],[2.345830707049753,48.89075782000728],[2.3458171330509288,48.890805026007094],[2.3467369483747578,48.89120148989345],[2.3483349829572946,48.89165315344519],[2.3495155919486352,48.891456239245045]]],"type":"Polygon"},"properties":{"id_bv":"18-7","arrondissement":"18","num_bv":7,"geo_point_2d":{"lon":2.3482948709011136,"lat":48.89074989518231},"created_user":null,"created_date":null,"last_edited_user":null,"last_edited_date":null,"st_area_shape":32626.60848554285,"st_perimeter_shape":913.1189171994286}},{"type":"Feature","geometry":{"coordinates":[[[2.284030865430445,48.840714646241494],[2.2834247845982203,48.840225719310574],[2.2825959166659024,48.84070417577377],[2.2802275559431235,48.840176534559234],[2.2799810323499643,48.83994792094095],[2.2796883215261143,48.83991248712922],[2.279473746381982,48.839689612993375],[2.279322612221904,48.83974609147841],[2.279328768458342,48.83984144490434],[2.2797727560120564,48.84030659203483],[2.28071099885871,48.841401835158514],[2.279918867328139,48.84165676186733],[2.2799000599305765,48.84167747897218],[2.2806732775774883,48.84254026027283],[2.2816182955365654,48.8421434225095],[2.282311894079879,48.84165695332645],[2.284030865430445,48.840714646241494]]],"type":"Polygon"},"properties":{"id_bv":"15-79","arrondissement":"15","num_bv":79,"geo_point_2d":{"lon":2.2814982860413306,"lat":48.84113633095862},"created_user":null,"created_date":null,"last_edited_user":null,"last_edited_date":null,"st_area_shape":42172.256119712125,"st_perimeter_shape":1140.6444523536563}},{"type":"Feature","geometry":{"coordinates":[[[2.334170943351851,48.87095500783667],[2.328650051656928,48.87002361520631],[2.328188730713328,48.86996167290651],[2.328124972368596,48.869855788860754],[2.32801185433049,48.869937985101366],[2.3259095749243284,48.86958404398557],[2.32584202066898,48.86961816501235],[2.3265533856355143,48.87234947075717],[2.326745118097171,48.87310957020934],[2.3269675106893017,48.873489923229975],[2.327072440633264,48.87371572312018],[2.3265924281292696,48.87553473638863],[2.326511448217355,48.8755659716922],[2.326757224132984,48.87559784806651],[2.3268431269517498,48.87564607432256],[2.326840731768586,48.87558517746084],[2.3268733722909922,48.87557072697587],[2.330202849417397,48.8759940434665],[2.3310986015456874,48.8761870873143],[2.3317460941924124,48.87644435890973],[2.334170943351851,48.87095500783667]]],"type":"Polygon"},"properties":{"id_bv":"9-7","arrondissement":"9","num_bv":7,"geo_point_2d":{"lon":2.3297774736500565,"lat":48.872849547768965},"created_user":null,"created_date":null,"last_edited_user":null,"last_edited_date":null,"st_area_shape":304284.4946777186,"st_perimeter_shape":2365.933009575049}},{"type":"Feature","geometry":{"coordinates":[[[2.283890683041751,48.84478319230026],[2.2839475084367087,48.84474187013978],[2.2847185208084393,48.844436267253506],[2.2849563712988163,48.84448012578836],[2.286427127679234,48.84386481198244],[2.286319784220468,48.84374132158367],[2.286303126886568,48.84353213081497],[2.2861905628583363,48.84287320963286],[2.2858738179340365,48.84253543641912],[2.285570810719825,48.84216811725908],[2.2826130967385465,48.843496798441684],[2.2826128997345316,48.84351902965204],[2.2827071650373743,48.84364422039528],[2.2826924820414467,48.84366478275572],[2.282076734011534,48.84398575391577],[2.2820672429009257,48.844004486559506],[2.2830720693303324,48.84514979014767],[2.283890683041751,48.84478319230026]]],"type":"Polygon"},"properties":{"id_bv":"15-84","arrondissement":"15","num_bv":84,"geo_point_2d":{"lon":2.284368553663952,"lat":48.84368645106537},"created_user":null,"created_date":null,"last_edited_user":null,"last_edited_date":null,"st_area_shape":55367.411391673064,"st_perimeter_shape":984.3349471387018}},{"type":"Feature","geometry":{"coordinates":[[[2.3814637653987876,48.882532956506104],[2.3814687591367174,48.88238070458301],[2.380281997792395,48.88243978676638],[2.377100383672714,48.88097057611123],[2.3755432025828167,48.88019661482503],[2.37389460051809,48.88097038965139],[2.373867833779796,48.88096630160998],[2.3732350255385857,48.88126624332391],[2.373271892106861,48.88126865406773],[2.3741906238709314,48.882038500096236],[2.37571938347606,48.88285301938293],[2.3757393942169163,48.88279377978787],[2.3814637653987876,48.882532956506104]]],"type":"Polygon"},"properties":{"id_bv":"19-4","arrondissement":"19","num_bv":4,"geo_point_2d":{"lon":2.3764839336509724,"lat":48.88174111874147},"created_user":null,"created_date":null,"last_edited_user":null,"last_edited_date":null,"st_area_shape":79358.41124056562,"st_perimeter_shape":1422.968561916176}},{"type":"Feature","geometry":{"coordinates":[[[2.3981627252722535,48.845321404117264],[2.3982164009736833,48.845361142370045],[2.398251362492059,48.84531377646355],[2.402202042646666,48.844968311015684],[2.402268556540335,48.84499156974381],[2.4022463773746607,48.84494521853502],[2.4022902032579347,48.844922173859324],[2.402220399104743,48.84488842749739],[2.401270790486256,48.84233882782806],[2.400383429446017,48.84252257138104],[2.3977934370578184,48.842349193238604],[2.3972294447014577,48.843017714789234],[2.397175792624204,48.84301720251622],[2.3971981692821056,48.84305402976661],[2.395100328518742,48.84557567435741],[2.3981627252722535,48.845321404117264]]],"type":"Polygon"},"properties":{"id_bv":"12-6","arrondissement":"12","num_bv":6,"geo_point_2d":{"lon":2.398976548127378,"lat":48.84400907800107},"created_user":null,"created_date":null,"last_edited_user":null,"last_edited_date":null,"st_area_shape":122472.95453668726,"st_perimeter_shape":1516.7372864543033}},{"type":"Feature","geometry":{"coordinates":[[[2.388662508623944,48.85273838221991],[2.3891221664942583,48.85243763864799],[2.389562653099942,48.85186648636328],[2.390174663539218,48.85151232351962],[2.3903900623099408,48.851156695000924],[2.3907838012471148,48.85048637611138],[2.3881963616937583,48.850455413085726],[2.386577528067791,48.85046017581471],[2.386287554311682,48.85286237625788],[2.3878019562880115,48.853226535221644],[2.388662508623944,48.85273838221991]]],"type":"Polygon"},"properties":{"id_bv":"11-51","arrondissement":"11","num_bv":51,"geo_point_2d":{"lon":2.388158388008876,"lat":48.85160982106225},"created_user":null,"created_date":null,"last_edited_user":null,"last_edited_date":null,"st_area_shape":69505.04293582802,"st_perimeter_shape":1079.213165606637}},{"type":"Feature","geometry":{"coordinates":[[[2.3043821170367482,48.890310364154345],[2.305006841567537,48.89006305392687],[2.3106834906439055,48.8881670301722],[2.3108103491097167,48.888015889742775],[2.3081902342227436,48.88700767394428],[2.3074633594391725,48.88754666668797],[2.3046827184378813,48.88963108539132],[2.3040593982841537,48.890101234217],[2.3040049989247007,48.89011211377658],[2.30388516100413,48.890060353288256],[2.302502476210261,48.89110150938947],[2.3025216613054833,48.891141017095016],[2.302699124239013,48.89112586363385],[2.30286870718445,48.891051294906035],[2.3039629809498994,48.89047777568651],[2.3043821170367482,48.890310364154345]]],"type":"Polygon"},"properties":{"id_bv":"17-15","arrondissement":"17","num_bv":15,"geo_point_2d":{"lon":2.3072960457070733,"lat":48.888666863630235},"created_user":null,"created_date":null,"last_edited_user":null,"last_edited_date":null,"st_area_shape":64796.081572975854,"st_perimeter_shape":1559.7250765318888}},{"type":"Feature","geometry":{"coordinates":[[[2.3946999560094375,48.87622199745841],[2.3952649799379593,48.8760183900099],[2.397907707947405,48.87698348738794],[2.3979400117529113,48.875457405842],[2.3973058089967374,48.875437652393366],[2.3954261885702417,48.87527438039499],[2.3952002009049616,48.875255044455834],[2.392465853032064,48.87541622464274],[2.392420952289241,48.87544888983193],[2.3921334546132154,48.8756848989345],[2.3925590134309513,48.87657759620223],[2.3926118385379436,48.87699021384528],[2.3946999560094375,48.87622199745841]]],"type":"Polygon"},"properties":{"id_bv":"19-37","arrondissement":"19","num_bv":37,"geo_point_2d":{"lon":2.395095208145234,"lat":48.875956844936894},"created_user":null,"created_date":null,"last_edited_user":null,"last_edited_date":null,"st_area_shape":52649.35728081692,"st_perimeter_shape":1206.2260080799508}},{"type":"Feature","geometry":{"coordinates":[[[2.4039211794933735,48.87276668089024],[2.403280138838938,48.872566178585046],[2.402254514881309,48.871597548970946],[2.4012488005055634,48.87317146235523],[2.400842032928361,48.8730530712549],[2.4007648977438953,48.873236927964115],[2.400506115333502,48.8738911758467],[2.402405057459931,48.87569293236083],[2.4025354112390747,48.875968955488574],[2.4039211794933735,48.87276668089024]]],"type":"Polygon"},"properties":{"id_bv":"20-19","arrondissement":"20","num_bv":19,"geo_point_2d":{"lon":2.402260899354329,"lat":48.873671940472164},"created_user":null,"created_date":null,"last_edited_user":null,"last_edited_date":null,"st_area_shape":59045.17955236272,"st_perimeter_shape":1148.8176288231355}},{"type":"Feature","geometry":{"coordinates":[[[2.2937362601364226,48.84865225497574],[2.2938013000815767,48.848723086921716],[2.2938533175352913,48.84870715774296],[2.29397401855651,48.84866443712762],[2.2935112761169085,48.848126025714116],[2.2956900736670423,48.84733397177106],[2.295913940140117,48.84706337566431],[2.293268239875913,48.846918995219916],[2.2925354129136863,48.846898609421764],[2.2926221286761703,48.84706918395631],[2.292494149629361,48.84711931234955],[2.2900803517489328,48.84804617694308],[2.2901974135158905,48.84809757855184],[2.290870539387741,48.84894395378002],[2.2909666356132523,48.84905854099109],[2.2937362601364226,48.84865225497574]]],"type":"Polygon"},"properties":{"id_bv":"15-12","arrondissement":"15","num_bv":12,"geo_point_2d":{"lon":2.292721459271271,"lat":48.84789719952559},"created_user":null,"created_date":null,"last_edited_user":null,"last_edited_date":null,"st_area_shape":53384.146253933905,"st_perimeter_shape":1133.0201038508817}},{"type":"Feature","geometry":{"coordinates":[[[2.329473512045933,48.83086711880468],[2.3288423564203584,48.830149991563225],[2.3269338982316468,48.830718297399805],[2.3259454669060595,48.83010375059085],[2.326048619094051,48.829833646980006],[2.3251189546169413,48.829827242553584],[2.32380265707964,48.83071463717836],[2.323993975562377,48.83098775705026],[2.3248579425377978,48.83222628329736],[2.3249093678121744,48.83229908555492],[2.324953457542978,48.832302747529624],[2.3251208097300906,48.83202838744632],[2.329473512045933,48.83086711880468]]],"type":"Polygon"},"properties":{"id_bv":"14-2","arrondissement":"14","num_bv":2,"geo_point_2d":{"lon":2.3261881415832195,"lat":48.83092642713108},"created_user":null,"created_date":null,"last_edited_user":null,"last_edited_date":null,"st_area_shape":54486.79771222166,"st_perimeter_shape":1157.7105577177335}},{"type":"Feature","geometry":{"coordinates":[[[2.3508735843885225,48.86342762763833],[2.350908321196735,48.86341925876844],[2.3509435535311263,48.86335951834741],[2.3502037843418,48.86202936288266],[2.350151184010148,48.861963415045444],[2.349424711147759,48.86066201068231],[2.3491555651553933,48.86072566361291],[2.3495138001538614,48.86138355158978],[2.3495112858801757,48.862133932573116],[2.3492272767650255,48.862199286438845],[2.3490241438745634,48.86183298559813],[2.348428921939967,48.86195787367453],[2.3484117441229797,48.861966187245734],[2.348610674695484,48.862342101831665],[2.3459267749728263,48.86294796594621],[2.346131551525504,48.863169218882355],[2.3465963553877383,48.86344784508262],[2.3476820221103454,48.86370069015987],[2.3477243259270706,48.86414415873854],[2.3477948102914525,48.864172602447475],[2.3508735843885225,48.86342762763833]]],"type":"Polygon"},"properties":{"id_bv":"1-4","arrondissement":"1","num_bv":4,"geo_point_2d":{"lon":2.348782524501638,"lat":48.862909419265186},"created_user":null,"created_date":null,"last_edited_user":null,"last_edited_date":null,"st_area_shape":54813.58140879689,"st_perimeter_shape":1332.6695579809912}},{"type":"Feature","geometry":{"coordinates":[[[2.3423137442781,48.876510326225116],[2.3431657005219915,48.876548634514435],[2.3441152032005816,48.87653100193578],[2.34424372392371,48.87654333173956],[2.346008436756339,48.8765785420441],[2.34613325756478,48.87661617938626],[2.3461587340911456,48.87658204846091],[2.3485746274139303,48.87662488757967],[2.3486027018104383,48.87659462303224],[2.3483846206861454,48.87647675548849],[2.3479988634842752,48.875678837381535],[2.346982011875505,48.87572292453213],[2.34549858636966,48.87564188153491],[2.3454073364803865,48.875621127738114],[2.3444388455626757,48.875808869504596],[2.344412367978703,48.8758081938931],[2.3442519594410243,48.8757095727269],[2.342710644030433,48.87558824118455],[2.339048945285507,48.87577676795526],[2.3390303372291137,48.87579695784786],[2.339065763494477,48.8759365155715],[2.339321459353686,48.87666746601388],[2.340320094731167,48.87659498289098],[2.3423137442781,48.876510326225116]]],"type":"Polygon"},"properties":{"id_bv":"9-5","arrondissement":"9","num_bv":5,"geo_point_2d":{"lon":2.3437089373558555,"lat":48.876129436041325},"created_user":null,"created_date":null,"last_edited_user":null,"last_edited_date":null,"st_area_shape":65912.68050289545,"st_perimeter_shape":1568.9334187884665}},{"type":"Feature","geometry":{"coordinates":[[[2.3078067916619642,48.84143395805634],[2.304986323835356,48.8406088062197],[2.3043344391993,48.84042703998065],[2.304259848467299,48.84041079796773],[2.3042254991094095,48.84044511865804],[2.303219596312261,48.84188712266992],[2.3038387982123933,48.842237193782616],[2.3059161615818247,48.84314519522859],[2.306383455692766,48.843644978981644],[2.3064373938335483,48.843637120962136],[2.306828202124281,48.84306116100067],[2.3062488723466514,48.842835245487514],[2.30760485118245,48.841738747949805],[2.3078067916619642,48.84143395805634]]],"type":"Polygon"},"properties":{"id_bv":"15-29","arrondissement":"15","num_bv":29,"geo_point_2d":{"lon":2.3054484940058475,"lat":48.841810020714085},"created_user":null,"created_date":null,"last_edited_user":null,"last_edited_date":null,"st_area_shape":59047.885295992855,"st_perimeter_shape":1091.2227448288113}},{"type":"Feature","geometry":{"coordinates":[[[2.3398794808380328,48.86210293971201],[2.3401399261878146,48.862109542784275],[2.342423521463849,48.8615564233177],[2.3442280430464977,48.86125989564761],[2.3446288735232588,48.86131777004665],[2.3448031508419627,48.8616467371881],[2.346042071361907,48.861025921733194],[2.3454493485951935,48.860400360930406],[2.344816022226976,48.8596241376016],[2.3391116822366853,48.86148030040109],[2.339134156863452,48.86152367417942],[2.339426846169742,48.86208867507954],[2.339388912961706,48.86213791993454],[2.3392035381403855,48.86219371911222],[2.3391736913891465,48.86223515184304],[2.3392254064390308,48.86235188134613],[2.339693600798615,48.86224532696627],[2.3398794808380328,48.86210293971201]]],"type":"Polygon"},"properties":{"id_bv":"1-2","arrondissement":"1","num_bv":2,"geo_point_2d":{"lon":2.3427721007586104,"lat":48.86100163466294},"created_user":null,"created_date":null,"last_edited_user":null,"last_edited_date":null,"st_area_shape":63134.62679321133,"st_perimeter_shape":1332.162749588019}},{"type":"Feature","geometry":{"coordinates":[[[2.3336394458380316,48.888123497995764],[2.3332538265868474,48.88765679742904],[2.333265799503541,48.88763534408698],[2.3339443694841817,48.88721049385882],[2.3345452796392294,48.88664678347804],[2.3349932886840947,48.88577182545137],[2.3349467508805835,48.885754228800245],[2.334776986865469,48.885805905465126],[2.334730189806369,48.885800919480396],[2.332771571817185,48.88387785353793],[2.3327222123457467,48.88389090473624],[2.3323682291297465,48.8848684299079],[2.330001295215866,48.88748224314184],[2.3302696120174136,48.88766935295806],[2.331928717950602,48.88877112790435],[2.332265493039985,48.88922883554806],[2.3329166014579217,48.88878255408823],[2.3330772683663934,48.88855455600319],[2.333626402341088,48.888148899749204],[2.3336394458380316,48.888123497995764]]],"type":"Polygon"},"properties":{"id_bv":"18-29","arrondissement":"18","num_bv":29,"geo_point_2d":{"lon":2.3325734769337565,"lat":48.88668781798256},"created_user":null,"created_date":null,"last_edited_user":null,"last_edited_date":null,"st_area_shape":100490.8469023645,"st_perimeter_shape":1460.6180028043962}},{"type":"Feature","geometry":{"coordinates":[[[2.368910327759914,48.83523232185237],[2.3662966884036267,48.834362367439496],[2.3662781616014943,48.83431453713173],[2.366232363079685,48.834340799737944],[2.364522880997532,48.833769229552324],[2.3633356737578888,48.83337512887604],[2.3633142692011138,48.83332290820192],[2.363269036652454,48.833354422329094],[2.3619401740347223,48.83289681424567],[2.361995696451969,48.83295813623781],[2.362004734774825,48.83321898443663],[2.3620242065274133,48.83323400073957],[2.363189227538944,48.833607247095735],[2.363186671065501,48.833623923968645],[2.3595731387579013,48.83640443704977],[2.3596024926023698,48.83644594889328],[2.3595883365431236,48.836470400632045],[2.3596204311997635,48.83647113546636],[2.361519517247522,48.83570856869036],[2.363654574653751,48.83456752851564],[2.363681213992137,48.834565529744104],[2.36753029528474,48.83724556302661],[2.3681824667559246,48.83778967553982],[2.3689321345437153,48.83523957967898],[2.368910327759914,48.83523232185237]]],"type":"Polygon"},"properties":{"id_bv":"13-4","arrondissement":"13","num_bv":4,"geo_point_2d":{"lon":2.3653518844853694,"lat":48.83523619825192},"created_user":null,"created_date":null,"last_edited_user":null,"last_edited_date":null,"st_area_shape":106995.91939454258,"st_perimeter_shape":2282.8739146692305}},{"type":"Feature","geometry":{"coordinates":[[[2.3682471627225583,48.87941796740489],[2.3689870804118263,48.87898929407996],[2.3672464274352247,48.87745622413289],[2.3671179326957557,48.876973817149796],[2.36785997498181,48.87667277482608],[2.3658310348838385,48.87548995772357],[2.3664463089293823,48.87409041482665],[2.3649593815858236,48.873745867575806],[2.3646050092458823,48.87391119251356],[2.363994319078012,48.87406815977295],[2.3638398309729793,48.873973056970904],[2.3630636969444305,48.87416294796953],[2.364581073968977,48.87617591573935],[2.3648760626209286,48.876525216746806],[2.3657022283052838,48.877500301557795],[2.3657154941803955,48.877544137882644],[2.3675864547830185,48.879752506054466],[2.367630770136318,48.879761563479555],[2.3682471627225583,48.87941796740489]]],"type":"Polygon"},"properties":{"id_bv":"10-18","arrondissement":"10","num_bv":18,"geo_point_2d":{"lon":2.3660040592329943,"lat":48.87644352629924},"created_user":null,"created_date":null,"last_edited_user":null,"last_edited_date":null,"st_area_shape":97698.11632583562,"st_perimeter_shape":1803.4541689720547}},{"type":"Feature","geometry":{"coordinates":[[[2.307617237686606,48.83777923935952],[2.306529723765058,48.83659852700651],[2.306503086502591,48.83656908722867],[2.306440548258177,48.83658019881145],[2.3059795745349065,48.83741214895206],[2.3052594039444814,48.83863122307111],[2.304293667190929,48.840376315891724],[2.3043344391993,48.84042703998065],[2.304986323835356,48.8406088062197],[2.3062254241665348,48.83911935435404],[2.3071614264981,48.83821810198505],[2.3076415516681923,48.83782602775276],[2.3076513332178106,48.83781614002846],[2.307617237686606,48.83777923935952]]],"type":"Polygon"},"properties":{"id_bv":"15-42","arrondissement":"15","num_bv":42,"geo_point_2d":{"lon":2.3059788251695994,"lat":48.83857086253891},"created_user":null,"created_date":null,"last_edited_user":null,"last_edited_date":null,"st_area_shape":38314.93291974694,"st_perimeter_shape":1043.745324961301}},{"type":"Feature","geometry":{"coordinates":[[[2.3480793159955664,48.84443365911195],[2.3492168873618895,48.844511661336874],[2.3492479592342246,48.844503355678135],[2.349277637936499,48.84449542286325],[2.3492555160903454,48.844474126173424],[2.349772466588083,48.842292641063544],[2.3496458260513107,48.84149468508266],[2.349621416649551,48.84131066577927],[2.349704368981872,48.840641247040416],[2.3494340400657037,48.840641734192694],[2.349405425221647,48.841595240701224],[2.347919426127772,48.841926530874865],[2.3471661766431313,48.84276685711462],[2.3457871539691273,48.84407612418786],[2.345644320289745,48.84484263964897],[2.3449604725153397,48.844949498928365],[2.3449464917643317,48.8449665345244],[2.3449655536187444,48.84503277072532],[2.3451595890719212,48.845182339979154],[2.345410461016584,48.84509998329376],[2.3480793159955664,48.84443365911195]]],"type":"Polygon"},"properties":{"id_bv":"5-5","arrondissement":"5","num_bv":5,"geo_point_2d":{"lon":2.347962490674737,"lat":48.843347250375025},"created_user":null,"created_date":null,"last_edited_user":null,"last_edited_date":null,"st_area_shape":69806.43850724064,"st_perimeter_shape":1447.4207477084171}},{"type":"Feature","geometry":{"coordinates":[[[2.3172630817296134,48.83834114422112],[2.31477885000535,48.83630053199811],[2.3129948126755733,48.836819700759115],[2.312451901780347,48.83716325098603],[2.3125033520989717,48.8375968121575],[2.3122474033848484,48.83759665928518],[2.311411508339433,48.83751063438339],[2.3111502089166662,48.837678376113956],[2.3108057884669795,48.83768696155595],[2.3107974429859857,48.837711111931796],[2.310925208472268,48.83787623852742],[2.3111262187198043,48.838158171578286],[2.3112602639417394,48.83810980728631],[2.312333557231474,48.83888546141917],[2.3145902320688707,48.8387713756377],[2.3147428217437707,48.839656098272336],[2.3149271553269113,48.84039059690997],[2.31623033445168,48.839317040431],[2.3172630817296134,48.83834114422112]]],"type":"Polygon"},"properties":{"id_bv":"15-38","arrondissement":"15","num_bv":38,"geo_point_2d":{"lon":2.3143582713517965,"lat":48.838072774326},"created_user":null,"created_date":null,"last_edited_user":null,"last_edited_date":null,"st_area_shape":95446.24221266925,"st_perimeter_shape":1489.9902770248113}},{"type":"Feature","geometry":{"coordinates":[[[2.3197551766613103,48.88888025748671],[2.322153000250402,48.887489680385386],[2.3230306177596525,48.88695687375161],[2.322933415216071,48.88686646315526],[2.3204405433630466,48.88768053385883],[2.3202336529003866,48.88760741945993],[2.3197958238169756,48.887156475312324],[2.319379211037189,48.88716782442018],[2.3183977832088773,48.88653887923973],[2.3176265906052578,48.8869285676088],[2.3189657591722197,48.88836284907354],[2.3189628532082915,48.8883936956997],[2.31814908032587,48.888847044683644],[2.3181414003104837,48.88887229095689],[2.318830681952363,48.88938283517465],[2.3197551766613103,48.88888025748671]]],"type":"Polygon"},"properties":{"id_bv":"17-8","arrondissement":"17","num_bv":8,"geo_point_2d":{"lon":2.319672473238178,"lat":48.88786314008628},"created_user":null,"created_date":null,"last_edited_user":null,"last_edited_date":null,"st_area_shape":43300.65074143541,"st_perimeter_shape":1252.4516420866566}},{"type":"Feature","geometry":{"coordinates":[[[2.277565761617367,48.851757509680624],[2.2771245176750075,48.851367968531186],[2.2754621245149282,48.85124754264207],[2.2754391986161733,48.85122574624768],[2.275416613183691,48.85103128047065],[2.275379412917882,48.851015991745484],[2.2726160737134693,48.84987851053771],[2.2714498641161076,48.8506108883977],[2.2714062702794364,48.850624313957724],[2.271318967737757,48.85068071743142],[2.2713135571095657,48.85071134379706],[2.27255788579488,48.85125100526028],[2.2738998638341164,48.85184623843242],[2.2757949009610106,48.8529119405603],[2.2758677307535184,48.85289139743881],[2.2759771653248495,48.85262877421023],[2.2760046386547357,48.85260318362442],[2.277565761617367,48.851757509680624]]],"type":"Polygon"},"properties":{"id_bv":"16-21","arrondissement":"16","num_bv":21,"geo_point_2d":{"lon":2.274454936436564,"lat":48.851346840754594},"created_user":null,"created_date":null,"last_edited_user":null,"last_edited_date":null,"st_area_shape":59011.7375705816,"st_perimeter_shape":1176.1120090489853}},{"type":"Feature","geometry":{"coordinates":[[[2.385532886136203,48.8430371206084],[2.38590588028224,48.84265993348978],[2.3868760817067174,48.841665581927806],[2.3876406363931824,48.84084275389235],[2.389286495047993,48.83898899437953],[2.389679663789565,48.83857622150991],[2.3882632175123466,48.83803154587354],[2.386827388916398,48.83918227194827],[2.387522033023364,48.83950710612258],[2.387534769830576,48.839530266046644],[2.387050689265652,48.84001451205127],[2.3870475551796946,48.840035975440024],[2.3871311267259547,48.8400931911109],[2.385055125897624,48.8421494432168],[2.3850497430580497,48.842166599614714],[2.3857102297277573,48.84254539295575],[2.3857111054819504,48.842572591384744],[2.3851834722746013,48.84318854646768],[2.385188471948071,48.84321011360908],[2.3852864648820216,48.843272452606556],[2.385532886136203,48.8430371206084]]],"type":"Polygon"},"properties":{"id_bv":"12-49","arrondissement":"12","num_bv":49,"geo_point_2d":{"lon":2.3873906276084162,"lat":48.840207000109885},"created_user":null,"created_date":null,"last_edited_user":null,"last_edited_date":null,"st_area_shape":51982.453874802566,"st_perimeter_shape":1475.9696002430785}},{"type":"Feature","geometry":{"coordinates":[[[2.349688926791306,48.84148084705332],[2.3496691650699515,48.84146912254258],[2.35043379237905,48.840631403959286],[2.351047793308567,48.84042936483897],[2.3517685871292398,48.8407169701861],[2.3528038924069197,48.84044833556556],[2.353925034879781,48.84066348645527],[2.3539321022014916,48.84065128877934],[2.3541289863009403,48.83904746925877],[2.353225401659253,48.83891933443817],[2.3507564268467815,48.83850160181627],[2.349249693392982,48.837655348753096],[2.349952015991573,48.839129911684275],[2.3497705770684854,48.83979477150643],[2.3497901861723633,48.84002051525077],[2.349704368981872,48.840641247040416],[2.349621416649551,48.84131066577927],[2.3496458260513107,48.84149468508266],[2.349688926791306,48.84148084705332]]],"type":"Polygon"},"properties":{"id_bv":"5-16","arrondissement":"5","num_bv":16,"geo_point_2d":{"lon":2.351621285309993,"lat":48.83960902514428},"created_user":null,"created_date":null,"last_edited_user":null,"last_edited_date":null,"st_area_shape":70739.59428084998,"st_perimeter_shape":1410.8897176633245}},{"type":"Feature","geometry":{"coordinates":[[[2.354800075297492,48.880212064103894],[2.357876227258725,48.879513470498495],[2.358736900774555,48.87991823695227],[2.358799821437471,48.87977669360757],[2.3586071109505364,48.87957046886239],[2.3585247885141305,48.87918771273554],[2.3572832572226434,48.8792479236555],[2.3569202821113167,48.879367385169],[2.3569052036688367,48.87935738273842],[2.3559467224503168,48.87738861989715],[2.3552883756971275,48.87716566832638],[2.3545272822664085,48.87798524983016],[2.3544904287606707,48.87798016683634],[2.354291265041547,48.87778947274651],[2.3527382364931873,48.87790429466065],[2.3519168775207815,48.87750491828836],[2.351307103360935,48.87754153975775],[2.351035198605533,48.87785041817277],[2.351134390345121,48.878247625922235],[2.3518576760430063,48.87819707320548],[2.352123038790202,48.87920246494659],[2.3525592869998606,48.87938881050738],[2.3531669275636404,48.87934098248469],[2.3531905559355164,48.879372835003075],[2.352663094749264,48.880016202907164],[2.3527370418564613,48.88023874582286],[2.3527580831500976,48.88025287027286],[2.353563288839496,48.88007265540817],[2.3537349989762903,48.88045732732855],[2.354800075297492,48.880212064103894]]],"type":"Polygon"},"properties":{"id_bv":"10-30","arrondissement":"10","num_bv":30,"geo_point_2d":{"lon":2.3545055369080217,"lat":48.878864417383724},"created_user":null,"created_date":null,"last_edited_user":null,"last_edited_date":null,"st_area_shape":97088.46952636848,"st_perimeter_shape":1815.8438911963294}},{"type":"Feature","geometry":{"coordinates":[[[2.3974468460147076,48.8482489021166],[2.399130957470874,48.84809056071216],[2.3990481171665268,48.84765182287996],[2.3975422534637936,48.84781911183642],[2.397524791849243,48.84781675753392],[2.397477206956555,48.84768318413866],[2.3967830146644173,48.84738583192011],[2.3982164009736833,48.845361142370045],[2.3981627252722535,48.845321404117264],[2.395100328518742,48.84557567435741],[2.3946147828972904,48.84613625840303],[2.394458519497846,48.84631017012949],[2.3944763359413543,48.84634373612165],[2.394839243160901,48.846332799712236],[2.395384061676625,48.848463421260305],[2.3960135684896193,48.848380729624814],[2.3974468460147076,48.8482489021166]]],"type":"Polygon"},"properties":{"id_bv":"12-16","arrondissement":"12","num_bv":16,"geo_point_2d":{"lon":2.3964413549023877,"lat":48.84688168872111},"created_user":null,"created_date":null,"last_edited_user":null,"last_edited_date":null,"st_area_shape":63101.34992105741,"st_perimeter_shape":1362.7600806500652}},{"type":"Feature","geometry":{"coordinates":[[[2.382540022705701,48.869618841516306],[2.382847702412165,48.86927792627953],[2.3841841756325013,48.86834330874925],[2.385257209301365,48.868749622157694],[2.385670210573644,48.868432357908375],[2.3861515160050666,48.86844138888674],[2.386500967097228,48.867898829778724],[2.3831338698679057,48.867085006336126],[2.3830864124645865,48.86718989455473],[2.3828757470440953,48.86734235908709],[2.3807558028724407,48.86893693515709],[2.380771074167466,48.86900320547936],[2.382540022705701,48.869618841516306]]],"type":"Polygon"},"properties":{"id_bv":"20-70","arrondissement":"20","num_bv":70,"geo_point_2d":{"lon":2.383460893576604,"lat":48.868276361982495},"created_user":null,"created_date":null,"last_edited_user":null,"last_edited_date":null,"st_area_shape":53619.018259694334,"st_perimeter_shape":1113.3089261332098}},{"type":"Feature","geometry":{"coordinates":[[[2.33180168224411,48.85025534449274],[2.331675960410489,48.84846999213089],[2.3315847927720528,48.84715823360361],[2.3315270997142106,48.84716075234288],[2.3309716423266886,48.847185705739015],[2.329538296509828,48.847867675795165],[2.328719027270983,48.849024639448224],[2.3280340705350073,48.84994948174124],[2.329747860154314,48.850090326336755],[2.329906058062731,48.85026009488618],[2.33180168224411,48.85025534449274]]],"type":"Polygon"},"properties":{"id_bv":"6-12","arrondissement":"6","num_bv":12,"geo_point_2d":{"lon":2.330326916861138,"lat":48.84893805235774},"created_user":null,"created_date":null,"last_edited_user":null,"last_edited_date":null,"st_area_shape":63102.970339808984,"st_perimeter_shape":1063.9916079742397}},{"type":"Feature","geometry":{"coordinates":[[[2.3524743230920513,48.86625471524005],[2.352517166861943,48.86619163055929],[2.352035272431427,48.86531948398506],[2.3519337592373275,48.865314778478634],[2.3514609002725306,48.86532491761458],[2.350659513381225,48.865275184256966],[2.3504157376275443,48.865169314418004],[2.349716763125059,48.86530604030843],[2.348760874880971,48.86543056420835],[2.347252576084997,48.86570732724169],[2.3470781473334266,48.86566960430151],[2.347029471410966,48.865704830467664],[2.347078198700496,48.86593653982774],[2.347152107209385,48.8662832164955],[2.347325457360474,48.86739621254641],[2.3524743230920513,48.86625471524005]]],"type":"Polygon"},"properties":{"id_bv":"2-10","arrondissement":"2","num_bv":10,"geo_point_2d":{"lon":2.3495288141921233,"lat":48.86614930819686},"created_user":null,"created_date":null,"last_edited_user":null,"last_edited_date":null,"st_area_shape":61347.36395005534,"st_perimeter_shape":1079.9505756608366}},{"type":"Feature","geometry":{"coordinates":[[[2.296242528368132,48.88785311904391],[2.2970656115889216,48.887559068395724],[2.2977358453981926,48.88750163629718],[2.2979602104526515,48.88727112507015],[2.297959032295562,48.88724754848282],[2.296087897610138,48.886465679752014],[2.2960740083448368,48.886431262486845],[2.2970137153344883,48.885513135568566],[2.2959133401373273,48.88532699560304],[2.2937590203688587,48.88557218778461],[2.293725714011825,48.88556600985459],[2.2935700585427785,48.88544630671655],[2.29357139382725,48.88541231349613],[2.2945899718192155,48.88454046761876],[2.294593824060501,48.88451118281676],[2.29452011810545,48.88447290186281],[2.2924736960952825,48.88612664569407],[2.2924363558911636,48.88615678202032],[2.29471892929367,48.88754428034037],[2.296127747361582,48.88787534043017],[2.2961751362766782,48.887876877161105],[2.296242528368132,48.88785311904391]]],"type":"Polygon"},"properties":{"id_bv":"17-40","arrondissement":"17","num_bv":40,"geo_point_2d":{"lon":2.295148411384831,"lat":48.88649349982852},"created_user":null,"created_date":null,"last_edited_user":null,"last_edited_date":null,"st_area_shape":65838.02436797137,"st_perimeter_shape":1428.9553612208392}},{"type":"Feature","geometry":{"coordinates":[[[2.3967199316041343,48.83400946848102],[2.3966765116151545,48.83346116528249],[2.3965435238086013,48.833384863114276],[2.395741423890914,48.83402204510804],[2.3957056187476895,48.834029000680104],[2.3948922633322764,48.83360044375821],[2.394184367980504,48.834059871794224],[2.3938914680188605,48.83431099177763],[2.392763954635167,48.835300277329154],[2.392169668684896,48.83607840627257],[2.393037615663923,48.83644600204285],[2.3961737691052427,48.83487093397883],[2.3967623205120634,48.834617046029486],[2.3967199316041343,48.83400946848102]]],"type":"Polygon"},"properties":{"id_bv":"12-28","arrondissement":"12","num_bv":28,"geo_point_2d":{"lon":2.394560289180212,"lat":48.83490602103089},"created_user":null,"created_date":null,"last_edited_user":null,"last_edited_date":null,"st_area_shape":50757.95445304582,"st_perimeter_shape":1072.087280895391}},{"type":"Feature","geometry":{"coordinates":[[[2.403465589257076,48.847705387756434],[2.4031584246021027,48.84575267010195],[2.4025977043292754,48.84511472760332],[2.402332964672632,48.84510553685254],[2.3989998593529753,48.84736902223705],[2.3989859388781682,48.84740559020778],[2.3990481171665268,48.84765182287996],[2.399130957470874,48.84809056071216],[2.403465589257076,48.847705387756434]]],"type":"Polygon"},"properties":{"id_bv":"12-30","arrondissement":"12","num_bv":30,"geo_point_2d":{"lon":2.401519798329652,"lat":48.846862823878155},"created_user":null,"created_date":null,"last_edited_user":null,"last_edited_date":null,"st_area_shape":65249.76876092101,"st_perimeter_shape":1072.81541426684}},{"type":"Feature","geometry":{"coordinates":[[[2.368802876979266,48.883867275155644],[2.369032984236669,48.883406569103734],[2.3691897042100267,48.88326411131643],[2.3693468252160117,48.88313080518561],[2.3701991981187964,48.88273002239805],[2.3702502511975543,48.88265136230011],[2.3702522455742443,48.882597735949595],[2.3703162582219104,48.88248817111069],[2.3703501252948014,48.882470983195915],[2.370250156032824,48.88242660434389],[2.3702428387918664,48.88159692421619],[2.3702189562289284,48.881607812672065],[2.3699561570558947,48.88141033571609],[2.3682471627225583,48.87941796740489],[2.367630770136318,48.879761563479555],[2.3675810750599258,48.88063063076015],[2.3657460175464164,48.88157212275987],[2.3686331508891523,48.883921625933304],[2.3686154328450177,48.88398777605474],[2.368705292553617,48.8839665536233],[2.368802876979266,48.883867275155644]]],"type":"Polygon"},"properties":{"id_bv":"10-21","arrondissement":"10","num_bv":21,"geo_point_2d":{"lon":2.3683095649947217,"lat":48.88176335356226},"created_user":null,"created_date":null,"last_edited_user":null,"last_edited_date":null,"st_area_shape":82930.18522262019,"st_perimeter_shape":1278.024851866351}},{"type":"Feature","geometry":{"coordinates":[[[2.3657154941803955,48.877544137882644],[2.3657022283052838,48.877500301557795],[2.3648760626209286,48.876525216746806],[2.3639054171260208,48.87691455396787],[2.3638122820453304,48.87705104823002],[2.363098430489126,48.87733625593102],[2.363092034927022,48.87736130251141],[2.3631423863731977,48.87745509744719],[2.363122788129024,48.87747246273204],[2.3616986414349768,48.87800069406548],[2.3620353786206842,48.878559679568355],[2.3635650432233772,48.8797943300835],[2.3648948912280328,48.87912052472465],[2.3654490208830317,48.87772806381159],[2.365666801926739,48.87754881901765],[2.3657154941803955,48.877544137882644]]],"type":"Polygon"},"properties":{"id_bv":"10-20","arrondissement":"10","num_bv":20,"geo_point_2d":{"lon":2.3638619372309475,"lat":48.87816194581545},"created_user":null,"created_date":null,"last_edited_user":null,"last_edited_date":null,"st_area_shape":57595.5487757376,"st_perimeter_shape":982.8983076665487}},{"type":"Feature","geometry":{"coordinates":[[[2.2758015692108957,48.86422833806177],[2.2762864841066164,48.86417052730405],[2.2772531408159673,48.864024284769094],[2.2773213119092657,48.86391526501324],[2.276526287310406,48.86318468643884],[2.276324232623415,48.86280003533575],[2.2759864201698083,48.86264935413044],[2.2754106220461354,48.86149924917064],[2.2738454914500696,48.86191315711722],[2.2728631437776197,48.86213096534402],[2.2728272716293882,48.86211415159123],[2.272753503448729,48.86215764849559],[2.2723170505177777,48.862980326534235],[2.2720484484682366,48.863961199899066],[2.272910793039929,48.86416774331653],[2.274475265975617,48.86431778408797],[2.2758015692108957,48.86422833806177]]],"type":"Polygon"},"properties":{"id_bv":"16-1","arrondissement":"16","num_bv":1,"geo_point_2d":{"lon":2.274486160272643,"lat":48.86314392435345},"created_user":null,"created_date":null,"last_edited_user":null,"last_edited_date":null,"st_area_shape":78250.28107780278,"st_perimeter_shape":1130.9711359434018}},{"type":"Feature","geometry":{"coordinates":[[[2.3052479713274017,48.834502217704895],[2.303121569723968,48.832085505831486],[2.3028667726043364,48.83152522068974],[2.302367131979444,48.831134548400684],[2.301951546437572,48.830412927844435],[2.301693290753439,48.82950078157432],[2.300997565806919,48.829028763645255],[2.300957588770799,48.82920055317109],[2.3008106294125206,48.82994241119721],[2.2979063805727176,48.83062580187866],[2.3010851679782496,48.83260256398774],[2.3036568391135264,48.834937996542045],[2.3052479713274017,48.834502217704895]]],"type":"Polygon"},"properties":{"id_bv":"15-50","arrondissement":"15","num_bv":50,"geo_point_2d":{"lon":2.3017856245702792,"lat":48.83203162475401},"created_user":null,"created_date":null,"last_edited_user":null,"last_edited_date":null,"st_area_shape":111689.00030217657,"st_perimeter_shape":1791.848167277401}},{"type":"Feature","geometry":{"coordinates":[[[2.327072440633264,48.87371572312018],[2.3269675106893017,48.873489923229975],[2.326745118097171,48.87310957020934],[2.3265533856355143,48.87234947075717],[2.3261308728286507,48.872172692699344],[2.325213155740196,48.871034615855955],[2.324596950526096,48.8712403822272],[2.3245645064223854,48.87123942481979],[2.3244005981242335,48.87099656329471],[2.322187777047086,48.87165391720726],[2.3221112567703543,48.87176281055589],[2.3199616264124083,48.87476604368871],[2.320232479550543,48.874908489682085],[2.3217679299071157,48.875058540174024],[2.3237713827664295,48.87517746340701],[2.32424255523367,48.8752448288863],[2.3242331605138427,48.875285027552415],[2.3243134359889437,48.87525477637518],[2.326511448217355,48.8755659716922],[2.3265924281292696,48.87553473638863],[2.327072440633264,48.87371572312018]]],"type":"Polygon"},"properties":{"id_bv":"8-11","arrondissement":"8","num_bv":11,"geo_point_2d":{"lon":2.3239171305980495,"lat":48.87346719923954},"created_user":null,"created_date":null,"last_edited_user":null,"last_edited_date":null,"st_area_shape":175679.28599232863,"st_perimeter_shape":1691.1331694669366}},{"type":"Feature","geometry":{"coordinates":[[[2.3270396253516514,48.851451868216564],[2.3277538512283615,48.85046838896092],[2.3277280410865693,48.850386566901584],[2.3280340705350073,48.84994948174124],[2.328719027270983,48.849024639448224],[2.3279352061080174,48.84812127755539],[2.327405106943049,48.84785381560173],[2.326957510959988,48.847437900977674],[2.3266370936538143,48.84950684424447],[2.3248118934278224,48.84849611814971],[2.323360316560059,48.84985081385371],[2.3242170397275195,48.850268603817796],[2.3266282513280796,48.851250267750785],[2.3268981469062204,48.85141963894236],[2.3269594690914794,48.85145812746338],[2.3270396253516514,48.851451868216564]]],"type":"Polygon"},"properties":{"id_bv":"6-14","arrondissement":"6","num_bv":14,"geo_point_2d":{"lon":2.3263197735699963,"lat":48.8496341003581},"created_user":null,"created_date":null,"last_edited_user":null,"last_edited_date":null,"st_area_shape":78114.63052945616,"st_perimeter_shape":1436.1360351763344}},{"type":"Feature","geometry":{"coordinates":[[[2.322237067890615,48.891895837297966],[2.3248703386452543,48.89105631934713],[2.3248655051570877,48.89103644397705],[2.32267983305815,48.88935381306997],[2.3218618415422623,48.88980603607125],[2.3208896962289938,48.89045941024322],[2.3219963694373718,48.8917246281197],[2.3219758129685077,48.89175618686764],[2.322029912590348,48.89176596217424],[2.322148872289451,48.89189721946858],[2.3221835475897543,48.89191058816778],[2.322237067890615,48.891895837297966]]],"type":"Polygon"},"properties":{"id_bv":"17-33","arrondissement":"17","num_bv":33,"geo_point_2d":{"lon":2.322727447194315,"lat":48.89069213895679},"created_user":null,"created_date":null,"last_edited_user":null,"last_edited_date":null,"st_area_shape":43408.105152382326,"st_perimeter_shape":837.6726605733129}},{"type":"Feature","geometry":{"coordinates":[[[2.4018242436641213,48.877619598821425],[2.4017582848198353,48.87754274706096],[2.401863316349952,48.87700382323958],[2.399981592452821,48.876966052342794],[2.3996407414664263,48.87605281060365],[2.399326651996229,48.87562006318673],[2.399283126603684,48.87556020380925],[2.399011520980429,48.87548870885693],[2.3980777527163784,48.875465642114776],[2.3979400117529113,48.875457405842],[2.397907707947405,48.87698348738794],[2.3979061898576446,48.87815186590908],[2.3984615859888123,48.87819276613518],[2.4000026719364023,48.87836637662938],[2.400149430349511,48.878444621657614],[2.400280072701205,48.87810156515391],[2.4003139612689925,48.877850130413734],[2.401611642876653,48.87862448282644],[2.4017073096740766,48.87807914289341],[2.4018242436641213,48.877619598821425]]],"type":"Polygon"},"properties":{"id_bv":"19-38","arrondissement":"19","num_bv":38,"geo_point_2d":{"lon":2.399506292137551,"lat":48.87715903666398},"created_user":null,"created_date":null,"last_edited_user":null,"last_edited_date":null,"st_area_shape":61450.76860291821,"st_perimeter_shape":1251.4964948195995}},{"type":"Feature","geometry":{"coordinates":[[[2.3912613172083828,48.83732970781862],[2.391232447568782,48.83728782234737],[2.3915687237745002,48.836869675415464],[2.392169668684896,48.83607840627257],[2.392763954635167,48.835300277329154],[2.3938914680188605,48.83431099177763],[2.3938677333537997,48.83426283279794],[2.3887893769366433,48.834068429649115],[2.387664709717261,48.83495000224145],[2.3865607274082055,48.83590463351013],[2.388234831171689,48.83676555301861],[2.3882632175123466,48.83803154587354],[2.389679663789565,48.83857622150991],[2.3911365461615754,48.83735645479079],[2.3912613172083828,48.83732970781862]]],"type":"Polygon"},"properties":{"id_bv":"12-48","arrondissement":"12","num_bv":48,"geo_point_2d":{"lon":2.389998295208976,"lat":48.83588808179378},"created_user":null,"created_date":null,"last_edited_user":null,"last_edited_date":null,"st_area_shape":143974.89186931256,"st_perimeter_shape":1630.6943804782338}},{"type":"Feature","geometry":{"coordinates":[[[2.378309208812435,48.87077871518022],[2.377471388704616,48.87052919770236],[2.3781646028858194,48.86967745883704],[2.3773825591203304,48.869324909650345],[2.3764671397348196,48.86897954854368],[2.375511116255342,48.86995812237818],[2.3739333387040227,48.869482565842],[2.3729446270882195,48.870475012796454],[2.3729026012121817,48.87051541392355],[2.3728103511402705,48.87053660012821],[2.372923676353533,48.87056977060258],[2.3737826130301656,48.870881258153084],[2.3743809302259833,48.87112931693661],[2.377004840021177,48.87205763697204],[2.377966033422114,48.87111723874932],[2.3783187072197856,48.870840486028385],[2.378309208812435,48.87077871518022]]],"type":"Polygon"},"properties":{"id_bv":"11-31","arrondissement":"11","num_bv":31,"geo_point_2d":{"lon":2.3759161854847823,"lat":48.87050321480788},"created_user":null,"created_date":null,"last_edited_user":null,"last_edited_date":null,"st_area_shape":72777.73160311521,"st_perimeter_shape":1247.5984241413673}},{"type":"Feature","geometry":{"coordinates":[[[2.2976212326481757,48.83250827765828],[2.2965232373536155,48.831020374095516],[2.2979063805727176,48.83062580187866],[2.3008106294125206,48.82994241119721],[2.300957588770799,48.82920055317109],[2.29636837172584,48.83002402382815],[2.295827909498306,48.82983158943896],[2.292954472987706,48.830672048804615],[2.293024271965462,48.83103602136957],[2.2943338753525495,48.832947895965525],[2.295991393798344,48.832630056286575],[2.2976212326481757,48.83250827765828]]],"type":"Polygon"},"properties":{"id_bv":"15-52","arrondissement":"15","num_bv":52,"geo_point_2d":{"lon":2.2961950598450698,"lat":48.8310259806733},"created_user":null,"created_date":null,"last_edited_user":null,"last_edited_date":null,"st_area_shape":102329.96790056725,"st_perimeter_shape":1750.3082015456139}},{"type":"Feature","geometry":{"coordinates":[[[2.391310517899588,48.87950847949771],[2.39216927232178,48.87924531925698],[2.3920746458226536,48.878565340541876],[2.3924936819591216,48.87754876686519],[2.3923943689999922,48.87726549081117],[2.3926118385379436,48.87699021384528],[2.3906053299666654,48.87681129651981],[2.3908521274560495,48.87835465367777],[2.3903482493865056,48.878342985696],[2.389918948784513,48.87900820662263],[2.389819109655628,48.87901030315169],[2.388428232552561,48.87903110131424],[2.388457159129078,48.87939725549874],[2.3883402310366213,48.8794313191968],[2.388377526395847,48.87956655841854],[2.3894960464397803,48.879546935282704],[2.38976866154144,48.87954439421787],[2.3903358884990484,48.87990361358186],[2.391310517899588,48.87950847949771]]],"type":"Polygon"},"properties":{"id_bv":"19-29","arrondissement":"19","num_bv":29,"geo_point_2d":{"lon":2.3909634364869703,"lat":48.8784588442292},"created_user":null,"created_date":null,"last_edited_user":null,"last_edited_date":null,"st_area_shape":47590.03529512708,"st_perimeter_shape":1186.2453320712261}},{"type":"Feature","geometry":{"coordinates":[[[2.341510283046138,48.84327129405397],[2.34136128543606,48.84299034650445],[2.3413224354674282,48.842114807249544],[2.341340139796707,48.84209222097368],[2.3433483791049405,48.841296427518586],[2.3432127894646038,48.84113888795981],[2.3408575454734484,48.839016610954644],[2.3385790388409458,48.83950537587361],[2.338573466897997,48.839528410211244],[2.3397949041297283,48.84118936871774],[2.3398673568767077,48.843621319104926],[2.341510283046138,48.84327129405397]]],"type":"Polygon"},"properties":{"id_bv":"5-10","arrondissement":"5","num_bv":10,"geo_point_2d":{"lon":2.3408042996292115,"lat":48.84106151981684},"created_user":null,"created_date":null,"last_edited_user":null,"last_edited_date":null,"st_area_shape":85586.70203383107,"st_perimeter_shape":1398.8209601873978}},{"type":"Feature","geometry":{"coordinates":[[[2.3504157376275443,48.865169314418004],[2.350659513381225,48.865275184256966],[2.3514609002725306,48.86532491761458],[2.3519337592373275,48.865314778478634],[2.3519899893445464,48.865248167242825],[2.3515470942909498,48.8644377612989],[2.3509804491479183,48.86346190210479],[2.3508735843885225,48.86342762763833],[2.3477948102914525,48.864172602447475],[2.346679233343663,48.864442887578626],[2.346858176182674,48.865010888750106],[2.3470184848310756,48.86565649912129],[2.3470781473334266,48.86566960430151],[2.347252576084997,48.86570732724169],[2.348760874880971,48.86543056420835],[2.349716763125059,48.86530604030843],[2.3504157376275443,48.865169314418004]]],"type":"Polygon"},"properties":{"id_bv":"2-7","arrondissement":"2","num_bv":7,"geo_point_2d":{"lon":2.34932771788979,"lat":48.864649113468396},"created_user":null,"created_date":null,"last_edited_user":null,"last_edited_date":null,"st_area_shape":59546.665942238804,"st_perimeter_shape":1067.2747094958515}},{"type":"Feature","geometry":{"coordinates":[[[2.310464176152657,48.84797688584361],[2.308109933875041,48.847421558691565],[2.307344288555699,48.84714894555214],[2.306092032951708,48.847959887125874],[2.306081321147223,48.848037730482964],[2.3079895789348033,48.84964482735183],[2.310489065984122,48.848030346176635],[2.310464176152657,48.84797688584361]]],"type":"Polygon"},"properties":{"id_bv":"7-13","arrondissement":"7","num_bv":13,"geo_point_2d":{"lon":2.3081044874042367,"lat":48.84827857364559},"created_user":null,"created_date":null,"last_edited_user":null,"last_edited_date":null,"st_area_shape":44979.79975335704,"st_perimeter_shape":874.6639058922735}},{"type":"Feature","geometry":{"coordinates":[[[2.350721630999723,48.82601215994619],[2.350736278390218,48.825911938362026],[2.350760672609479,48.82590571580884],[2.352746371776058,48.82595608182566],[2.3526946383873533,48.82580443865526],[2.3507110548663928,48.82569819059585],[2.350688741570189,48.82563281520374],[2.3515057277484215,48.82503650534402],[2.351364219357306,48.82501738880168],[2.35032869926052,48.82489755218155],[2.350995362573732,48.82400588349464],[2.3489674628491763,48.82418305883505],[2.347329014892673,48.82257581176343],[2.3469571460058907,48.82268857645301],[2.346962532858964,48.82269804035644],[2.3485871734480015,48.824311336467346],[2.346848474969694,48.82496034615531],[2.3472178297829713,48.82543556379537],[2.347241725660157,48.82543674020714],[2.3493295991849354,48.825072209642485],[2.3502481058877605,48.825938854882764],[2.349782319979211,48.825996967275],[2.3481947174213835,48.8257804770671],[2.348156897309587,48.825913662823325],[2.350675720200568,48.82684271249986],[2.3515323624845705,48.82715468788933],[2.3514006943355374,48.82695707818062],[2.350867515918573,48.82666960766835],[2.3503479833516314,48.82615218175648],[2.350345376456929,48.82613806178355],[2.350721630999723,48.82601215994619]]],"type":"Polygon"},"properties":{"id_bv":"13-49","arrondissement":"13","num_bv":49,"geo_point_2d":{"lon":2.349411184858903,"lat":48.82503557856075},"created_user":null,"created_date":null,"last_edited_user":null,"last_edited_date":null,"st_area_shape":54251.268285807826,"st_perimeter_shape":2342.4353630707587}},{"type":"Feature","geometry":{"coordinates":[[[2.344498373463771,48.86620360189858],[2.3449499395694384,48.86627412399289],[2.3460855549412343,48.86607396149844],[2.347078198700496,48.86593653982774],[2.347029471410966,48.865704830467664],[2.3470781473334266,48.86566960430151],[2.3470184848310756,48.86565649912129],[2.346858176182674,48.865010888750106],[2.346679233343663,48.864442887578626],[2.341826625266932,48.86559826493636],[2.341185286708358,48.86574868166627],[2.3414734611853487,48.866038661357656],[2.341472330036747,48.86606850887485],[2.341279815867339,48.86628231364525],[2.3410726796638186,48.86635883631318],[2.341062350280722,48.86639109917988],[2.3439731611929564,48.86742393051094],[2.344498373463771,48.86620360189858]]],"type":"Polygon"},"properties":{"id_bv":"2-6","arrondissement":"2","num_bv":6,"geo_point_2d":{"lon":2.344181653937471,"lat":48.86585218689223},"created_user":null,"created_date":null,"last_edited_user":null,"last_edited_date":null,"st_area_shape":69789.33544537588,"st_perimeter_shape":1270.3956580390452}},{"type":"Feature","geometry":{"coordinates":[[[2.3528248609266487,48.8941464440387],[2.3526219202839678,48.8931580087563],[2.351000860443721,48.89349683537918],[2.350863135246313,48.8936317343958],[2.3493061814357934,48.894044542638646],[2.3492720596584764,48.89402485455342],[2.348944367775276,48.89265175739891],[2.348888781603927,48.89265219891138],[2.3484214959789553,48.89317848458847],[2.3471046907562867,48.89464853294703],[2.3471456064481626,48.8946943875396],[2.3480227086981795,48.89449373418486],[2.3492753868817444,48.89479425041223],[2.3528248609266487,48.8941464440387]]],"type":"Polygon"},"properties":{"id_bv":"18-15","arrondissement":"18","num_bv":15,"geo_point_2d":{"lon":2.3500129969152317,"lat":48.89398027023414},"created_user":null,"created_date":null,"last_edited_user":null,"last_edited_date":null,"st_area_shape":44100.30903100874,"st_perimeter_shape":1238.1167911674677}},{"type":"Feature","geometry":{"coordinates":[[[2.2913354956185064,48.837851729034654],[2.290473160325424,48.83743714891723],[2.2894593715220912,48.8373534225762],[2.289709696050599,48.83580774324327],[2.2899492286780814,48.835875845014264],[2.2900248471405393,48.835332319992226],[2.289043118483,48.835120950998714],[2.2879174766793304,48.83433503450975],[2.2876440234368047,48.83449049650228],[2.2882205262895763,48.83594645382265],[2.2877442951031655,48.83594255947681],[2.286985483062813,48.83582601428119],[2.2860788359189668,48.83554848877615],[2.285924495854368,48.835831544080825],[2.288229939096817,48.83791046955076],[2.288048424604664,48.838231986113556],[2.2889429957857543,48.83846018508181],[2.288956876099015,48.838485988731165],[2.2889835727470014,48.83847037333551],[2.28936298737815,48.83857447197884],[2.2894872401989295,48.83828224326095],[2.2902997358985973,48.83862406127454],[2.2913354956185064,48.837851729034654]]],"type":"Polygon"},"properties":{"id_bv":"15-69","arrondissement":"15","num_bv":69,"geo_point_2d":{"lon":2.288677182232769,"lat":48.836715874133375},"created_user":null,"created_date":null,"last_edited_user":null,"last_edited_date":null,"st_area_shape":75629.5692945508,"st_perimeter_shape":1644.8309469411624}},{"type":"Feature","geometry":{"coordinates":[[[2.362416109721387,48.8229962835312],[2.362497471632192,48.82289437446739],[2.3604168847946916,48.82236896159459],[2.3589660291365915,48.822145339290046],[2.3586067945374625,48.82222167778008],[2.358569714203202,48.822229569691444],[2.3583463696249147,48.822945527356254],[2.3580435969616054,48.82389055995081],[2.358017332712864,48.82391417959394],[2.3610842334924396,48.824719411913016],[2.362416109721387,48.8229962835312]]],"type":"Polygon"},"properties":{"id_bv":"13-35","arrondissement":"13","num_bv":35,"geo_point_2d":{"lon":2.3601172312303054,"lat":48.823360385046456},"created_user":null,"created_date":null,"last_edited_user":null,"last_edited_date":null,"st_area_shape":59469.67245305547,"st_perimeter_shape":965.6865414521608}},{"type":"Feature","geometry":{"coordinates":[[[2.4051507257294613,48.83814212517305],[2.4051833330803487,48.8381400919811],[2.4059208487105606,48.838363841576985],[2.4059554961995775,48.838351488245316],[2.4059019834866677,48.83828035642175],[2.4059392518376432,48.83826445464067],[2.405883842542784,48.83824915831799],[2.4041100055132505,48.83605481459232],[2.403030107666832,48.83609017910421],[2.402929158647542,48.836217694183546],[2.4035685250427763,48.836705963411426],[2.4041699147450784,48.83914164014412],[2.4041489026466927,48.83916322266216],[2.4043759240746714,48.8391875307036],[2.4044056644759766,48.8391766427325],[2.4051507257294613,48.83814212517305]]],"type":"Polygon"},"properties":{"id_bv":"12-64","arrondissement":"12","num_bv":64,"geo_point_2d":{"lon":2.4043734837378072,"lat":48.8374922284848},"created_user":null,"created_date":null,"last_edited_user":null,"last_edited_date":null,"st_area_shape":30146.70020325201,"st_perimeter_shape":949.0599655683957}},{"type":"Feature","geometry":{"coordinates":[[[2.35332941610004,48.8612747524783],[2.3534980184391125,48.86121800807098],[2.353537330099441,48.86123614262842],[2.3535492866310803,48.861200674004166],[2.3550976191975113,48.86067297628293],[2.354836223002389,48.860544170256304],[2.354413443916108,48.86011814808151],[2.3543216717795987,48.859949749152534],[2.3540485698995792,48.859796771998504],[2.353648089242655,48.859265976971955],[2.353684702497253,48.85901104290871],[2.3530598829389175,48.85804628271869],[2.3515915197818416,48.85859342578512],[2.351270291486248,48.85865968011945],[2.350546430546293,48.858995792438854],[2.35029880532426,48.85904064876133],[2.3502386013545764,48.859089429958146],[2.3495660556742335,48.859307419178805],[2.3494952268170137,48.859415310426854],[2.348831526651105,48.85963252606965],[2.349424711147759,48.86066201068231],[2.350151184010148,48.861963415045444],[2.3502037843418,48.86202936288266],[2.350238115946907,48.86197265120179],[2.35332941610004,48.8612747524783]]],"type":"Polygon"},"properties":{"id_bv":"4-13","arrondissement":"4","num_bv":13,"geo_point_2d":{"lon":2.351803536535568,"lat":48.86012579283116},"created_user":null,"created_date":null,"last_edited_user":null,"last_edited_date":null,"st_area_shape":111947.28426072399,"st_perimeter_shape":1380.1857268793647}},{"type":"Feature","geometry":{"coordinates":[[[2.3831941724296795,48.88979214257675],[2.383781005868559,48.88929486697181],[2.38424881826391,48.888421671196014],[2.382360288054164,48.88773917113182],[2.3809208711068943,48.887371831927716],[2.380604841338723,48.8871288730235],[2.3800418411690645,48.887588363587824],[2.3799407382238145,48.88789444005353],[2.3799189667642904,48.88791155474223],[2.379107209368752,48.88817237148581],[2.379107482762311,48.88821097454356],[2.382866520016355,48.89007524599587],[2.3831941724296795,48.88979214257675]]],"type":"Polygon"},"properties":{"id_bv":"19-65","arrondissement":"19","num_bv":65,"geo_point_2d":{"lon":2.3818740608497344,"lat":48.88855970730502},"created_user":null,"created_date":null,"last_edited_user":null,"last_edited_date":null,"st_area_shape":59672.20744287595,"st_perimeter_shape":1037.7504070286384}},{"type":"Feature","geometry":{"coordinates":[[[2.4000365288699874,48.883846091326575],[2.3999873118063983,48.883852301837905],[2.398366258681284,48.884127883261],[2.397615106798659,48.88584522179472],[2.397299670969462,48.88612639599018],[2.3963958285541493,48.88622155446284],[2.396219932009518,48.88647038890429],[2.3949024775270273,48.886857095670905],[2.3948869533571693,48.886863986067695],[2.3948879006246457,48.887242374507025],[2.3943719802864547,48.88737349980699],[2.394898232658686,48.88799176163932],[2.395111575566479,48.88885675917526],[2.3949635427829445,48.889217165044336],[2.3949475013132746,48.889258302553955],[2.3987047806453226,48.89024274631685],[2.398774941370936,48.89021796442784],[2.3991381717036377,48.888218910435654],[2.3991897844900323,48.88539479725225],[2.4000365288699874,48.883846091326575]]],"type":"Polygon"},"properties":{"id_bv":"19-18","arrondissement":"19","num_bv":18,"geo_point_2d":{"lon":2.3974321414091575,"lat":48.88747310754369},"created_user":null,"created_date":null,"last_edited_user":null,"last_edited_date":null,"st_area_shape":144185.58048832865,"st_perimeter_shape":1897.3117510393884}},{"type":"Feature","geometry":{"coordinates":[[[2.367509089544693,48.82832739553363],[2.3674933076797897,48.8283127611194],[2.3675134547732837,48.828304314638316],[2.3691085408586665,48.82803917676024],[2.3696289268656203,48.82838212463682],[2.3695090474511677,48.82799047613072],[2.369529743391036,48.82797749576791],[2.3707166591982145,48.82778325441105],[2.370713600615339,48.82760578217943],[2.3684543006804075,48.82729458725181],[2.366306798429802,48.826999114299674],[2.366179666795014,48.82722412220642],[2.3650374974173576,48.82736994510218],[2.364697288862516,48.82766557459757],[2.36532944864099,48.828436533335264],[2.365084721839711,48.828680977116754],[2.3658229778043505,48.828998353274045],[2.367465489550698,48.82848763727387],[2.3674852471346117,48.82833503012271],[2.367509089544693,48.82832739553363]]],"type":"Polygon"},"properties":{"id_bv":"13-14","arrondissement":"13","num_bv":14,"geo_point_2d":{"lon":2.367146844906648,"lat":48.827877695167764},"created_user":null,"created_date":null,"last_edited_user":null,"last_edited_date":null,"st_area_shape":50015.8675644765,"st_perimeter_shape":1165.3883848495993}},{"type":"Feature","geometry":{"coordinates":[[[2.370661778316479,48.85790149443326],[2.3696928751413537,48.857523747077444],[2.368268866977485,48.857034895475344],[2.368181366116787,48.85706862136956],[2.3678514606172603,48.858437112446374],[2.367723477242569,48.858496511855904],[2.36782492383531,48.85854615492974],[2.3673345942072985,48.86059430403471],[2.3674216588735937,48.86055999105235],[2.3679710940496004,48.86074317976484],[2.368941883719434,48.86080841430715],[2.369146823364449,48.85952999965457],[2.371830865631806,48.860183648830606],[2.371152678239035,48.8586656403857],[2.370661778316479,48.85790149443326]]],"type":"Polygon"},"properties":{"id_bv":"11-17","arrondissement":"11","num_bv":17,"geo_point_2d":{"lon":2.369273597004681,"lat":48.858974536112456},"created_user":null,"created_date":null,"last_edited_user":null,"last_edited_date":null,"st_area_shape":76618.76865518934,"st_perimeter_shape":1358.5050282472257}},{"type":"Feature","geometry":{"coordinates":[[[2.3941393596349387,48.88625530024374],[2.3943593148777653,48.88624758617449],[2.3944084562816124,48.88495241733612],[2.3942228600403945,48.88486705528211],[2.39198320161897,48.88463349130604],[2.3912655916014915,48.88434202050487],[2.3902797965986524,48.88394546064257],[2.389947655670716,48.88439594500498],[2.3897597895572846,48.88607031217028],[2.390011088623022,48.88609327629042],[2.3900342716890606,48.88608510982581],[2.390115192043884,48.88598731408384],[2.393332784443885,48.88626292448543],[2.393485068322239,48.8863174287484],[2.393678940615073,48.886286271543696],[2.393895712950451,48.88630130677606],[2.3941393596349387,48.88625530024374]]],"type":"Polygon"},"properties":{"id_bv":"19-24","arrondissement":"19","num_bv":24,"geo_point_2d":{"lon":2.3919823310565795,"lat":48.88532891159615},"created_user":null,"created_date":null,"last_edited_user":null,"last_edited_date":null,"st_area_shape":60066.56777769442,"st_perimeter_shape":1064.7408219341523}},{"type":"Feature","geometry":{"coordinates":[[[2.3089843809851853,48.84577121183699],[2.310557241917509,48.84533678113782],[2.3106737545480396,48.84502299336736],[2.3105243618286866,48.84496904388566],[2.3095911932596693,48.844645184507336],[2.308994642825149,48.844470071279],[2.308195784360871,48.84425382019509],[2.306418621431976,48.84370601868455],[2.305641438423814,48.84346612097101],[2.304803094449364,48.844791065218615],[2.306336491350788,48.8451496697705],[2.306098654210123,48.84657257328958],[2.3089843809851853,48.84577121183699]]],"type":"Polygon"},"properties":{"id_bv":"15-31","arrondissement":"15","num_bv":31,"geo_point_2d":{"lon":2.3074665402014416,"lat":48.84498440033285},"created_user":null,"created_date":null,"last_edited_user":null,"last_edited_date":null,"st_area_shape":70346.38724306333,"st_perimeter_shape":1237.1212715562972}},{"type":"Feature","geometry":{"coordinates":[[[2.355770486790878,48.86897112484187],[2.356378482264899,48.8688333980296],[2.3589305765621904,48.86845693870864],[2.358546345718503,48.867419968433865],[2.3580956339203425,48.866990678460056],[2.356984684490453,48.86696501766621],[2.3545678684057876,48.86727887585706],[2.3533093485060563,48.867601934254935],[2.354234484177917,48.86932735310834],[2.355770486790878,48.86897112484187]]],"type":"Polygon"},"properties":{"id_bv":"3-13","arrondissement":"3","num_bv":13,"geo_point_2d":{"lon":2.356089555945608,"lat":48.8680163787958},"created_user":null,"created_date":null,"last_edited_user":null,"last_edited_date":null,"st_area_shape":71243.51038497094,"st_perimeter_shape":1100.018181436977}},{"type":"Feature","geometry":{"coordinates":[[[2.4050260616002097,48.865092131644765],[2.4056116844874915,48.86470979586855],[2.4076871769856654,48.86372974856883],[2.406348998119993,48.86234345162721],[2.4058935079211428,48.862513292022236],[2.4049920333532735,48.86279278234877],[2.4048021864773235,48.86288086232793],[2.404548702805135,48.86300891678581],[2.403966222938583,48.863474113534174],[2.4043399768099434,48.86444975958016],[2.4033358909908507,48.86579004421023],[2.4033523608024328,48.865826578328985],[2.4035397249763664,48.866208174510575],[2.4048051121383227,48.86551172872244],[2.4050260616002097,48.865092131644765]]],"type":"Polygon"},"properties":{"id_bv":"20-26","arrondissement":"20","num_bv":26,"geo_point_2d":{"lon":2.4053736645969526,"lat":48.86399187110626},"created_user":null,"created_date":null,"last_edited_user":null,"last_edited_date":null,"st_area_shape":57458.20207906126,"st_perimeter_shape":1146.7176839672475}},{"type":"Feature","geometry":{"coordinates":[[[2.2933671191825185,48.835805225707155],[2.2927610222662,48.83547262735513],[2.293478282465035,48.83407650056895],[2.2921628335701794,48.83330003029323],[2.29216101792566,48.832628318707734],[2.2919376862925307,48.83249598730822],[2.2905630277941564,48.83342755730491],[2.290262501555335,48.83364373360249],[2.2900248471405393,48.835332319992226],[2.2899492286780814,48.835875845014264],[2.290557218452299,48.83602907162077],[2.2932288406634527,48.8360943559676],[2.2933671191825185,48.835805225707155]]],"type":"Polygon"},"properties":{"id_bv":"15-70","arrondissement":"15","num_bv":70,"geo_point_2d":{"lon":2.2916262931914093,"lat":48.83461127878026},"created_user":null,"created_date":null,"last_edited_user":null,"last_edited_date":null,"st_area_shape":70108.7928115872,"st_perimeter_shape":1152.2447968325657}},{"type":"Feature","geometry":{"coordinates":[[[2.303704942105674,48.84948404829371],[2.303712714786817,48.84940575463119],[2.3017652563763344,48.8480473509812],[2.3017717047492074,48.84798093648045],[2.3017077314089933,48.84800784169213],[2.3014489943304266,48.84783278027385],[2.3014183095347733,48.84790287015123],[2.2990066140523893,48.84803964202267],[2.298698784438469,48.84856906300011],[2.297692930569635,48.84887829684031],[2.298173188690066,48.849271333111965],[2.2983974370294544,48.84916252051403],[2.299725250048116,48.850044697024714],[2.3006703363436953,48.84946515582711],[2.301151861803157,48.849797461384895],[2.300963810810108,48.85086207259557],[2.3012004474349648,48.851029702625304],[2.3013170302414863,48.851021473500296],[2.303704942105674,48.84948404829371]]],"type":"Polygon"},"properties":{"id_bv":"15-22","arrondissement":"15","num_bv":22,"geo_point_2d":{"lon":2.3009143852759224,"lat":48.84916008809773},"created_user":null,"created_date":null,"last_edited_user":null,"last_edited_date":null,"st_area_shape":75256.4445314408,"st_perimeter_shape":1345.7565166337226}},{"type":"Feature","geometry":{"coordinates":[[[2.3985587083431485,48.864808592371034],[2.3997028447275364,48.86332821990765],[2.399495880095996,48.86327816210426],[2.399495294917584,48.86326767284616],[2.40001786938055,48.861681280424165],[2.39984658204929,48.86093181648789],[2.3968030780913474,48.86013436158357],[2.3950039323605408,48.861981695762545],[2.39294678653721,48.86410411997935],[2.395472116012667,48.86485011716948],[2.397245767844796,48.86485557800536],[2.3976882362073337,48.86481234303339],[2.3985587083431485,48.864808592371034]]],"type":"Polygon"},"properties":{"id_bv":"20-60","arrondissement":"20","num_bv":60,"geo_point_2d":{"lon":2.3969711313036006,"lat":48.86278021362414},"created_user":null,"created_date":null,"last_edited_user":null,"last_edited_date":null,"st_area_shape":175333.10780758073,"st_perimeter_shape":1661.2601215085072}},{"type":"Feature","geometry":{"coordinates":[[[2.3878019562880115,48.853226535221644],[2.386287554311682,48.85286237625788],[2.3862767145769888,48.85295168647573],[2.384858175459829,48.85262482304396],[2.3832104119250688,48.852529517928026],[2.382282826222495,48.85399489665577],[2.382643620575449,48.85407524860736],[2.3853573738852476,48.85470119359651],[2.385424384767332,48.854724916386026],[2.385402561695994,48.85467390290475],[2.3878019562880115,48.853226535221644]]],"type":"Polygon"},"properties":{"id_bv":"11-53","arrondissement":"11","num_bv":53,"geo_point_2d":{"lon":2.3847952787513504,"lat":48.85354289647367},"created_user":null,"created_date":null,"last_edited_user":null,"last_edited_date":null,"st_area_shape":58632.20533682787,"st_perimeter_shape":1025.3429932790436}},{"type":"Feature","geometry":{"coordinates":[[[2.348978753959833,48.834612825289796],[2.34899726963025,48.834567564581924],[2.3500346089958732,48.833511165735565],[2.346974789096391,48.83270825832002],[2.346975853876498,48.83267980983583],[2.3469361335940593,48.83267813957813],[2.345436162462162,48.83157114093316],[2.344469881680926,48.83167909762958],[2.3454131911380616,48.83423761040844],[2.3460463221888355,48.834552381524354],[2.346334739071434,48.834630760633665],[2.3463839299214575,48.83453567650177],[2.346411363032177,48.83452344928681],[2.3479203226279672,48.834899130701416],[2.348159035077512,48.83538216709796],[2.348599498287858,48.83550263937598],[2.3486287723257195,48.83549845035159],[2.348978753959833,48.834612825289796]]],"type":"Polygon"},"properties":{"id_bv":"13-61","arrondissement":"13","num_bv":61,"geo_point_2d":{"lon":2.3470199527282367,"lat":48.83353252674567},"created_user":null,"created_date":null,"last_edited_user":null,"last_edited_date":null,"st_area_shape":80074.5942555484,"st_perimeter_shape":1331.3971367840284}},{"type":"Feature","geometry":{"coordinates":[[[2.3562941469768335,48.888603091605326],[2.3564586077539857,48.88783929664461],[2.3567985375039955,48.88623830127501],[2.3567868898494595,48.886220435634],[2.3544693175821383,48.88621011876014],[2.353439171870349,48.886766584726495],[2.3535045891741455,48.88775001737826],[2.3535252266137614,48.887747611591735],[2.353665281765341,48.88792166053334],[2.3536734978285425,48.8883752436431],[2.3562676606708557,48.88861935289708],[2.3562941469768335,48.888603091605326]]],"type":"Polygon"},"properties":{"id_bv":"18-55","arrondissement":"18","num_bv":55,"geo_point_2d":{"lon":2.355117961552054,"lat":48.887347417198335},"created_user":null,"created_date":null,"last_edited_user":null,"last_edited_date":null,"st_area_shape":54260.748267520066,"st_perimeter_shape":913.474037165189}},{"type":"Feature","geometry":{"coordinates":[[[2.405727037581697,48.8446802755213],[2.4051650813549235,48.84425239569949],[2.404776039766066,48.84298344122024],[2.40235746494647,48.84334846562422],[2.402323214783398,48.84333947091911],[2.402266463339223,48.84231727408952],[2.402329215394744,48.84108170238349],[2.400944740481975,48.84120515736264],[2.4008793877339256,48.841274325357304],[2.401270790486256,48.84233882782806],[2.402220399104743,48.84488842749739],[2.4022902032579347,48.844922173859324],[2.4057187434606977,48.84469030440962],[2.405727037581697,48.8446802755213]]],"type":"Polygon"},"properties":{"id_bv":"12-33","arrondissement":"12","num_bv":33,"geo_point_2d":{"lon":2.403009645833904,"lat":48.84343209561753},"created_user":null,"created_date":null,"last_edited_user":null,"last_edited_date":null,"st_area_shape":61951.18828537411,"st_perimeter_shape":1428.823182699179}},{"type":"Feature","geometry":{"coordinates":[[[2.3177324908548207,48.88297222446409],[2.316638982283933,48.882743930014506],[2.315544266372919,48.88223741418428],[2.315492805150375,48.8822135565241],[2.31373642420414,48.88373955774321],[2.3136624632795604,48.88378110744192],[2.313668595667499,48.88380810728951],[2.3154914123644432,48.884860140122655],[2.315774286920462,48.884875782094895],[2.3177324908548207,48.88297222446409]]],"type":"Polygon"},"properties":{"id_bv":"17-10","arrondissement":"17","num_bv":10,"geo_point_2d":{"lon":2.315636235811634,"lat":48.883536730510464},"created_user":null,"created_date":null,"last_edited_user":null,"last_edited_date":null,"st_area_shape":44949.94277738385,"st_perimeter_shape":864.2388252211317}},{"type":"Feature","geometry":{"coordinates":[[[2.3471046907562867,48.89464853294703],[2.3484214959789553,48.89317848458847],[2.3481336019090113,48.89305834758237],[2.347776483748532,48.89356022822213],[2.346486398279292,48.8938270103175],[2.346052900569677,48.89392401703713],[2.346020915094809,48.893920034638086],[2.345720926931067,48.89341940742199],[2.344898302960922,48.89355314028822],[2.345293210661334,48.89422678912395],[2.345268596175459,48.89425074826217],[2.343109526140925,48.89482445882244],[2.3431068880429735,48.894837126574174],[2.343103120855603,48.894929877146275],[2.344054583208325,48.895067920361065],[2.3460848302833517,48.895734548885066],[2.3461023837433657,48.89573677342269],[2.3471046907562867,48.89464853294703]]],"type":"Polygon"},"properties":{"id_bv":"18-10","arrondissement":"18","num_bv":10,"geo_point_2d":{"lon":2.345839178894977,"lat":48.8945199738509},"created_user":null,"created_date":null,"last_edited_user":null,"last_edited_date":null,"st_area_shape":42115.45889420584,"st_perimeter_shape":1180.0963775456585}},{"type":"Feature","geometry":{"coordinates":[[[2.365660935124572,48.870921884312885],[2.367330603343728,48.868751682994755],[2.365432644939337,48.868170158810806],[2.365213249555672,48.8680827513598],[2.3646825893971544,48.867860187243615],[2.3632102538671997,48.86865665859594],[2.3629767545596185,48.86875854344232],[2.363503370810112,48.87000527761225],[2.363495716533119,48.87004071134462],[2.3638633020394044,48.87042528929405],[2.364391476350619,48.871623874308085],[2.3644222867692126,48.87163040971901],[2.364834052852709,48.87157749929057],[2.365660935124572,48.870921884312885]]],"type":"Polygon"},"properties":{"id_bv":"10-5","arrondissement":"10","num_bv":5,"geo_point_2d":{"lon":2.3649866481357664,"lat":48.869537654326024},"created_user":null,"created_date":null,"last_edited_user":null,"last_edited_date":null,"st_area_shape":73796.37554959144,"st_perimeter_shape":1114.4993331743233}},{"type":"Feature","geometry":{"coordinates":[[[2.352650410892972,48.82824348400701],[2.3528974260869617,48.82809578735316],[2.3527949365431815,48.82810566549223],[2.3534402062193003,48.82752413800106],[2.3534363000928615,48.82748455070077],[2.3534107598967062,48.827495933604546],[2.3533553421080438,48.82746600227577],[2.3533365029422626,48.82747360894822],[2.3527420820695877,48.828041065204964],[2.352425736973225,48.82823063515354],[2.351898597307074,48.82810349243599],[2.3508436630000964,48.82800208014551],[2.3503517206920375,48.82786012362951],[2.3499781761254375,48.82783483426371],[2.3494663226621486,48.82773632795115],[2.349375150354085,48.82766617990146],[2.348597856592334,48.82803769836349],[2.3485334643453983,48.82819317593154],[2.348310695227674,48.82818310518583],[2.347660031786585,48.82853377281093],[2.3465335962668634,48.8289185704026],[2.346978776747239,48.82978236812389],[2.3479964704524146,48.829514344706105],[2.3484182970928233,48.82943496433563],[2.3495684429482306,48.829002896436904],[2.3523851374408378,48.83007413681567],[2.35263560188089,48.830083076308874],[2.3526746902028908,48.82983051291577],[2.352650410892972,48.82824348400701]]],"type":"Polygon"},"properties":{"id_bv":"13-57","arrondissement":"13","num_bv":57,"geo_point_2d":{"lon":2.350051589812677,"lat":48.82880950627492},"created_user":null,"created_date":null,"last_edited_user":null,"last_edited_date":null,"st_area_shape":68356.14443823205,"st_perimeter_shape":1502.24269762535}},{"type":"Feature","geometry":{"coordinates":[[[2.4083571822704974,48.838179433312554],[2.408109347563857,48.83742821812483],[2.40769362632956,48.83732581402627],[2.407673686076138,48.83731177607771],[2.4076775258498335,48.83719735759568],[2.4067476532313226,48.83694815526164],[2.4056315671520196,48.83593375726637],[2.4054760489697045,48.83515729065411],[2.4054888146214743,48.83513934614561],[2.405761888181224,48.83497620498794],[2.4063820832260574,48.834995789706156],[2.406070353624267,48.83446061087915],[2.4060708858076993,48.83444092553978],[2.4063885180714504,48.83414840212544],[2.4062743651725738,48.83406802233385],[2.406238751078266,48.83407244219487],[2.4058115261767576,48.834368906882084],[2.4050668149887398,48.83428405086719],[2.403868600562124,48.833640567513086],[2.4036096507834506,48.83392223121282],[2.404424070597913,48.83422147428598],[2.4044400475769816,48.83425478895695],[2.403030107666832,48.83609017910421],[2.4041100055132505,48.83605481459232],[2.405883842542784,48.83824915831799],[2.4059392518376432,48.83826445464067],[2.408592871584455,48.83899627488219],[2.4083571822704974,48.838179433312554]]],"type":"Polygon"},"properties":{"id_bv":"12-42","arrondissement":"12","num_bv":42,"geo_point_2d":{"lon":2.4057629268835052,"lat":48.836497010618515},"created_user":null,"created_date":null,"last_edited_user":null,"last_edited_date":null,"st_area_shape":81530.68281162104,"st_perimeter_shape":1844.7779503751542}},{"type":"Feature","geometry":{"coordinates":[[[2.309153744520379,48.833760145874905],[2.3092112619643355,48.83372811411661],[2.3092531958170914,48.83366892028261],[2.3092304351752935,48.8336053910726],[2.3092636267191247,48.833560185965354],[2.310754406256627,48.83306216242539],[2.310830731801714,48.833077508468136],[2.3108086290288385,48.833033956626814],[2.310880749872321,48.832998436787925],[2.310776953754178,48.832982949567345],[2.3101026051055844,48.83243041540078],[2.3099480119553824,48.83229951715049],[2.309996584002579,48.83226777783449],[2.3099014235924558,48.83226054285249],[2.308066830403803,48.83073099584988],[2.308113803310189,48.83070671462624],[2.308023596204941,48.83069477695702],[2.3072654327517417,48.830066577631854],[2.3062457493736592,48.8306401211341],[2.304041701501125,48.83057680417669],[2.303246518175069,48.830972516544385],[2.303939744894767,48.83196431896357],[2.305217921930886,48.83186666961121],[2.305860193865299,48.83167480179907],[2.306197196137354,48.83208085833636],[2.3070947088181453,48.83303337565312],[2.307190022191688,48.83348818828419],[2.307426529201336,48.83406523644801],[2.3081193841434593,48.833888497418535],[2.3084924296002862,48.8344408761746],[2.309153744520379,48.833760145874905]]],"type":"Polygon"},"properties":{"id_bv":"15-45","arrondissement":"15","num_bv":45,"geo_point_2d":{"lon":2.307281329138728,"lat":48.832013448777},"created_user":null,"created_date":null,"last_edited_user":null,"last_edited_date":null,"st_area_shape":110176.26646686648,"st_perimeter_shape":1706.9401406895036}},{"type":"Feature","geometry":{"coordinates":[[[2.3544034770019944,48.837608117683686],[2.351919824212084,48.83681895255851],[2.351727950124897,48.83677862935511],[2.349004232099996,48.8370816100934],[2.3490191200444595,48.83723110928087],[2.3491444280019955,48.83743621459966],[2.349249693392982,48.837655348753096],[2.3507564268467815,48.83850160181627],[2.353225401659253,48.83891933443817],[2.3544034770019944,48.837608117683686]]],"type":"Polygon"},"properties":{"id_bv":"5-17","arrondissement":"5","num_bv":17,"geo_point_2d":{"lon":2.351747332202017,"lat":48.83776463653893},"created_user":null,"created_date":null,"last_edited_user":null,"last_edited_date":null,"st_area_shape":58249.55211672902,"st_perimeter_shape":988.456320806175}},{"type":"Feature","geometry":{"coordinates":[[[2.325220440686545,48.8271641249388],[2.3255468039037037,48.82702203768718],[2.324087599183009,48.82501913612809],[2.3238990586717243,48.82485927050856],[2.323902873689089,48.82484269313055],[2.3217528486774754,48.82530362962353],[2.321711157686841,48.82532650451071],[2.32166529150475,48.8253902288892],[2.3215137991844337,48.825657660570364],[2.3215107744016796,48.82568169550211],[2.3250695443583127,48.82722839105152],[2.325220440686545,48.8271641249388]]],"type":"Polygon"},"properties":{"id_bv":"14-11","arrondissement":"14","num_bv":11,"geo_point_2d":{"lon":2.3236252110004156,"lat":48.825932283227054},"created_user":null,"created_date":null,"last_edited_user":null,"last_edited_date":null,"st_area_shape":36295.04077901614,"st_perimeter_shape":838.4220827115224}},{"type":"Feature","geometry":{"coordinates":[[[2.301780210756916,48.83860572204391],[2.3025298520256863,48.83889118552876],[2.3031340498232877,48.8389685398387],[2.3032898553001933,48.838820586356654],[2.302791865268738,48.83699587654247],[2.3054664887189205,48.83669593602229],[2.3060515258077183,48.83660475726153],[2.306007410943656,48.8364394872693],[2.305664941432522,48.836475714988964],[2.304238278131039,48.835347252859634],[2.3039945677146823,48.83541382307062],[2.303802862679382,48.83511657172548],[2.3027302232960247,48.83541707275381],[2.3025942815163147,48.83545945640583],[2.3027485444154063,48.83575584202653],[2.3011220977085385,48.83690259846907],[2.3010826505744446,48.83727424026744],[2.300969315916376,48.83747228696665],[2.301244852071104,48.837718488141],[2.3002280628489697,48.83857920238088],[2.3004300295368014,48.83867990718903],[2.3001057221965295,48.83897972822986],[2.3002625628821662,48.83910798046486],[2.301780210756916,48.83860572204391]]],"type":"Polygon"},"properties":{"id_bv":"15-60","arrondissement":"15","num_bv":60,"geo_point_2d":{"lon":2.3027725796604157,"lat":48.837079054910596},"created_user":null,"created_date":null,"last_edited_user":null,"last_edited_date":null,"st_area_shape":73144.8092114421,"st_perimeter_shape":1569.924634993294}},{"type":"Feature","geometry":{"coordinates":[[[2.284099531978396,48.87726857689939],[2.284217330222648,48.877295845139784],[2.284252178079544,48.87721875873237],[2.287232234093462,48.876267309445154],[2.28704982337357,48.87605381938145],[2.2881332095796805,48.87309429530412],[2.286737548244009,48.87292793994273],[2.2845540388934413,48.8726627202582],[2.2833668939033345,48.87741024090005],[2.283493927778051,48.877466887249625],[2.284099531978396,48.87726857689939]]],"type":"Polygon"},"properties":{"id_bv":"16-66","arrondissement":"16","num_bv":66,"geo_point_2d":{"lon":2.285638971979727,"lat":48.87487930261881},"created_user":null,"created_date":null,"last_edited_user":null,"last_edited_date":null,"st_area_shape":115479.68877841404,"st_perimeter_shape":1489.4963647167467}},{"type":"Feature","geometry":{"coordinates":[[[2.279330006352458,48.87071751161709],[2.2793626463792975,48.87072483096166],[2.281025375055796,48.868830842177196],[2.280501166560609,48.8685120640047],[2.2804926894687,48.86849422752807],[2.2810701394404935,48.867865385096046],[2.2802141421662943,48.866663270742855],[2.2789210011579897,48.86706608150861],[2.277041049579363,48.86770691396101],[2.275774243193905,48.86828318401225],[2.2757530455689046,48.86828037478585],[2.2777599138875915,48.87112254167746],[2.277797105181687,48.87112707485216],[2.279330006352458,48.87071751161709]]],"type":"Polygon"},"properties":{"id_bv":"16-59","arrondissement":"16","num_bv":59,"geo_point_2d":{"lon":2.2786240903301964,"lat":48.86883125459377},"created_user":null,"created_date":null,"last_edited_user":null,"last_edited_date":null,"st_area_shape":114641.76253376245,"st_perimeter_shape":1377.061217101716}},{"type":"Feature","geometry":{"coordinates":[[[2.326957510959988,48.847437900977674],[2.327405106943049,48.84785381560173],[2.3279352061080174,48.84812127755539],[2.328719027270983,48.849024639448224],[2.329538296509828,48.847867675795165],[2.3301758177767784,48.847133732363375],[2.3301796386101605,48.84712409551818],[2.3299322273377028,48.8470787772006],[2.3288527375170442,48.846896175475884],[2.3273290706100194,48.84645575297296],[2.3270758240297846,48.84684135378203],[2.326788457833508,48.84685719370532],[2.3256706141257726,48.84574556169096],[2.325432989601307,48.84583451447016],[2.326236726868962,48.84686115948804],[2.3261576527512493,48.84702043803949],[2.3248118934278224,48.84849611814971],[2.3266370936538143,48.84950684424447],[2.326957510959988,48.847437900977674]]],"type":"Polygon"},"properties":{"id_bv":"6-13","arrondissement":"6","num_bv":13,"geo_point_2d":{"lon":2.3273400970226215,"lat":48.84771177270944},"created_user":null,"created_date":null,"last_edited_user":null,"last_edited_date":null,"st_area_shape":63794.672261163185,"st_perimeter_shape":1662.3645262044658}},{"type":"Feature","geometry":{"coordinates":[[[2.3826334828272357,48.86158237636584],[2.3832260399099283,48.86062531114167],[2.38561771293625,48.86124113142827],[2.3856344766623008,48.86124266813166],[2.385742282801544,48.86102255567667],[2.3844782505641473,48.860679319292025],[2.386226727071222,48.859187453217515],[2.3859216332627042,48.859094461397376],[2.384627870107575,48.85877252620329],[2.3836791839121636,48.858532678857514],[2.382676871783757,48.85953418865759],[2.381114219252801,48.8611016933811],[2.3811173252460858,48.86112065864005],[2.381044697961029,48.86119317942543],[2.381059094477876,48.86121910824833],[2.3818972932349225,48.861491921759004],[2.3825157651067355,48.8617048550949],[2.3825484496757094,48.86169119091899],[2.3826334828272357,48.86158237636584]]],"type":"Polygon"},"properties":{"id_bv":"11-40","arrondissement":"11","num_bv":40,"geo_point_2d":{"lon":2.383645658191743,"lat":48.860062725248014},"created_user":null,"created_date":null,"last_edited_user":null,"last_edited_date":null,"st_area_shape":61066.64951525628,"st_perimeter_shape":1334.0604613417593}},{"type":"Feature","geometry":{"coordinates":[[[2.326161924094237,48.896794598193914],[2.3249153335336423,48.89626699560679],[2.3231138246708105,48.896917819822356],[2.323080339736295,48.89693714672411],[2.323238951113663,48.89747020634664],[2.3232638885032095,48.89748883459796],[2.3241167378960133,48.89752881064929],[2.3241569749532793,48.897553590073635],[2.3238908079697174,48.89877318435993],[2.3264161168584163,48.89878327721342],[2.326446901748574,48.898772216057445],[2.326528993781051,48.89764115551076],[2.326965148883435,48.89737362610915],[2.3269416424531304,48.8973433910544],[2.326017008911432,48.89718514641168],[2.3259942358700187,48.89716689963559],[2.326161924094237,48.896794598193914]]],"type":"Polygon"},"properties":{"id_bv":"17-20","arrondissement":"17","num_bv":20,"geo_point_2d":{"lon":2.3250399571583285,"lat":48.8976086264296},"created_user":null,"created_date":null,"last_edited_user":null,"last_edited_date":null,"st_area_shape":49874.83393288793,"st_perimeter_shape":1006.3218134699555}},{"type":"Feature","geometry":{"coordinates":[[[2.318564309737559,48.89959021781505],[2.322024141555728,48.89875025711565],[2.322031282684513,48.89871985287235],[2.3202627444630677,48.89680492952532],[2.3183259040492032,48.896075203133854],[2.3183140339634156,48.896051202803534],[2.31836204985211,48.89591587000263],[2.3183896483898714,48.8958964875103],[2.3218627464982777,48.895862902896084],[2.3205134178905373,48.89552537588912],[2.3203246488022136,48.8952747696357],[2.3148830766199175,48.893998089768786],[2.3148200152707075,48.89398342701445],[2.3135643663492016,48.894392656405046],[2.309627014949799,48.89667148385222],[2.3097216456867455,48.89673824195938],[2.3122536197063916,48.89768967790462],[2.3184959240690923,48.89960687439483],[2.318564309737559,48.89959021781505]]],"type":"Polygon"},"properties":{"id_bv":"17-18","arrondissement":"17","num_bv":18,"geo_point_2d":{"lon":2.316211666065628,"lat":48.89678939624456},"created_user":null,"created_date":null,"last_edited_user":null,"last_edited_date":null,"st_area_shape":315553.82017961604,"st_perimeter_shape":2748.6519861867846}},{"type":"Feature","geometry":{"coordinates":[[[2.25936108557714,48.83963126967485],[2.2594054196260958,48.83962487260717],[2.2593866492209975,48.8396010380982],[2.260035806210002,48.838810122730976],[2.260021176303073,48.83878888522992],[2.258088897705496,48.83809409432173],[2.2576434754594654,48.83845967450835],[2.2569332566561497,48.83868344971582],[2.256334459380293,48.8400066533618],[2.2561091636984396,48.841294477732056],[2.25649686435417,48.841311534337066],[2.256523075872946,48.841292033353234],[2.2567068207800545,48.840130150259846],[2.2567273000614687,48.84011882847883],[2.2579335465232035,48.84056966734637],[2.2579464223635424,48.840599528176085],[2.2577330002232716,48.84109635437954],[2.2583034382527596,48.84186062077536],[2.259182522906659,48.84163196224527],[2.2592018215039325,48.84161417524858],[2.2585348351437693,48.840668869760094],[2.2585381712772308,48.840639419770014],[2.25936108557714,48.83963126967485]]],"type":"Polygon"},"properties":{"id_bv":"16-43","arrondissement":"16","num_bv":43,"geo_point_2d":{"lon":2.258041505392201,"lat":48.839750861904335},"created_user":null,"created_date":null,"last_edited_user":null,"last_edited_date":null,"st_area_shape":58827.314141985175,"st_perimeter_shape":1417.050983188531}},{"type":"Feature","geometry":{"coordinates":[[[2.343813751622175,48.89118880737521],[2.3439011573431694,48.89056711327512],[2.343280014802278,48.89017456609333],[2.3436214611012782,48.88977158920741],[2.3435028226448793,48.88962751626126],[2.3427985219910212,48.88979373222779],[2.3401923415223145,48.889699825749005],[2.340202513603841,48.889743561130786],[2.340206767553332,48.88976355948476],[2.341556893363404,48.89039664259494],[2.341565478423346,48.890418010091025],[2.341327710584297,48.89050758548123],[2.341311724471506,48.8905300705917],[2.3416178968180135,48.89127536242717],[2.3416944962325923,48.89131198404538],[2.3417222642722257,48.89129028312809],[2.343813751622175,48.89118880737521]]],"type":"Polygon"},"properties":{"id_bv":"18-5","arrondissement":"18","num_bv":5,"geo_point_2d":{"lon":2.342394539284265,"lat":48.89045523290703},"created_user":null,"created_date":null,"last_edited_user":null,"last_edited_date":null,"st_area_shape":30414.50161519826,"st_perimeter_shape":851.987646979785}},{"type":"Feature","geometry":{"coordinates":[[[2.325524783843123,48.88756469989669],[2.325595506212729,48.8875293292634],[2.3260458422117445,48.88653128687686],[2.3273789363167277,48.88363235881816],[2.3273335143036964,48.883606952024515],[2.325270618933786,48.88522760673665],[2.3245856953152444,48.88576282331372],[2.324557968013168,48.88593350002751],[2.3230306177596525,48.88695687375161],[2.324592985337154,48.888004722917614],[2.3246526115472164,48.88800409066261],[2.325524783843123,48.88756469989669]]],"type":"Polygon"},"properties":{"id_bv":"17-4","arrondissement":"17","num_bv":4,"geo_point_2d":{"lon":2.3252386373766685,"lat":48.88622231898557},"created_user":null,"created_date":null,"last_edited_user":null,"last_edited_date":null,"st_area_shape":52040.07756045724,"st_perimeter_shape":1203.7127697987453}},{"type":"Feature","geometry":{"coordinates":[[[2.291886783294849,48.859961578045386],[2.2919035602384406,48.85988500016258],[2.2898488039891975,48.85824351178975],[2.288980682125785,48.85753585517501],[2.288108786406075,48.8561274437772],[2.2875491219941066,48.85572642573072],[2.287593455104688,48.85568156078532],[2.287489904986714,48.85568553186717],[2.2845665095484495,48.8535937936501],[2.284579933091599,48.853487432821936],[2.2845375695877705,48.85350433301901],[2.2844198802198763,48.85349159850149],[2.282254746250383,48.85198614150226],[2.2822518156848863,48.851924538323615],[2.2821579451235308,48.85191807626798],[2.280019152580202,48.85039746005221],[2.2800200068260312,48.850328037940756],[2.2799660067115903,48.850361376148946],[2.2784296650775433,48.85129734578786],[2.2808475866624986,48.852763409487984],[2.28085484556328,48.85284464925096],[2.280987722727938,48.85284870529485],[2.2826465975437085,48.85381470784278],[2.283607826223801,48.854525240222586],[2.283547409542543,48.85456180709144],[2.283636632852243,48.85456147520724],[2.285690381329463,48.856209367211605],[2.2850454155234328,48.85701457490609],[2.2851843037469415,48.85729547350886],[2.284732608047251,48.85859816100268],[2.286815271632786,48.85909222785344],[2.2880013386992775,48.859857943436324],[2.2898664798013386,48.861140764853396],[2.289931042503753,48.86118456604249],[2.2904352296438764,48.86088367754981],[2.291886783294849,48.859961578045386]]],"type":"Polygon"},"properties":{"id_bv":"16-5","arrondissement":"16","num_bv":5,"geo_point_2d":{"lon":2.285922770899082,"lat":48.85628377251787},"created_user":null,"created_date":null,"last_edited_user":null,"last_edited_date":null,"st_area_shape":252544.7337846944,"st_perimeter_shape":3319.2772830907907}},{"type":"Feature","geometry":{"coordinates":[[[2.3715336612387703,48.87249522357676],[2.3735100577553485,48.87296268506949],[2.374485205108369,48.872850074323615],[2.3728627419552475,48.872050904546064],[2.371512082208298,48.87228416099341],[2.371943865290405,48.871791526757235],[2.3718499976857865,48.87175375847713],[2.371853546298293,48.87174404627241],[2.3726443648690534,48.870616166151635],[2.370746837044222,48.87075458926267],[2.3703166863892577,48.87129634466818],[2.369927050635919,48.871868390809816],[2.370249597538701,48.8725293093004],[2.37043813674507,48.873408153016854],[2.3702403533284864,48.87359969639554],[2.3704497361855075,48.87377351518362],[2.3715336612387703,48.87249522357676]]],"type":"Polygon"},"properties":{"id_bv":"10-14","arrondissement":"10","num_bv":14,"geo_point_2d":{"lon":2.371538865782125,"lat":48.8720161215736},"created_user":null,"created_date":null,"last_edited_user":null,"last_edited_date":null,"st_area_shape":43753.752716789524,"st_perimeter_shape":1355.2056211059917}},{"type":"Feature","geometry":{"coordinates":[[[2.3671461907592293,48.82374695578922],[2.3654181688077065,48.82443686988834],[2.36522624015429,48.82575818302673],[2.365110764858812,48.82654876686338],[2.3664254948022765,48.82674202763042],[2.367103157469633,48.82492804912647],[2.3671461907592293,48.82374695578922]]],"type":"Polygon"},"properties":{"id_bv":"13-18","arrondissement":"13","num_bv":18,"geo_point_2d":{"lon":2.3661456906076253,"lat":48.82531118188636},"created_user":null,"created_date":null,"last_edited_user":null,"last_edited_date":null,"st_area_shape":33616.3180228147,"st_perimeter_shape":822.1641572728425}},{"type":"Feature","geometry":{"coordinates":[[[2.360342035417199,48.871484969803966],[2.3598627033190462,48.871374356305566],[2.3578233048252955,48.87142880432941],[2.357418885332355,48.871630205515686],[2.3569735944574597,48.87185455451397],[2.3577336133560842,48.87309812833552],[2.356764761355029,48.873761771950974],[2.3575465263066584,48.87516418348865],[2.357618691553164,48.875171288807586],[2.358450493204274,48.8739554514034],[2.3590109199546356,48.873442452994894],[2.358755827581752,48.87320614754662],[2.360342035417199,48.871484969803966]]],"type":"Polygon"},"properties":{"id_bv":"10-1","arrondissement":"10","num_bv":1,"geo_point_2d":{"lon":2.3582578719312917,"lat":48.872816930304765},"created_user":null,"created_date":null,"last_edited_user":null,"last_edited_date":null,"st_area_shape":50766.62727475456,"st_perimeter_shape":1163.1635871034389}},{"type":"Feature","geometry":{"coordinates":[[[2.3558168497151524,48.87221428188437],[2.355889590263704,48.87223746795244],[2.35425655508664,48.869391052867165],[2.3541230783532767,48.869352962382855],[2.352560720433516,48.86969478319557],[2.347999742313266,48.87068667488308],[2.3478830425815014,48.87070637322552],[2.347900826491783,48.871461501856835],[2.3479456862528596,48.871486139024476],[2.349778919926366,48.87068821497863],[2.3507387546733867,48.87107994794022],[2.3521882663717197,48.871108168976384],[2.3530790656680867,48.8709207008106],[2.3530983879031457,48.87092113169988],[2.3531172070456208,48.87095449817416],[2.3532701057498193,48.870938046287996],[2.3540615656728296,48.8722630583993],[2.3543858583414154,48.87277406081084],[2.3558168497151524,48.87221428188437]]],"type":"Polygon"},"properties":{"id_bv":"10-39","arrondissement":"10","num_bv":39,"geo_point_2d":{"lon":2.3527359124215654,"lat":48.870817099858336},"created_user":null,"created_date":null,"last_edited_user":null,"last_edited_date":null,"st_area_shape":81223.36453423974,"st_perimeter_shape":1702.7335922403508}},{"type":"Feature","geometry":{"coordinates":[[[2.326383637029376,48.842998516404776],[2.3262474797967907,48.84281913401302],[2.326258393360271,48.84278851274907],[2.3293722899322833,48.84181459106125],[2.3276889669664973,48.84031213364687],[2.3265355144542763,48.840968126828834],[2.324773895053103,48.841418545816424],[2.324273466051981,48.843130415100276],[2.324247628362782,48.843218930322365],[2.324686572396674,48.84358597356352],[2.3247967731334858,48.843599157916664],[2.326332745072629,48.84308229163678],[2.326383637029376,48.842998516404776]]],"type":"Polygon"},"properties":{"id_bv":"14-32","arrondissement":"14","num_bv":32,"geo_point_2d":{"lon":2.326506109790486,"lat":48.84194352145906},"created_user":null,"created_date":null,"last_edited_user":null,"last_edited_date":null,"st_area_shape":66315.61178729172,"st_perimeter_shape":1137.5648605720596}},{"type":"Feature","geometry":{"coordinates":[[[2.275850095698178,48.852954343160576],[2.2757949009610106,48.8529119405603],[2.2738998638341164,48.85184623843242],[2.27255788579488,48.85125100526028],[2.2725294045361997,48.85126506452112],[2.272110760865384,48.85273960134667],[2.2720874421004242,48.85275973650806],[2.271005103343526,48.85311696969764],[2.2697993048198772,48.85256057622468],[2.268936012735005,48.8532549843614],[2.2689187942825977,48.853276265989614],[2.26919330114763,48.85401640619848],[2.269493060707713,48.85423053449523],[2.2694871019430902,48.854638156937824],[2.270184234532687,48.85443570093553],[2.270768519477654,48.85419076256277],[2.2717505463399155,48.85384688381478],[2.2729590662804364,48.85362003219998],[2.273144369381998,48.85361291624642],[2.275850095698178,48.852954343160576]]],"type":"Polygon"},"properties":{"id_bv":"16-35","arrondissement":"16","num_bv":35,"geo_point_2d":{"lon":2.272140026091173,"lat":48.853041203632095},"created_user":null,"created_date":null,"last_edited_user":null,"last_edited_date":null,"st_area_shape":73844.36374621523,"st_perimeter_shape":1447.2907798936617}},{"type":"Feature","geometry":{"coordinates":[[[2.364091599897408,48.831211932005715],[2.364055919367916,48.83120869882001],[2.364095262425061,48.83095590965156],[2.365010717236272,48.82933637225953],[2.3650000728456813,48.82908787770268],[2.3638889090310333,48.828844899106514],[2.3629558252769898,48.829969122959696],[2.3620953678053587,48.83033381946303],[2.361608385252911,48.830623130910624],[2.3612107168310112,48.8309718891509],[2.36360968407745,48.83150424082496],[2.364091599897408,48.831211932005715]]],"type":"Polygon"},"properties":{"id_bv":"13-11","arrondissement":"13","num_bv":11,"geo_point_2d":{"lon":2.3634138643462896,"lat":48.8302937892187},"created_user":null,"created_date":null,"last_edited_user":null,"last_edited_date":null,"st_area_shape":39078.81972013914,"st_perimeter_shape":884.7526125757677}},{"type":"Feature","geometry":{"coordinates":[[[2.403097254585247,48.85457333963186],[2.405554412131595,48.85397074221753],[2.4059551725599033,48.8526738953718],[2.4015500830664327,48.851894807281106],[2.4009128860267577,48.85301427464423],[2.401335942248831,48.85328512940844],[2.402621639414737,48.85395450496283],[2.403039424192589,48.85455832250852],[2.4030686356215933,48.854580361072735],[2.403097254585247,48.85457333963186]]],"type":"Polygon"},"properties":{"id_bv":"20-44","arrondissement":"20","num_bv":44,"geo_point_2d":{"lon":2.4034622872267537,"lat":48.853169016739784},"created_user":null,"created_date":null,"last_edited_user":null,"last_edited_date":null,"st_area_shape":67158.41873448985,"st_perimeter_shape":1049.8654449536386}},{"type":"Feature","geometry":{"coordinates":[[[2.3524302763839064,48.85469838031425],[2.352508292991084,48.854710239572626],[2.3524899104003927,48.85467690272186],[2.3544018192324674,48.85386349914541],[2.3539782212244673,48.85343211608625],[2.3534938951199793,48.85324306597337],[2.3534505622216324,48.852766158044076],[2.3535542176225692,48.85271706566277],[2.3536576174144304,48.85286314784546],[2.353691229946763,48.85286581612331],[2.3565497721581607,48.85183691937157],[2.3565501115338203,48.85181473321866],[2.3555944107926234,48.85070969739072],[2.3556253342080185,48.850645505146915],[2.3555050050228274,48.85067968189065],[2.353658495889377,48.85122568666327],[2.3529536951388006,48.851329915031],[2.3524597577573134,48.85140490759852],[2.3520697331153704,48.85149045991914],[2.3500900579399233,48.8519983498583],[2.3498773148298953,48.852064224840085],[2.349168395644361,48.85235000811045],[2.348571130247162,48.85256070898598],[2.3484208380403646,48.85253507654852],[2.3483874673938874,48.85263298204932],[2.3469763981409764,48.85328869992958],[2.3447203027335335,48.85401685090339],[2.34467069724401,48.85412748486195],[2.3458612106643337,48.855282385146516],[2.346751999931015,48.856654440417486],[2.3468665404977243,48.856689261698946],[2.349926283010509,48.85576856124532],[2.3524302763839064,48.85469838031425]]],"type":"Polygon"},"properties":{"id_bv":"4-10","arrondissement":"4","num_bv":10,"geo_point_2d":{"lon":2.3503266255607036,"lat":48.85366875663335},"created_user":null,"created_date":null,"last_edited_user":null,"last_edited_date":null,"st_area_shape":254715.62612063243,"st_perimeter_shape":2453.157273834983}},{"type":"Feature","geometry":{"coordinates":[[[2.3660531296355667,48.850530185803336],[2.365206706675527,48.84982669765347],[2.365224164288939,48.84980694599752],[2.366150297522145,48.84965006463784],[2.366179920294737,48.84966378564756],[2.3668751600552036,48.85081796108598],[2.368108496953329,48.85090395335097],[2.3671831690615788,48.84888448563534],[2.3668772400110107,48.848203156098066],[2.3665135829711503,48.84737856953162],[2.364447041542637,48.84613485854601],[2.3644097374317554,48.846148604920934],[2.3624802779894942,48.84761613340044],[2.3614958131921044,48.84823113426652],[2.3614422626915434,48.848354469586646],[2.3607244728153676,48.8496388774092],[2.360503195820237,48.850510322625205],[2.360502728438709,48.850594491688035],[2.3605574417398114,48.85056867043037],[2.3626308441901895,48.851263427550634],[2.363034401789454,48.85103599297842],[2.363103234812789,48.85101267669426],[2.3667824785894394,48.851552102704304],[2.3667932898593937,48.85153044142221],[2.3660531296355667,48.850530185803336]]],"type":"Polygon"},"properties":{"id_bv":"4-8","arrondissement":"4","num_bv":8,"geo_point_2d":{"lon":2.364234551696511,"lat":48.84915847380571},"created_user":null,"created_date":null,"last_edited_user":null,"last_edited_date":null,"st_area_shape":198275.38500306816,"st_perimeter_shape":2234.555461137867}},{"type":"Feature","geometry":{"coordinates":[[[2.3400463946513885,48.87191988469041],[2.3387532037864815,48.86922084267092],[2.338760569892853,48.86919944034916],[2.3387941932663376,48.86919182610204],[2.3402246653508016,48.86891978246429],[2.3402483828680465,48.868904422029004],[2.340290915274751,48.86722518290239],[2.3397320002128956,48.866090402143065],[2.337250976260346,48.86667904423451],[2.3358735927201915,48.867005565093166],[2.3366943514526035,48.868847633496756],[2.3370034222701612,48.87138722683156],[2.337058115404907,48.8714696431516],[2.3372445902729377,48.87150203129975],[2.3400400355447215,48.87197394132422],[2.340069163464981,48.871969723931485],[2.3400463946513885,48.87191988469041]]],"type":"Polygon"},"properties":{"id_bv":"2-2","arrondissement":"2","num_bv":2,"geo_point_2d":{"lon":2.338279619611862,"lat":48.868811391308206},"created_user":null,"created_date":null,"last_edited_user":null,"last_edited_date":null,"st_area_shape":134745.52569157977,"st_perimeter_shape":1792.2530397821727}},{"type":"Feature","geometry":{"coordinates":[[[2.309088440015618,48.829281153613515],[2.310082588867177,48.82855766123557],[2.3130133605421057,48.82636995178626],[2.313006738350771,48.82634809750066],[2.312334785606758,48.825911412680284],[2.310632998702967,48.82630304394408],[2.308772173337597,48.82672734257497],[2.3068938668762384,48.82692620652885],[2.307034694084868,48.82757397935907],[2.3079748203945676,48.82847666379975],[2.3077053008441033,48.8286519432444],[2.309088440015618,48.829281153613515]]],"type":"Polygon"},"properties":{"id_bv":"14-54","arrondissement":"14","num_bv":54,"geo_point_2d":{"lon":2.309697932840017,"lat":48.82744831386957},"created_user":null,"created_date":null,"last_edited_user":null,"last_edited_date":null,"st_area_shape":80822.67669108343,"st_perimeter_shape":1267.2364715450094}},{"type":"Feature","geometry":{"coordinates":[[[2.345941137367183,48.830465052030284],[2.3458872264989554,48.83037818805699],[2.3458538934956303,48.830400024193786],[2.3447743962020393,48.82905148343283],[2.3426606321384837,48.82865253524182],[2.341838014302915,48.82871503957183],[2.341709152157045,48.82892381535694],[2.3416712292485,48.83024559815847],[2.3416507260247306,48.83026232516439],[2.34128316117691,48.83026761048646],[2.341205852087073,48.8315273374426],[2.3411545064231185,48.831790559005256],[2.345941137367183,48.830465052030284]]],"type":"Polygon"},"properties":{"id_bv":"13-55","arrondissement":"13","num_bv":55,"geo_point_2d":{"lon":2.343207910816128,"lat":48.830102284785134},"created_user":null,"created_date":null,"last_edited_user":null,"last_edited_date":null,"st_area_shape":74108.49031552223,"st_perimeter_shape":1157.8576299374909}},{"type":"Feature","geometry":{"coordinates":[[[2.298585544937582,48.83365425476341],[2.298973885393922,48.834051542264866],[2.2991849887271956,48.83395311427952],[2.2976212326481757,48.83250827765828],[2.295991393798344,48.832630056286575],[2.2943338753525495,48.832947895965525],[2.2942206508975933,48.83297399781149],[2.2953407712451304,48.83414141523435],[2.2957463467808013,48.83456539841341],[2.298585544937582,48.83365425476341]]],"type":"Polygon"},"properties":{"id_bv":"15-54","arrondissement":"15","num_bv":54,"geo_point_2d":{"lon":2.296531805760181,"lat":48.83341975074296},"created_user":null,"created_date":null,"last_edited_user":null,"last_edited_date":null,"st_area_shape":45407.2609992765,"st_perimeter_shape":966.0580266420902}},{"type":"Feature","geometry":{"coordinates":[[[2.387295872456745,48.86663229885617],[2.3876802740041163,48.865788708281876],[2.384957355647203,48.865132485725965],[2.3834507362609614,48.86644440500777],[2.3831338698679057,48.867085006336126],[2.386500967097228,48.867898829778724],[2.3870454691071816,48.86803150203497],[2.3876571778754663,48.86694178594792],[2.38721451558192,48.866805696840856],[2.387295872456745,48.86663229885617]]],"type":"Polygon"},"properties":{"id_bv":"20-69","arrondissement":"20","num_bv":69,"geo_point_2d":{"lon":2.3856240790902463,"lat":48.866576478252576},"created_user":null,"created_date":null,"last_edited_user":null,"last_edited_date":null,"st_area_shape":67711.22677744357,"st_perimeter_shape":1059.4346611584492}},{"type":"Feature","geometry":{"coordinates":[[[2.264018033202044,48.851930542582544],[2.26412693423896,48.851857735277584],[2.264028350362024,48.85118723759107],[2.2651029066317943,48.84996737883678],[2.2650615452162515,48.84889192953364],[2.2666983556987783,48.849028101779595],[2.2667101487711494,48.849017264752504],[2.2666203184867433,48.84898217220597],[2.265182272571557,48.84844259851921],[2.2652743785953677,48.84758437953188],[2.2639000616313893,48.84784442700106],[2.2625372923883837,48.84722046077351],[2.261863219706647,48.84701234428332],[2.2618424544920095,48.847034890130466],[2.2620282561090486,48.847332461697164],[2.261919032907345,48.84737603771073],[2.261912382055719,48.84739457131977],[2.2621608603613423,48.84782295547452],[2.262147443127001,48.847842681291304],[2.2611743383264975,48.84770573253068],[2.260305113525413,48.847753128332364],[2.260279985766946,48.84775912824399],[2.259699256799669,48.848346403503896],[2.2609453673533464,48.848611638544334],[2.260960664063604,48.84863297068095],[2.260948577502958,48.84904118506144],[2.2622165798568803,48.850337999054325],[2.262572767125347,48.85151555756612],[2.2623414166685363,48.85178392272695],[2.26244353583061,48.8526110576106],[2.2624722172151235,48.852616613497446],[2.26331596704152,48.852369724315245],[2.264018033202044,48.851930542582544]]],"type":"Polygon"},"properties":{"id_bv":"16-34","arrondissement":"16","num_bv":34,"geo_point_2d":{"lon":2.2631050431705804,"lat":48.84939642476357},"created_user":null,"created_date":null,"last_edited_user":null,"last_edited_date":null,"st_area_shape":125368.92128137036,"st_perimeter_shape":2028.6618951053338}},{"type":"Feature","geometry":{"coordinates":[[[2.298068894031702,48.83674512962439],[2.2991510885825615,48.83644166765711],[2.3008378073051268,48.835956480908216],[2.3006999009227083,48.83550388638865],[2.3009295634572764,48.835421337149235],[2.3006262471003507,48.83506404530211],[2.3004431194365,48.83484872199862],[2.3001636433053885,48.83485507893749],[2.2991849887271956,48.83395311427952],[2.298973885393922,48.834051542264866],[2.298585544937582,48.83365425476341],[2.2957463467808013,48.83456539841341],[2.2967367765222315,48.835609541465644],[2.2973299937803797,48.83621210755722],[2.298068894031702,48.83674512962439]]],"type":"Polygon"},"properties":{"id_bv":"15-56","arrondissement":"15","num_bv":56,"geo_point_2d":{"lon":2.298430937958186,"lat":48.8352069258569},"created_user":null,"created_date":null,"last_edited_user":null,"last_edited_date":null,"st_area_shape":75207.0594437381,"st_perimeter_shape":1109.2893183083122}},{"type":"Feature","geometry":{"coordinates":[[[2.2636139196168505,48.8414989398071],[2.2643265600588127,48.84155543057915],[2.265443506770078,48.841166720863654],[2.266944089898415,48.841946410482564],[2.2670796699298807,48.841787910363095],[2.26652777710631,48.84148942228842],[2.2664853421718587,48.84132656013666],[2.2662693037215136,48.84054009123618],[2.265150794774524,48.840533455625064],[2.2635157750992114,48.839545396589344],[2.2635033543074696,48.839538086452144],[2.263252102865664,48.83960641968619],[2.2632291246325837,48.83959791398354],[2.2629737558818337,48.83931767971359],[2.2612413046594386,48.83924889142717],[2.261221056670205,48.83939182893322],[2.2621304744233766,48.840763767638],[2.262216936761426,48.84089273228104],[2.2626291774409593,48.841946879629326],[2.2636139196168505,48.8414989398071]]],"type":"Polygon"},"properties":{"id_bv":"16-41","arrondissement":"16","num_bv":41,"geo_point_2d":{"lon":2.2636744164813654,"lat":48.84059461269267},"created_user":null,"created_date":null,"last_edited_user":null,"last_edited_date":null,"st_area_shape":59636.87508606383,"st_perimeter_shape":1304.0185091760693}},{"type":"Feature","geometry":{"coordinates":[[[2.375112294411335,48.873758061345406],[2.3751589187680224,48.87371490911125],[2.3750822978131274,48.873717913115016],[2.374485205108369,48.872850074323615],[2.3735100577553485,48.87296268506949],[2.3715336612387703,48.87249522357676],[2.3704497361855075,48.87377351518362],[2.371252361514542,48.87443056291996],[2.372483335015772,48.87462818394709],[2.373276272193194,48.875380764919676],[2.375112294411335,48.873758061345406]]],"type":"Polygon"},"properties":{"id_bv":"10-13","arrondissement":"10","num_bv":13,"geo_point_2d":{"lon":2.372814043983623,"lat":48.87376885288128},"created_user":null,"created_date":null,"last_edited_user":null,"last_edited_date":null,"st_area_shape":61410.45866150716,"st_perimeter_shape":1020.8060022416153}},{"type":"Feature","geometry":{"coordinates":[[[2.3235538581219237,48.90083087785687],[2.323904248559787,48.89879644649057],[2.3238908079697174,48.89877318435993],[2.3241569749532793,48.897553590073635],[2.3241167378960133,48.89752881064929],[2.3232638885032095,48.89748883459796],[2.323238951113663,48.89747020634664],[2.3232311164057475,48.89748121292405],[2.3231852962477775,48.89744211502453],[2.321910554478534,48.89588177608296],[2.3218627464982777,48.895862902896084],[2.3183896483898714,48.8958964875103],[2.31836204985211,48.89591587000263],[2.3183140339634156,48.896051202803534],[2.3183259040492032,48.896075203133854],[2.3202627444630677,48.89680492952532],[2.322031282684513,48.89871985287235],[2.322024141555728,48.89875025711565],[2.318564309737559,48.89959021781505],[2.318618507371069,48.89967509725972],[2.3203942695342685,48.90074833084405],[2.323410495563446,48.9008482288877],[2.3235515422261503,48.900844708874864],[2.3235538581219237,48.90083087785687]]],"type":"Polygon"},"properties":{"id_bv":"17-19","arrondissement":"17","num_bv":19,"geo_point_2d":{"lon":2.32171240311681,"lat":48.89852792674912},"created_user":null,"created_date":null,"last_edited_user":null,"last_edited_date":null,"st_area_shape":128966.67285797637,"st_perimeter_shape":2027.583100725897}},{"type":"Feature","geometry":{"coordinates":[[[2.4026946036203785,48.86976841251241],[2.4021058492623477,48.86904504529459],[2.401417229884907,48.86834031312943],[2.3993360954577723,48.87069533619001],[2.400094230935103,48.87092630230268],[2.4010165560745143,48.8711995823875],[2.400936347870914,48.871279901689746],[2.4019597429756265,48.87157934896335],[2.4023952516825466,48.87005442337116],[2.4026946036203785,48.86976841251241]]],"type":"Polygon"},"properties":{"id_bv":"20-22","arrondissement":"20","num_bv":22,"geo_point_2d":{"lon":2.401214925995744,"lat":48.87009212959145},"created_user":null,"created_date":null,"last_edited_user":null,"last_edited_date":null,"st_area_shape":45196.196560394,"st_perimeter_shape":927.0883789212653}},{"type":"Feature","geometry":{"coordinates":[[[2.292441442753491,48.84390054935769],[2.293106359246708,48.84363950947423],[2.295048637376048,48.84288321203935],[2.294857051154707,48.84268032139515],[2.291976063909883,48.841257294448546],[2.2913544953741014,48.84094573992702],[2.2912745752439427,48.84096784873232],[2.291359724509565,48.84140853972132],[2.290630045176872,48.84200174150389],[2.2919075799716992,48.842540102399575],[2.291777204376185,48.84268072481647],[2.29176282266328,48.843425103246844],[2.289779710184314,48.84462597960695],[2.2895572856845727,48.84490157129781],[2.289418050270577,48.84496923294238],[2.2894514072885794,48.84501383100241],[2.2895451695248115,48.84502498869024],[2.2905569006081694,48.84461639990568],[2.291460538918102,48.84428645415953],[2.292441442753491,48.84390054935769]]],"type":"Polygon"},"properties":{"id_bv":"15-90","arrondissement":"15","num_bv":90,"geo_point_2d":{"lon":2.2923921109290446,"lat":48.84283388238474},"created_user":null,"created_date":null,"last_edited_user":null,"last_edited_date":null,"st_area_shape":57707.2358242231,"st_perimeter_shape":1427.4206930537655}},{"type":"Feature","geometry":{"coordinates":[[[2.3994577326413253,48.84045570913117],[2.400506570378146,48.84050691558177],[2.400581433234603,48.84044115630784],[2.4003045320388052,48.839627856641755],[2.4002436455975222,48.83958060386448],[2.396700914268182,48.83958262698226],[2.3957559813091436,48.83957920031195],[2.3950866166268834,48.84013976056927],[2.395098827656125,48.840165205870825],[2.3953562993080753,48.84026390560611],[2.396075669816893,48.84054140286101],[2.3988027040751705,48.841124627365176],[2.3988314641367845,48.84111482408556],[2.3994577326413253,48.84045570913117]]],"type":"Polygon"},"properties":{"id_bv":"12-3","arrondissement":"12","num_bv":3,"geo_point_2d":{"lon":2.3979555566047766,"lat":48.8401734001618},"created_user":null,"created_date":null,"last_edited_user":null,"last_edited_date":null,"st_area_shape":46270.508857800625,"st_perimeter_shape":979.9342327061141}},{"type":"Feature","geometry":{"coordinates":[[[2.3593161084444385,48.86840246325716],[2.359434333321692,48.86839863710639],[2.3632583818280555,48.86785089404212],[2.363793151619025,48.86753365781495],[2.363787298920107,48.867471855451065],[2.3627713097101206,48.867088338600645],[2.36174479151715,48.86666261539341],[2.360398896372155,48.865406082442846],[2.3583050132286294,48.86582242555218],[2.3582977357670702,48.865840090102445],[2.359260450742655,48.86690499907696],[2.359381847905908,48.867286202774324],[2.358546345718503,48.867419968433865],[2.3589305765621904,48.86845693870864],[2.3593161084444385,48.86840246325716]]],"type":"Polygon"},"properties":{"id_bv":"3-14","arrondissement":"3","num_bv":14,"geo_point_2d":{"lon":2.3605893540981113,"lat":48.867074959900904},"created_user":null,"created_date":null,"last_edited_user":null,"last_edited_date":null,"st_area_shape":72692.04626606249,"st_perimeter_shape":1255.643517338995}},{"type":"Feature","geometry":{"coordinates":[[[2.370927067809437,48.83260955457989],[2.3697911167322006,48.83159799149831],[2.3691869591744545,48.831184899800206],[2.369503887162951,48.830945110756375],[2.3681346104794434,48.830640210861304],[2.3675042680491325,48.83064834326939],[2.3673457006547434,48.83055978356618],[2.367483957924574,48.83040237846656],[2.367060838380162,48.83021094111409],[2.3664221518075523,48.83098763942339],[2.366400249371031,48.831084256084196],[2.3663419009716127,48.83181014158473],[2.3667215751830772,48.832004393691804],[2.3675418457960706,48.832223458550914],[2.3675704523253316,48.8322298784225],[2.368289986482663,48.83176985181066],[2.3683163741150346,48.83176600697296],[2.3689854516862585,48.832194164462216],[2.3685153116827014,48.832554461683365],[2.370927067809437,48.83260955457989]]],"type":"Polygon"},"properties":{"id_bv":"13-30","arrondissement":"13","num_bv":30,"geo_point_2d":{"lon":2.368271878470664,"lat":48.831540908152824},"created_user":null,"created_date":null,"last_edited_user":null,"last_edited_date":null,"st_area_shape":44158.42175144484,"st_perimeter_shape":1131.0847835609684}},{"type":"Feature","geometry":{"coordinates":[[[2.3856313773139153,48.857215360175566],[2.386861827562716,48.85750740280458],[2.387184483662652,48.85691727056305],[2.388473606622575,48.85690431363674],[2.3891659835808308,48.85543265907081],[2.388459778521673,48.855323872218754],[2.38843970683791,48.855300214789374],[2.3884156713690565,48.85531689268228],[2.387129276206821,48.85511436883447],[2.3836791839121636,48.858532678857514],[2.384627870107575,48.85877252620329],[2.385169983327726,48.857901293362026],[2.3856313773139153,48.857215360175566]]],"type":"Polygon"},"properties":{"id_bv":"11-43","arrondissement":"11","num_bv":43,"geo_point_2d":{"lon":2.386757556667448,"lat":48.85661648101226},"created_user":null,"created_date":null,"last_edited_user":null,"last_edited_date":null,"st_area_shape":53003.94294421823,"st_perimeter_shape":1306.8658930330078}},{"type":"Feature","geometry":{"coordinates":[[[2.3935780437434944,48.866412693015214],[2.393290112705211,48.86660473655123],[2.3929375692842907,48.86680546934336],[2.392975444658794,48.86670073103918],[2.3924329875077532,48.86696759058675],[2.3925443596763234,48.867034896745096],[2.3918532063588356,48.867895188287775],[2.3914094298845763,48.86807186587942],[2.3909685867104247,48.868989653435555],[2.3913227341867414,48.86907414991421],[2.3919629924218526,48.86921359440055],[2.3925983231368657,48.869327318157445],[2.3932693349045757,48.86957197669157],[2.3944801018049393,48.86861153364496],[2.394612749598006,48.868537944534296],[2.3940800823978914,48.86788747491472],[2.3935780437434944,48.866412693015214]]],"type":"Polygon"},"properties":{"id_bv":"20-67","arrondissement":"20","num_bv":67,"geo_point_2d":{"lon":2.3928856499846556,"lat":48.868208339025045},"created_user":null,"created_date":null,"last_edited_user":null,"last_edited_date":null,"st_area_shape":49693.72926602437,"st_perimeter_shape":973.7562847767147}},{"type":"Feature","geometry":{"coordinates":[[[2.3511935639361843,48.84722972392349],[2.3514998048333666,48.84682058768121],[2.3520546161289926,48.84668189072611],[2.3521716563449013,48.84665774809851],[2.3546176619661523,48.84645945132787],[2.3550041021174946,48.844785785253286],[2.3568641482449726,48.844817751593304],[2.3568752040679537,48.84477505903769],[2.3549868077924816,48.84381538238436],[2.354978791820587,48.84377760466432],[2.3549234218946826,48.84375785832203],[2.354918693302676,48.84364593248803],[2.3546840367814172,48.84365136087303],[2.3544147464147662,48.845191017554306],[2.3543860605449147,48.84520012526334],[2.3540245028938775,48.84516082941608],[2.3523720117518674,48.844551391236216],[2.352344072008572,48.84456668560603],[2.351722118539482,48.84629467352674],[2.351558337452041,48.846323479188044],[2.351536171433077,48.84631348047938],[2.350320067996964,48.84529525011679],[2.350104708911732,48.845357638213045],[2.3500850296523788,48.845378621309656],[2.3504420658949097,48.84580462401008],[2.35043585776645,48.84582582509331],[2.3491040157175758,48.84607428169468],[2.3490558257411087,48.84639280659184],[2.3488739102812257,48.84700779246194],[2.3486482166010565,48.8471694504664],[2.348546545349102,48.84737416480551],[2.350598013576841,48.84799600375085],[2.3511935639361843,48.84722972392349]]],"type":"Polygon"},"properties":{"id_bv":"5-24","arrondissement":"5","num_bv":24,"geo_point_2d":{"lon":2.3522323760632813,"lat":48.846005970569},"created_user":null,"created_date":null,"last_edited_user":null,"last_edited_date":null,"st_area_shape":88974.8909733165,"st_perimeter_shape":2119.641320734491}},{"type":"Feature","geometry":{"coordinates":[[[2.3732350255385857,48.88126624332391],[2.373198161700644,48.881263832582974],[2.372846253981744,48.88082376982288],[2.372742105143113,48.880541533450945],[2.3713199848123474,48.879045059562564],[2.3703362119745615,48.87805172616892],[2.3702753940195116,48.87807254506598],[2.3702428387918664,48.88159692421619],[2.370250156032824,48.88242660434389],[2.3703501252948014,48.882470983195915],[2.3732350255385857,48.88126624332391]]],"type":"Polygon"},"properties":{"id_bv":"19-61","arrondissement":"19","num_bv":61,"geo_point_2d":{"lon":2.371273293436889,"lat":48.88055712267693},"created_user":null,"created_date":null,"last_edited_user":null,"last_edited_date":null,"st_area_shape":57172.109857656775,"st_perimeter_shape":1167.1136197298745}},{"type":"Feature","geometry":{"coordinates":[[[2.3669417945263875,48.81721433000607],[2.3633840186657906,48.81609346304542],[2.360572511102041,48.81606543358947],[2.3605181736341496,48.816105205996685],[2.3599422554910623,48.81781312009935],[2.359609822852293,48.81895254156042],[2.359665853068888,48.81896010322924],[2.3619952463857445,48.81927447520671],[2.363239332087091,48.81962953295478],[2.3645822268301178,48.82003877673736],[2.364679634535677,48.820069458609474],[2.364722958335837,48.82010762820941],[2.3669417945263875,48.81721433000607]]],"type":"Polygon"},"properties":{"id_bv":"13-37","arrondissement":"13","num_bv":37,"geo_point_2d":{"lon":2.3630830573273975,"lat":48.81787223512209},"created_user":null,"created_date":null,"last_edited_user":null,"last_edited_date":null,"st_area_shape":158783.5409500606,"st_perimeter_shape":1586.1884947278916}},{"type":"Feature","geometry":{"coordinates":[[[2.3927725189105717,48.88284999158321],[2.3927737403758815,48.88284756420172],[2.392662132867924,48.88214964419122],[2.3925315450956255,48.882028809129224],[2.3926090864453644,48.88184332246619],[2.3929118851766646,48.88176418504681],[2.3915693618431155,48.88084258562051],[2.3915124868327937,48.880732613628936],[2.3907206656184945,48.880252367928165],[2.3903358884990484,48.87990361358186],[2.38976866154144,48.87954439421787],[2.3894960464397803,48.879546935282704],[2.387436492528667,48.88135247122844],[2.3886423326842317,48.88182740488982],[2.3900195931017874,48.88206035073244],[2.39008850385299,48.882681364078735],[2.391135449370628,48.88298766596235],[2.3927725189105717,48.88284999158321]]],"type":"Polygon"},"properties":{"id_bv":"19-30","arrondissement":"19","num_bv":30,"geo_point_2d":{"lon":2.39036170917541,"lat":48.88139657339772},"created_user":null,"created_date":null,"last_edited_user":null,"last_edited_date":null,"st_area_shape":79849.91030096066,"st_perimeter_shape":1232.450096368164}},{"type":"Feature","geometry":{"coordinates":[[[2.359563550513028,48.86469364393525],[2.3588829514092557,48.86403692497618],[2.358269904186226,48.863372381664774],[2.3581325087863725,48.86341018718759],[2.3567274742434186,48.86383912608241],[2.3534480695723543,48.8647709943845],[2.3532531252892634,48.864826079961],[2.3532573437887705,48.86484456180086],[2.3561537027737374,48.86542870838141],[2.3595408873473755,48.86471489736518],[2.359563550513028,48.86469364393525]]],"type":"Polygon"},"properties":{"id_bv":"3-12","arrondissement":"3","num_bv":12,"geo_point_2d":{"lon":2.3567909167374834,"lat":48.864532816891376},"created_user":null,"created_date":null,"last_edited_user":null,"last_edited_date":null,"st_area_shape":51632.48850257855,"st_perimeter_shape":1064.9934305606498}},{"type":"Feature","geometry":{"coordinates":[[[2.2728272716293882,48.86211415159123],[2.2733844836025336,48.86156356232357],[2.2738129810679184,48.860792946196426],[2.2739203155530094,48.860208210405474],[2.273783920011131,48.85948394774771],[2.2751942765187314,48.859559056078055],[2.274893275869416,48.858161775004305],[2.2739551250649526,48.85820722319881],[2.2727938851653766,48.85808055017737],[2.271556455709713,48.85776020284818],[2.2692544080419728,48.85729527821621],[2.2672973394912743,48.85688371936201],[2.266201272841343,48.85658759356743],[2.265248137529163,48.85614599861859],[2.2650026149640534,48.85601680769773],[2.2647608821606333,48.85584060658064],[2.26390639007952,48.85607453088314],[2.2638750323330656,48.85612446203269],[2.26464313032622,48.85733401210995],[2.2645994032447607,48.85740714549566],[2.2652861116415215,48.85724428079828],[2.265798383756568,48.857097135753165],[2.2666544777298534,48.85731094045651],[2.2674334656066852,48.85837297987816],[2.2681543251937195,48.859702247762755],[2.267794527125759,48.861749733636444],[2.2678295149212544,48.86178259250074],[2.2711432319403606,48.861912729421704],[2.271430953450143,48.86208919546347],[2.271462301418331,48.862094285988206],[2.272465920209882,48.862029013297764],[2.2725033306067144,48.86203288040894],[2.272753503448729,48.86215764849559],[2.2728272716293882,48.86211415159123]]],"type":"Polygon"},"properties":{"id_bv":"16-4","arrondissement":"16","num_bv":4,"geo_point_2d":{"lon":2.270310036368495,"lat":48.859333015452464},"created_user":null,"created_date":null,"last_edited_user":null,"last_edited_date":null,"st_area_shape":249607.23901760703,"st_perimeter_shape":2668.1407232803217}},{"type":"Feature","geometry":{"coordinates":[[[2.326236726868962,48.84686115948804],[2.325432989601307,48.84583451447016],[2.3256706141257726,48.84574556169096],[2.323971886482888,48.843926699313506],[2.3238771871129273,48.84390945574908],[2.3211477356613446,48.8448254904922],[2.32039185916233,48.84509264575301],[2.3203838583904166,48.845152994359616],[2.3228329420373544,48.845874204887245],[2.3228117641336374,48.84757572550822],[2.3237713067992747,48.84810096283673],[2.3243324796087435,48.847014883797826],[2.326236726868962,48.84686115948804]]],"type":"Polygon"},"properties":{"id_bv":"6-17","arrondissement":"6","num_bv":17,"geo_point_2d":{"lon":2.323630995897641,"lat":48.84577690190775},"created_user":null,"created_date":null,"last_edited_user":null,"last_edited_date":null,"st_area_shape":84153.21045288401,"st_perimeter_shape":1433.6162718419082}},{"type":"Feature","geometry":{"coordinates":[[[2.3556253342080185,48.850645505146915],[2.3591103002638296,48.84950282285104],[2.3594147204112432,48.84936408159108],[2.359936609382402,48.84908836918529],[2.3613430162961,48.848316990661125],[2.3614422626915434,48.848354469586646],[2.3614958131921044,48.84823113426652],[2.3624802779894942,48.84761613340044],[2.3569626787189777,48.84481946929585],[2.3568641482449726,48.844817751593304],[2.3550041021174946,48.844785785253286],[2.3546176619661523,48.84645945132787],[2.3521716563449013,48.84665774809851],[2.3520546161289926,48.84668189072611],[2.3514998048333666,48.84682058768121],[2.3511935639361843,48.84722972392349],[2.351833164455503,48.84771087250127],[2.352623217808855,48.84747666273732],[2.3526584788627036,48.84748126848213],[2.352931685377813,48.84877604473815],[2.3541918412897673,48.84933394347897],[2.3555391888076724,48.85061236218233],[2.3555050050228274,48.85067968189065],[2.3556253342080185,48.850645505146915]]],"type":"Polygon"},"properties":{"id_bv":"5-21","arrondissement":"5","num_bv":21,"geo_point_2d":{"lon":2.3568005457000734,"lat":48.84764640877453},"created_user":null,"created_date":null,"last_edited_user":null,"last_edited_date":null,"st_area_shape":281759.0847375007,"st_perimeter_shape":2329.5874666383875}},{"type":"Feature","geometry":{"coordinates":[[[2.3074633594391725,48.88754666668797],[2.3047993975507293,48.887200206997456],[2.3047651722289224,48.88717392408283],[2.304767479441251,48.887154636939655],[2.304707320845053,48.887152187680236],[2.3034597127708283,48.88535211765172],[2.303038682420736,48.88523721229699],[2.3009093318914777,48.886791997898584],[2.3009289577657666,48.88684590330468],[2.301737013949985,48.88712834813485],[2.303942619938589,48.88881672991129],[2.3042369262756477,48.8889054559177],[2.304528527269178,48.88907856483743],[2.3046827184378813,48.88963108539132],[2.3074633594391725,48.88754666668797]]],"type":"Polygon"},"properties":{"id_bv":"17-52","arrondissement":"17","num_bv":52,"geo_point_2d":{"lon":2.303987326741175,"lat":48.88739528400062},"created_user":null,"created_date":null,"last_edited_user":null,"last_edited_date":null,"st_area_shape":87903.0750036319,"st_perimeter_shape":1440.7087722536687}},{"type":"Feature","geometry":{"coordinates":[[[2.3361005677451137,48.879645869861704],[2.3362874691163644,48.8796825647797],[2.3369445802236313,48.87901315784343],[2.337586180764569,48.87888813364805],[2.3380435401777406,48.87812149936363],[2.3392219773417864,48.8768944381453],[2.3392683399085707,48.8769053457826],[2.339231721260345,48.876791220284325],[2.338153776777,48.87685248364539],[2.3371073416653676,48.87671184624939],[2.3369394924256865,48.87672409734144],[2.3372626997106836,48.877813774031964],[2.3346756866003235,48.87935130672004],[2.3346919535988975,48.87939911670041],[2.3352381543925205,48.88029777770065],[2.335270586286208,48.880294377534135],[2.3361005677451137,48.879645869861704]]],"type":"Polygon"},"properties":{"id_bv":"9-10","arrondissement":"9","num_bv":10,"geo_point_2d":{"lon":2.3369148781321405,"lat":48.87835939828061},"created_user":null,"created_date":null,"last_edited_user":null,"last_edited_date":null,"st_area_shape":42463.74382644533,"st_perimeter_shape":1180.578498352106}},{"type":"Feature","geometry":{"coordinates":[[[2.2652743785953677,48.84758437953188],[2.26572857223063,48.84750245206451],[2.266394984207963,48.84754236741921],[2.266476084113355,48.84754248244968],[2.2664867425680617,48.84752500474414],[2.2660414172432115,48.84625641550115],[2.264851981226764,48.8453715913518],[2.264811922302628,48.844958247855956],[2.263638860360693,48.84366387204299],[2.2631377330580222,48.843759970767096],[2.263135874831115,48.843774978807524],[2.2636746209023375,48.84496787457055],[2.263651799702076,48.84497971550619],[2.2620872148423246,48.845060598512475],[2.262204205648955,48.84522203288795],[2.262194860748468,48.84523857851403],[2.2604797887393207,48.845283984670466],[2.261532125083329,48.84689902404518],[2.261863219706647,48.84701234428332],[2.2625372923883837,48.84722046077351],[2.2639000616313893,48.84784442700106],[2.2652743785953677,48.84758437953188]]],"type":"Polygon"},"properties":{"id_bv":"16-37","arrondissement":"16","num_bv":37,"geo_point_2d":{"lon":2.263645877250242,"lat":48.84615948716628},"created_user":null,"created_date":null,"last_edited_user":null,"last_edited_date":null,"st_area_shape":100450.2310813773,"st_perimeter_shape":1529.427888733829}},{"type":"Feature","geometry":{"coordinates":[[[2.307426529201336,48.83406523644801],[2.307190022191688,48.83348818828419],[2.3070947088181453,48.83303337565312],[2.306197196137354,48.83208085833636],[2.305860193865299,48.83167480179907],[2.305217921930886,48.83186666961121],[2.303939744894767,48.83196431896357],[2.303121569723968,48.832085505831486],[2.3052479713274017,48.834502217704895],[2.305264426039277,48.834521016653916],[2.305536740328379,48.83459401730665],[2.306864477454969,48.83420845532043],[2.307426529201336,48.83406523644801]]],"type":"Polygon"},"properties":{"id_bv":"15-46","arrondissement":"15","num_bv":46,"geo_point_2d":{"lon":2.3054657773601384,"lat":48.83308304921547},"created_user":null,"created_date":null,"last_edited_user":null,"last_edited_date":null,"st_area_shape":58066.444973342106,"st_perimeter_shape":986.9545046168611}},{"type":"Feature","geometry":{"coordinates":[[[2.3728327939002547,48.86759844181917],[2.374508638619227,48.86531127187303],[2.374480807108002,48.86528072955322],[2.371222077644003,48.86590798719302],[2.369614348026456,48.868455801478966],[2.3696603379308665,48.86848635863983],[2.3715102449298753,48.8682557201563],[2.372428073700491,48.86812204228867],[2.3724576536445237,48.86810694367719],[2.3728327939002547,48.86759844181917]]],"type":"Polygon"},"properties":{"id_bv":"11-23","arrondissement":"11","num_bv":23,"geo_point_2d":{"lon":2.3719841419271637,"lat":48.86692507871822},"created_user":null,"created_date":null,"last_edited_user":null,"last_edited_date":null,"st_area_shape":60934.49131102543,"st_perimeter_shape":1119.823131947877}},{"type":"Feature","geometry":{"coordinates":[[[2.3270255874053967,48.883402264011444],[2.3262910257676666,48.88129339125394],[2.3248635283222026,48.88062398674779],[2.3236392552593164,48.88121098227646],[2.323226009485307,48.8814372620924],[2.3233505327089397,48.882691323467604],[2.3268958727614137,48.88341166129734],[2.326974585373109,48.88342774407468],[2.3270255874053967,48.883402264011444]]],"type":"Polygon"},"properties":{"id_bv":"8-7","arrondissement":"8","num_bv":7,"geo_point_2d":{"lon":2.325064374534071,"lat":48.8820538927203},"created_user":null,"created_date":null,"last_edited_user":null,"last_edited_date":null,"st_area_shape":55090.315780057856,"st_perimeter_shape":942.0072150444001}},{"type":"Feature","geometry":{"coordinates":[[[2.382676871783757,48.85953418865759],[2.3809597821867388,48.85905150785011],[2.3807284240319366,48.85889325251512],[2.379514362133323,48.85861193977983],[2.379341923964739,48.85910364749628],[2.377171326880174,48.859812312228996],[2.377182423185182,48.85983842044379],[2.37862103349599,48.86028631140044],[2.378715639835267,48.860339786651245],[2.381114219252801,48.8611016933811],[2.382676871783757,48.85953418865759]]],"type":"Polygon"},"properties":{"id_bv":"11-2","arrondissement":"11","num_bv":2,"geo_point_2d":{"lon":2.380187100076187,"lat":48.85984200984742},"created_user":null,"created_date":null,"last_edited_user":null,"last_edited_date":null,"st_area_shape":54521.022119555186,"st_perimeter_shape":1022.4040844381599}},{"type":"Feature","geometry":{"coordinates":[[[2.359952942464699,48.89020221249572],[2.3630792345300287,48.889912534237915],[2.368107724488827,48.889697066366274],[2.367570087152783,48.88864254951095],[2.367421045146253,48.88825941019893],[2.3674727729923797,48.888218166175065],[2.3673989437399787,48.888203985907936],[2.366770221202875,48.88660458150806],[2.365812435505706,48.885564235297025],[2.361325543520818,48.886705733204685],[2.36129353643177,48.8866992249225],[2.361063066688667,48.88649328892612],[2.3609499743344426,48.88649670806199],[2.360828758408934,48.886520007394104],[2.359795761516703,48.886048861437146],[2.3594828230136526,48.88605954540921],[2.3598282973444573,48.88775939206103],[2.359889407714571,48.89020789564056],[2.359952942464699,48.89020221249572]]],"type":"Polygon"},"properties":{"id_bv":"18-60","arrondissement":"18","num_bv":60,"geo_point_2d":{"lon":2.363581299737379,"lat":48.888077673119035},"created_user":null,"created_date":null,"last_edited_user":null,"last_edited_date":null,"st_area_shape":230810.00660247004,"st_perimeter_shape":2083.2915303110804}},{"type":"Feature","geometry":{"coordinates":[[[2.2899675729588744,48.88468179927645],[2.2899762649286393,48.88464160111046],[2.286242811481149,48.8822809936436],[2.2862467482490274,48.8822464690917],[2.2861933337200497,48.88225107990288],[2.28611935428266,48.8822066693275],[2.284710979162941,48.881288194076014],[2.284707577105837,48.88124043510401],[2.285343614617905,48.88090043647108],[2.285352854183643,48.880877385834125],[2.2842058979110207,48.878205741353554],[2.284234579212966,48.87818332411233],[2.2832904459762173,48.87760305160286],[2.2831453234103156,48.87757586435964],[2.2815274707252073,48.87811059312256],[2.279915263902324,48.87862330637778],[2.2798736702253244,48.87869269570524],[2.2802210497112467,48.87965592916512],[2.2809608844095024,48.88285883241699],[2.281982871728398,48.883686486290344],[2.282015230300909,48.88368377908716],[2.2842960169176645,48.88260459843859],[2.286497582991137,48.884078266785025],[2.2865420558864993,48.88408215972661],[2.2871213768278174,48.8836755477646],[2.2879110323464533,48.883586679189364],[2.289630130034643,48.884707595178504],[2.289663851728614,48.8847184397718],[2.2899675729588744,48.88468179927645]]],"type":"Polygon"},"properties":{"id_bv":"17-59","arrondissement":"17","num_bv":59,"geo_point_2d":{"lon":2.2832490250334136,"lat":48.88093474631172},"created_user":null,"created_date":null,"last_edited_user":null,"last_edited_date":null,"st_area_shape":217767.1668261242,"st_perimeter_shape":2656.351235739164}},{"type":"Feature","geometry":{"coordinates":[[[2.405836533410925,48.8771324957944],[2.406289894767829,48.87722989147228],[2.4064156892464266,48.877149861607805],[2.406395820010995,48.877115245915185],[2.4051170766789363,48.876761173279576],[2.402534747465748,48.87600863425187],[2.399389665126166,48.8755799966775],[2.399326651996229,48.87562006318673],[2.3996407414664263,48.87605281060365],[2.399981592452821,48.876966052342794],[2.401863316349952,48.87700382323958],[2.4017582848198353,48.87754274706096],[2.4018242436641213,48.877619598821425],[2.402145618235063,48.87753554397321],[2.4031333216705684,48.87732626123782],[2.4040160231611045,48.87729682891699],[2.405836533410925,48.8771324957944]]],"type":"Polygon"},"properties":{"id_bv":"19-39","arrondissement":"19","num_bv":39,"geo_point_2d":{"lon":2.4022752651233317,"lat":48.87662169127465},"created_user":null,"created_date":null,"last_edited_user":null,"last_edited_date":null,"st_area_shape":52006.204239991916,"st_perimeter_shape":1269.9521664264576}},{"type":"Feature","geometry":{"coordinates":[[[2.3191257409109127,48.830545615998716],[2.3193440937627336,48.830472393296695],[2.3182070075661048,48.82967807323027],[2.318106451221024,48.829762776084515],[2.3161600123642914,48.83036853996214],[2.315247367522359,48.8315195704735],[2.3152999582047284,48.83154872800372],[2.31783501601127,48.83094895440331],[2.3191257409109127,48.830545615998716]]],"type":"Polygon"},"properties":{"id_bv":"14-47","arrondissement":"14","num_bv":47,"geo_point_2d":{"lon":2.317291973059901,"lat":48.830594153720305},"created_user":null,"created_date":null,"last_edited_user":null,"last_edited_date":null,"st_area_shape":26736.273657625294,"st_perimeter_shape":761.4609505704569}},{"type":"Feature","geometry":{"coordinates":[[[2.392465853032064,48.87541622464274],[2.3952002009049616,48.875255044455834],[2.3954261885702417,48.87527438039499],[2.3953668962884707,48.87521837000141],[2.3958244594206772,48.87437806151391],[2.395892166542904,48.87363599387579],[2.3961525201399945,48.87273575334167],[2.3941002248714156,48.872818655323485],[2.392898719912915,48.87446695653692],[2.3922611983611235,48.87539988007709],[2.392305216455818,48.875426392823414],[2.3923863982537332,48.87542115261222],[2.392420952289241,48.87544888983193],[2.392465853032064,48.87541622464274]]],"type":"Polygon"},"properties":{"id_bv":"20-14","arrondissement":"20","num_bv":14,"geo_point_2d":{"lon":2.394441233798279,"lat":48.87414908713523},"created_user":null,"created_date":null,"last_edited_user":null,"last_edited_date":null,"st_area_shape":54263.64599951883,"st_perimeter_shape":996.7581491155025}},{"type":"Feature","geometry":{"coordinates":[[[2.3498773148298953,48.852064224840085],[2.349273205786544,48.85131919121677],[2.3487863928494717,48.850356941311595],[2.3487069098996165,48.85016401667908],[2.348708017979934,48.850131511865],[2.3488528041277594,48.84994462843865],[2.348995029364762,48.849710125211914],[2.348493420895048,48.848543182777505],[2.345858094697643,48.84933278157475],[2.3465894520617594,48.85054852671565],[2.3465659111149786,48.850581596102266],[2.3457487087998037,48.85079560019144],[2.345756231957483,48.85082713769136],[2.3478089720521327,48.85170697491478],[2.3484208380403646,48.85253507654852],[2.348571130247162,48.85256070898598],[2.349168395644361,48.85235000811045],[2.3498773148298953,48.852064224840085]]],"type":"Polygon"},"properties":{"id_bv":"5-4","arrondissement":"5","num_bv":4,"geo_point_2d":{"lon":2.347843898138104,"lat":48.85048818658575},"created_user":null,"created_date":null,"last_edited_user":null,"last_edited_date":null,"st_area_shape":69086.52001221804,"st_perimeter_shape":1252.9813536394329}},{"type":"Feature","geometry":{"coordinates":[[[2.3009181006027872,48.843135813548656],[2.3024302938756183,48.842764426263415],[2.3024441833194826,48.842717136684584],[2.300449376453153,48.84210481677726],[2.30021784555731,48.842591566567016],[2.298933763916036,48.842199250102425],[2.298703989753981,48.84291880049003],[2.298675657613863,48.84293783589011],[2.295619467504664,48.84283391111051],[2.2955908372168983,48.842812420317436],[2.295574173526162,48.84283152639622],[2.295119722729342,48.84286763295831],[2.2950741336220184,48.842913562153825],[2.2957812614888713,48.8436328832047],[2.2985396167096788,48.84371539733912],[2.3009181006027872,48.843135813548656]]],"type":"Polygon"},"properties":{"id_bv":"15-3","arrondissement":"15","num_bv":3,"geo_point_2d":{"lon":2.2987119898870265,"lat":48.84303603028446},"created_user":null,"created_date":null,"last_edited_user":null,"last_edited_date":null,"st_area_shape":45878.15601632383,"st_perimeter_shape":1284.558277968676}},{"type":"Feature","geometry":{"coordinates":[[[2.3987047806453226,48.89024274631685],[2.3949475013132746,48.889258302553955],[2.3949635427829445,48.889217165044336],[2.394887346485835,48.889239982483396],[2.390260042956529,48.88804362889386],[2.384815859063598,48.88662021741467],[2.384826545595611,48.886669004875074],[2.384533389990719,48.887875926176406],[2.38424881826391,48.888421671196014],[2.383781005868559,48.88929486697181],[2.3831941724296795,48.88979214257675],[2.3836041203446987,48.88999831763744],[2.3836131868068486,48.89001814037904],[2.3835761229982726,48.89009956656591],[2.3837694958818587,48.89015944491544],[2.383828024900313,48.890153456257316],[2.383855227122774,48.89012835139273],[2.3841394356818992,48.88987365356209],[2.383876418723556,48.88957517555415],[2.384028754842749,48.88940691114001],[2.384567768611018,48.88957369466498],[2.3845989628791417,48.88956386083107],[2.385496762694721,48.888827682458604],[2.3855285229779026,48.88882484081357],[2.385811685803463,48.888893242708306],[2.385841359585765,48.888878487753786],[2.386184269897608,48.888377713055064],[2.386224434854987,48.888373702024175],[2.388255886097492,48.88898138158437],[2.388272889718361,48.88901387730251],[2.3873650356927794,48.891828784295946],[2.3872187422691775,48.89227576356546],[2.3872344157199894,48.8922921061532],[2.3901585506987475,48.89381582932082],[2.3930910081194345,48.89531756617583],[2.3967716191351323,48.89609061435588],[2.39682215813137,48.89607799791944],[2.3977381391687866,48.8945954638756],[2.398593937654344,48.89131578695795],[2.398755674708523,48.89028577440962],[2.3987047806453226,48.89024274631685]]],"type":"Polygon"},"properties":{"id_bv":"19-46","arrondissement":"19","num_bv":46,"geo_point_2d":{"lon":2.392330045727283,"lat":48.8914131973098},"created_user":null,"created_date":null,"last_edited_user":null,"last_edited_date":null,"st_area_shape":568654.0382452747,"st_perimeter_shape":3933.0919985726186}},{"type":"Feature","geometry":{"coordinates":[[[2.35131964879831,48.83311850692989],[2.352488706840405,48.83299750428772],[2.352965840640954,48.83242604079791],[2.354317162165535,48.83197742020658],[2.354326189139532,48.83195681578713],[2.354156954397483,48.831579271557864],[2.3541285440683115,48.8315728980892],[2.3526203093223725,48.83173258269382],[2.3525949774171173,48.8317119839811],[2.3524931152306765,48.83092553923507],[2.3527166239697546,48.83051312791115],[2.349932443428318,48.82962272075908],[2.349538260959184,48.829561949197405],[2.349455651757679,48.829562697840124],[2.3495125396225442,48.82960156339585],[2.3493088950565966,48.8299067119199],[2.348328096350342,48.83071757493113],[2.347200147388873,48.832195012285645],[2.346975853876498,48.83267980983583],[2.346974789096391,48.83270825832002],[2.3500346089958732,48.833511165735565],[2.35131964879831,48.83311850692989]]],"type":"Polygon"},"properties":{"id_bv":"13-60","arrondissement":"13","num_bv":60,"geo_point_2d":{"lon":2.35033475156057,"lat":48.83170718272928},"created_user":null,"created_date":null,"last_edited_user":null,"last_edited_date":null,"st_area_shape":133200.06668944994,"st_perimeter_shape":1580.8791164114073}},{"type":"Feature","geometry":{"coordinates":[[[2.382643620575449,48.85407524860736],[2.382282826222495,48.85399489665577],[2.38198239731558,48.85393493970368],[2.3793834587560827,48.854874518036716],[2.378685359770885,48.85569738512961],[2.3792442255680646,48.85666769111461],[2.37963277096784,48.85729531438493],[2.380274781596658,48.857478837065116],[2.380284569960191,48.857471417773795],[2.381136932691479,48.8563886850831],[2.381306017722468,48.85633052528577],[2.382643620575449,48.85407524860736]]],"type":"Polygon"},"properties":{"id_bv":"11-4","arrondissement":"11","num_bv":4,"geo_point_2d":{"lon":2.38052853082724,"lat":48.855588899566456},"created_user":null,"created_date":null,"last_edited_user":null,"last_edited_date":null,"st_area_shape":58258.80465926287,"st_perimeter_shape":1035.4760796895343}},{"type":"Feature","geometry":{"coordinates":[[[2.3299762288670154,48.82766497539382],[2.3303523861039763,48.82771821450546],[2.331885653761248,48.827676965537535],[2.3320367047506143,48.82760368000216],[2.3320568968485538,48.8275784384588],[2.328920508757165,48.82613113803813],[2.326748282649772,48.826813476853985],[2.3270869733334463,48.827457862256544],[2.3288511145430633,48.82769853233507],[2.3292954462535005,48.827714111019766],[2.3299762288670154,48.82766497539382]]],"type":"Polygon"},"properties":{"id_bv":"14-7","arrondissement":"14","num_bv":7,"geo_point_2d":{"lon":2.329112387450563,"lat":48.82708737364433},"created_user":null,"created_date":null,"last_edited_user":null,"last_edited_date":null,"st_area_shape":39912.33709621079,"st_perimeter_shape":906.3979683642724}},{"type":"Feature","geometry":{"coordinates":[[[2.3068022302530435,48.83638357112971],[2.306765212200914,48.836225611249915],[2.30677285138427,48.836179192166476],[2.308429558811852,48.83451044613925],[2.3084924296002862,48.8344408761746],[2.3081193841434593,48.833888497418535],[2.307426529201336,48.83406523644801],[2.306864477454969,48.83420845532043],[2.305536740328379,48.83459401730665],[2.305264426039277,48.834521016653916],[2.3052479713274017,48.834502217704895],[2.3036568391135264,48.834937996542045],[2.303802862679382,48.83511657172548],[2.3039945677146823,48.83541382307062],[2.304238278131039,48.835347252859634],[2.305664941432522,48.836475714988964],[2.306007410943656,48.8364394872693],[2.3062827082349204,48.83641550428763],[2.306387620965124,48.83653127546816],[2.306477137977443,48.83654031247557],[2.306503086502591,48.83656908722867],[2.306529723765058,48.83659852700651],[2.3065742076664253,48.836542633522406],[2.306660275527281,48.836507800626755],[2.3068022302530435,48.83638357112971]]],"type":"Polygon"},"properties":{"id_bv":"15-59","arrondissement":"15","num_bv":59,"geo_point_2d":{"lon":2.3062205312308017,"lat":48.835175677452035},"created_user":null,"created_date":null,"last_edited_user":null,"last_edited_date":null,"st_area_shape":53010.3466920535,"st_perimeter_shape":1024.7760823559702}},{"type":"Feature","geometry":{"coordinates":[[[2.292954472987706,48.830672048804615],[2.295827909498306,48.82983158943896],[2.29636837172584,48.83002402382815],[2.300957588770799,48.82920055317109],[2.300997565806919,48.829028763645255],[2.3010201266309727,48.82902420884461],[2.3010035275804395,48.82900585175031],[2.301064392037931,48.82867081663128],[2.298956019593561,48.82911482818542],[2.299178870170671,48.82846675045709],[2.2987729986855365,48.82819575918179],[2.298594116246766,48.827863578469895],[2.3002139044356857,48.82542498747721],[2.3002152459899894,48.82541555991801],[2.2922402363907772,48.827184180024254],[2.288885194301169,48.82857682445396],[2.291134178452778,48.83134858722488],[2.292954472987706,48.830672048804615]]],"type":"Polygon"},"properties":{"id_bv":"15-49","arrondissement":"15","num_bv":49,"geo_point_2d":{"lon":2.294766592758855,"lat":48.82846176179368},"created_user":null,"created_date":null,"last_edited_user":null,"last_edited_date":null,"st_area_shape":284243.53828484705,"st_perimeter_shape":2712.5081493410435}},{"type":"Feature","geometry":{"coordinates":[[[2.3233112715994455,48.87902553499922],[2.323352032528368,48.8790342614165],[2.3242331605138427,48.875285027552415],[2.32424255523367,48.8752448288863],[2.3237713827664295,48.87517746340701],[2.3217679299071157,48.875058540174024],[2.320232479550543,48.874908489682085],[2.3199616264124083,48.87476604368871],[2.3195804421624513,48.874558592536964],[2.3174784983698475,48.87419619037066],[2.3169153590146734,48.87497883399679],[2.316918014207153,48.87499895478462],[2.3170096998056664,48.8751329875915],[2.317033752273732,48.87514117480957],[2.318431410638696,48.87494643867924],[2.318470916416821,48.87496211156132],[2.318332607339629,48.87556528160451],[2.3183536932743607,48.8755903538359],[2.318735724343141,48.87563341436396],[2.318754592140976,48.8756532784176],[2.3188896411557756,48.87674053855489],[2.3197824848094633,48.87823734597277],[2.3198162747238382,48.87825627294517],[2.321884232945104,48.87945043455822],[2.3219209643919707,48.879457825604675],[2.3233112715994455,48.87902553499922]]],"type":"Polygon"},"properties":{"id_bv":"8-9","arrondissement":"8","num_bv":9,"geo_point_2d":{"lon":2.321207166961106,"lat":48.87667266044643},"created_user":null,"created_date":null,"last_edited_user":null,"last_edited_date":null,"st_area_shape":165450.7150071705,"st_perimeter_shape":1894.9886352864241}},{"type":"Feature","geometry":{"coordinates":[[[2.3462671588298236,48.89611688104617],[2.3460848302833517,48.895734548885066],[2.344054583208325,48.895067920361065],[2.343103120855603,48.894929877146275],[2.3431068880429735,48.894837126574174],[2.343072740528124,48.89492987866761],[2.343321800789203,48.89620988196824],[2.343656229895776,48.89663105720338],[2.344074218911461,48.89743381130812],[2.3440915683914243,48.89744858410906],[2.344257098394827,48.8974593965725],[2.3467730215187625,48.89760278723129],[2.3470918412570008,48.89773233328908],[2.347113557555395,48.89771189236832],[2.3462671588298236,48.89611688104617]]],"type":"Polygon"},"properties":{"id_bv":"18-11","arrondissement":"18","num_bv":11,"geo_point_2d":{"lon":2.3449236552644144,"lat":48.89639170049036},"created_user":null,"created_date":null,"last_edited_user":null,"last_edited_date":null,"st_area_shape":53756.32349494545,"st_perimeter_shape":1011.5226986697836}},{"type":"Feature","geometry":{"coordinates":[[[2.297665915208453,48.84524458101613],[2.2965151498773393,48.84431548463496],[2.2957812614888713,48.8436328832047],[2.2950741336220184,48.842913562153825],[2.295048637376048,48.84288321203935],[2.293106359246708,48.84363950947423],[2.2947753576663095,48.84552746107945],[2.2956578363094335,48.84519984417723],[2.2961864345266747,48.84581596180859],[2.297665915208453,48.84524458101613]]],"type":"Polygon"},"properties":{"id_bv":"15-4","arrondissement":"15","num_bv":4,"geo_point_2d":{"lon":2.2952793626292904,"lat":48.84439748423326},"created_user":null,"created_date":null,"last_edited_user":null,"last_edited_date":null,"st_area_shape":51708.027288762794,"st_perimeter_shape":1013.1055337323198}},{"type":"Feature","geometry":{"coordinates":[[[2.3834831514369195,48.89369111589627],[2.383860471060479,48.89399883494447],[2.384966245990643,48.8935895982109],[2.3851671667697656,48.89274058794975],[2.385860293236392,48.892430860703406],[2.3858681941183373,48.89239524592649],[2.3844018730272554,48.890885267559476],[2.3827833613788916,48.89171144207674],[2.382552747565813,48.89165287928276],[2.3823543255160646,48.89173845060248],[2.382336530315617,48.891751533849344],[2.38229942304618,48.89192912355697],[2.3801508271577667,48.8930665948247],[2.3801383684153663,48.893085355777224],[2.380954325391975,48.893747059419844],[2.3815228224648433,48.89420340693521],[2.382078480941489,48.8943234178438],[2.3827437559907314,48.89471710940817],[2.3836143640895613,48.89412876181457],[2.3833854548075304,48.89387335610265],[2.3834831514369195,48.89369111589627]]],"type":"Polygon"},"properties":{"id_bv":"19-49","arrondissement":"19","num_bv":49,"geo_point_2d":{"lon":2.383152878696053,"lat":48.89284416011272},"created_user":null,"created_date":null,"last_edited_user":null,"last_edited_date":null,"st_area_shape":90387.8976671749,"st_perimeter_shape":1323.8976359608623}},{"type":"Feature","geometry":{"coordinates":[[[2.286737548244009,48.87292793994273],[2.2888739970454273,48.87116238045839],[2.2906551774678663,48.871926358579245],[2.2917908471318773,48.87104210491887],[2.2906198455616105,48.86989809434616],[2.2916291948328893,48.86908473409906],[2.2899363658395115,48.86922767517619],[2.2898079627227648,48.869124237606464],[2.2854520953482753,48.86965460129094],[2.2853794416696314,48.869603045946384],[2.2852359922475975,48.870148944692716],[2.28513404699361,48.87018158022514],[2.2852156950809897,48.87022746056273],[2.284557243374274,48.872652454504475],[2.2845540388934413,48.8726627202582],[2.286737548244009,48.87292793994273]]],"type":"Polygon"},"properties":{"id_bv":"16-67","arrondissement":"16","num_bv":67,"geo_point_2d":{"lon":2.2878864778508468,"lat":48.870836650978106},"created_user":null,"created_date":null,"last_edited_user":null,"last_edited_date":null,"st_area_shape":139701.83299149905,"st_perimeter_shape":1794.8565188143361}},{"type":"Feature","geometry":{"coordinates":[[[2.327106012327189,48.88178590793771],[2.327053234390989,48.88076169672648],[2.3268431269517498,48.87564607432256],[2.326757224132984,48.87559784806651],[2.326511448217355,48.8755659716922],[2.3243134359889437,48.87525477637518],[2.3242331605138427,48.875285027552415],[2.323352032528368,48.8790342614165],[2.3234792040620786,48.87999460865102],[2.3237054557796037,48.880344922378264],[2.3235147358226858,48.880551136052446],[2.3237603256616133,48.8807356369926],[2.3236249260900954,48.88119602094474],[2.3236392552593164,48.88121098227646],[2.3248635283222026,48.88062398674779],[2.3262910257676666,48.88129339125394],[2.3270255874053967,48.883402264011444],[2.3270386408986847,48.88343977026874],[2.327177366844679,48.883465492009556],[2.327106012327189,48.88178590793771]]],"type":"Polygon"},"properties":{"id_bv":"8-8","arrondissement":"8","num_bv":8,"geo_point_2d":{"lon":2.325403026287421,"lat":48.8785473664805},"created_user":null,"created_date":null,"last_edited_user":null,"last_edited_date":null,"st_area_shape":156837.907725807,"st_perimeter_shape":2242.777148418807}},{"type":"Feature","geometry":{"coordinates":[[[2.343675791918162,48.849947723792525],[2.3446286744934124,48.85025754226722],[2.344660485559669,48.850252123408865],[2.3445404310143716,48.8497250620908],[2.344561383516124,48.84969546929868],[2.345858094697643,48.84933278157475],[2.348493420895048,48.848543182777505],[2.347092444752609,48.8481586425462],[2.3450135836143846,48.84726840359013],[2.3446176972481783,48.84647488264918],[2.3430382584901923,48.84611887348167],[2.343050240593236,48.846076804238265],[2.34296627632755,48.84610436901567],[2.3426783518428147,48.84630998297566],[2.342609710131667,48.84639026585078],[2.341666015338925,48.8466379156172],[2.341633746124138,48.846681474830085],[2.3419280466509016,48.847055508186024],[2.3418802302546955,48.84712250468716],[2.3409230290190557,48.84732589857494],[2.340846882879023,48.84734338082764],[2.3426654717363125,48.85030679568994],[2.3427148052478337,48.85023754550708],[2.343675791918162,48.849947723792525]]],"type":"Polygon"},"properties":{"id_bv":"5-2","arrondissement":"5","num_bv":2,"geo_point_2d":{"lon":2.3439628055543955,"lat":48.84822127768038},"created_user":null,"created_date":null,"last_edited_user":null,"last_edited_date":null,"st_area_shape":129648.38557258682,"st_perimeter_shape":1676.9036745454164}},{"type":"Feature","geometry":{"coordinates":[[[2.402542788408233,48.83912136498284],[2.4025708997716175,48.83910927767611],[2.403917218513964,48.83914265567713],[2.4041489026466927,48.83916322266216],[2.4041699147450784,48.83914164014412],[2.4035685250427763,48.836705963411426],[2.402929158647542,48.836217694183546],[2.4022265014875317,48.83711732746498],[2.4021979731596845,48.83719056656636],[2.4022666784572735,48.837349175190596],[2.401280946947284,48.83859666958016],[2.400667692339706,48.839187027570986],[2.4006962336706565,48.83923558226284],[2.40254815275941,48.83925018382626],[2.402542788408233,48.83912136498284]]],"type":"Polygon"},"properties":{"id_bv":"12-41","arrondissement":"12","num_bv":41,"geo_point_2d":{"lon":2.4027264318504105,"lat":48.838110414875224},"created_user":null,"created_date":null,"last_edited_user":null,"last_edited_date":null,"st_area_shape":45605.19466902322,"st_perimeter_shape":998.9276109749059}},{"type":"Feature","geometry":{"coordinates":[[[2.2900803517489328,48.84804617694308],[2.292494149629361,48.84711931234955],[2.292286339883154,48.8468838481835],[2.2910539503143856,48.8468101821398],[2.2911528784341715,48.846487195617016],[2.2882251641613647,48.84567431765111],[2.288138275035156,48.84563187850676],[2.288151452936574,48.8455804259254],[2.2869601838423312,48.846070824281135],[2.2859722917223237,48.846646404752484],[2.285889701518108,48.84664109659928],[2.2859238385941,48.84667437093396],[2.285702724038712,48.846802450803466],[2.2861443973169,48.84738819771238],[2.286467603439448,48.847715169741996],[2.2867592749253784,48.84803038965842],[2.289073050680356,48.84710530875724],[2.289277946886528,48.84734598024461],[2.2891827521974437,48.8475231597514],[2.289731468994541,48.84796659184196],[2.290057090322625,48.84809858066599],[2.2900803517489328,48.84804617694308]]],"type":"Polygon"},"properties":{"id_bv":"15-9","arrondissement":"15","num_bv":9,"geo_point_2d":{"lon":2.2887901942750055,"lat":48.84689028014969},"created_user":null,"created_date":null,"last_edited_user":null,"last_edited_date":null,"st_area_shape":73620.4543368977,"st_perimeter_shape":1346.5532102524799}},{"type":"Feature","geometry":{"coordinates":[[[2.304580621581781,48.8572399315862],[2.305020634364301,48.85627540992013],[2.3055987853214073,48.85521315139137],[2.305900404338388,48.85465857801947],[2.3054554769624303,48.85437877566057],[2.305413487552442,48.85435222661768],[2.3053580645635905,48.85433526676784],[2.3032982791469347,48.855657958099485],[2.3031490998769972,48.855757228293015],[2.3031525347267587,48.85579103892214],[2.303164528846538,48.85591930844574],[2.302663833665953,48.85625121839991],[2.3026702635386194,48.85626968278075],[2.3033052466240194,48.856639414905366],[2.3032219100932054,48.85675923920162],[2.302595512488105,48.85765215130734],[2.3015191762529414,48.858131556751665],[2.3015100641660893,48.85815050963023],[2.3033172528788786,48.85876038247971],[2.3035291096827515,48.85883065730991],[2.3042510832213883,48.85734427304984],[2.304580621581781,48.8572399315862]]],"type":"Polygon"},"properties":{"id_bv":"7-19","arrondissement":"7","num_bv":19,"geo_point_2d":{"lon":2.303909309495685,"lat":48.85661393006119},"created_user":null,"created_date":null,"last_edited_user":null,"last_edited_date":null,"st_area_shape":58195.49296942516,"st_perimeter_shape":1305.9533016764972}},{"type":"Feature","geometry":{"coordinates":[[[2.322631640878404,48.82928165430494],[2.322102615819365,48.828625941662715],[2.322021594571406,48.82855492898373],[2.3216461620244737,48.82819480491897],[2.32031263946199,48.82870892248676],[2.3202999302431726,48.8288309424355],[2.319375262811897,48.82918365799903],[2.3191706022658667,48.82934226010758],[2.3182070075661048,48.82967807323027],[2.3193440937627336,48.830472393296695],[2.3203704062565547,48.83011508179429],[2.322631640878404,48.82928165430494]]],"type":"Polygon"},"properties":{"id_bv":"14-46","arrondissement":"14","num_bv":46,"geo_point_2d":{"lon":2.3205320724379535,"lat":48.82937335609503},"created_user":null,"created_date":null,"last_edited_user":null,"last_edited_date":null,"st_area_shape":37578.80592477778,"st_perimeter_shape":846.4468111398654}},{"type":"Feature","geometry":{"coordinates":[[[2.3367921761761994,48.84062711952528],[2.3367273208158426,48.83973201049404],[2.336610873121228,48.83968915660189],[2.3363896858035544,48.83976281907811],[2.334507605949619,48.84039451340797],[2.3344484954940037,48.84048515540737],[2.334457723887675,48.84050222005533],[2.334521674973381,48.84062236327025],[2.3333113900429887,48.841041731065644],[2.333036161302564,48.84120897267357],[2.3330949125189258,48.84144630726829],[2.3324696679687147,48.84188794539397],[2.332357708526497,48.84326518010043],[2.3322228555186415,48.843768346262806],[2.3330723596190808,48.844172949230796],[2.3362703985458557,48.8408550810093],[2.3366351896360853,48.84070731697509],[2.3367744101454817,48.84066589520152],[2.3367921761761994,48.84062711952528]]],"type":"Polygon"},"properties":{"id_bv":"6-22","arrondissement":"6","num_bv":22,"geo_point_2d":{"lon":2.334239110765264,"lat":48.841806523255954},"created_user":null,"created_date":null,"last_edited_user":null,"last_edited_date":null,"st_area_shape":71086.25669678645,"st_perimeter_shape":1302.9150611658793}},{"type":"Feature","geometry":{"coordinates":[[[2.3172481890248364,48.83338554158728],[2.317236041191742,48.833364006901014],[2.3143384112712164,48.831771987125734],[2.3136265829734897,48.831946139595615],[2.3129509915365682,48.83220253155463],[2.3129165061602146,48.8322758222488],[2.3150011025427406,48.83371647877276],[2.315092958868362,48.83376567888432],[2.315943321018116,48.834240679895615],[2.3172481890248364,48.83338554158728]]],"type":"Polygon"},"properties":{"id_bv":"14-22","arrondissement":"14","num_bv":22,"geo_point_2d":{"lon":2.315107445250728,"lat":48.83295086277838},"created_user":null,"created_date":null,"last_edited_user":null,"last_edited_date":null,"st_area_shape":38241.23966984209,"st_perimeter_shape":847.7041747094894}},{"type":"Feature","geometry":{"coordinates":[[[2.2818264889763213,48.84386452528319],[2.2806732775774883,48.84254026027283],[2.2799000599305765,48.84167747897218],[2.2794690108593545,48.84199111731829],[2.2779713779224515,48.84242275179323],[2.277950095846483,48.8424441974263],[2.2782657792568637,48.84284820613863],[2.278261865074377,48.84287168484941],[2.278090884702839,48.84292032984987],[2.278068525147894,48.842911542082355],[2.2777174850972903,48.84248700982378],[2.2776012452785444,48.842535870415006],[2.2773527343477866,48.843914827703145],[2.2783295659895773,48.843514284330844],[2.2785435642993606,48.843727148934136],[2.278555482408652,48.843734574947305],[2.2786247416769285,48.84370784335636],[2.279535691969831,48.84462138294642],[2.280029901000668,48.84469181440223],[2.2818264889763213,48.84386452528319]]],"type":"Polygon"},"properties":{"id_bv":"15-81","arrondissement":"15","num_bv":81,"geo_point_2d":{"lon":2.2795933011995984,"lat":48.843263620617826},"created_user":null,"created_date":null,"last_edited_user":null,"last_edited_date":null,"st_area_shape":59069.47648033419,"st_perimeter_shape":1177.6139155888213}},{"type":"Feature","geometry":{"coordinates":[[[2.31716220853805,48.89032268460984],[2.3171461829279276,48.8902847837133],[2.3171368055350285,48.890253673773884],[2.3130203229115,48.88764208570218],[2.3130414472469334,48.887596199891775],[2.3120218372439516,48.88775976150391],[2.311238858771906,48.88782494379297],[2.3108103491097167,48.888015889742775],[2.3106834906439055,48.8881670301722],[2.305006841567537,48.89006305392687],[2.3043821170367482,48.890310364154345],[2.3112543545628683,48.89344726079402],[2.311360727002801,48.89347187733455],[2.311367335795356,48.8934229470893],[2.312585641200161,48.89275999632109],[2.3170870804351402,48.89031764801317],[2.31716220853805,48.89032268460984]]],"type":"Polygon"},"properties":{"id_bv":"17-16","arrondissement":"17","num_bv":16,"geo_point_2d":{"lon":2.311158498396612,"lat":48.890406660540286},"created_user":null,"created_date":null,"last_edited_user":null,"last_edited_date":null,"st_area_shape":313345.8115325308,"st_perimeter_shape":2319.467095286721}},{"type":"Feature","geometry":{"coordinates":[[[2.392248512501719,48.85042647439472],[2.392301852560015,48.85023937780036],[2.3927134967545274,48.85013943451264],[2.3931394194327096,48.84879478715111],[2.3896049766729783,48.84932848453867],[2.3874660219961035,48.84966145510922],[2.3874631806102404,48.84970192136556],[2.387445880424125,48.85033502877233],[2.388195632143666,48.850349827122166],[2.3881963616937583,48.850455413085726],[2.3907838012471148,48.85048637611138],[2.3903900623099408,48.851156695000924],[2.391085713648149,48.8512713882244],[2.3921931088911124,48.850603868132275],[2.392248512501719,48.85042647439472]]],"type":"Polygon"},"properties":{"id_bv":"11-50","arrondissement":"11","num_bv":50,"geo_point_2d":{"lon":2.390570382421658,"lat":48.84992367706608},"created_user":null,"created_date":null,"last_edited_user":null,"last_edited_date":null,"st_area_shape":59807.47605197801,"st_perimeter_shape":1227.8089978632536}},{"type":"Feature","geometry":{"coordinates":[[[2.313438612380653,48.851741011081906],[2.3144675432233153,48.85178213863572],[2.314499227646052,48.851798058943956],[2.3145531756340665,48.85181569055888],[2.3148015744467814,48.8518258083189],[2.3155361374367436,48.84984286919152],[2.3153403680995637,48.84945334502935],[2.3153724015493236,48.84944281875038],[2.3153314699233367,48.84941627283368],[2.3157420413635696,48.84831287356943],[2.3157238749524565,48.848286720567025],[2.3135742255521983,48.84776225149567],[2.3129585606429215,48.84880702704132],[2.3129231063725255,48.84882025989903],[2.3111467356798463,48.848718694640894],[2.3100320700596386,48.85097996738822],[2.3103906216801184,48.851781016410705],[2.3122234094542042,48.85162529226823],[2.312313106201301,48.85297706338529],[2.312340459206542,48.8529847509136],[2.3127848000481315,48.852959974083035],[2.313438612380653,48.851741011081906]]],"type":"Polygon"},"properties":{"id_bv":"7-11","arrondissement":"7","num_bv":11,"geo_point_2d":{"lon":2.3130280262233422,"lat":48.85018561955082},"created_user":null,"created_date":null,"last_edited_user":null,"last_edited_date":null,"st_area_shape":139790.6355428872,"st_perimeter_shape":1758.9377611887253}},{"type":"Feature","geometry":{"coordinates":[[[2.31373642420414,48.88373955774321],[2.315492805150375,48.8822135565241],[2.315544266372919,48.88223741418428],[2.3155344397108744,48.88217842016072],[2.3164879198451405,48.88131638326223],[2.3131811537211977,48.88090755008645],[2.3101223454216333,48.880534707441505],[2.3100190179651436,48.88058693895721],[2.310035632231071,48.88075125969611],[2.3100596938784346,48.88075186961695],[2.31145961007475,48.88176942368481],[2.3115028629903303,48.88185185902129],[2.3119289445132973,48.882446049826065],[2.3127508695254857,48.883251165057686],[2.3136542644880147,48.88374721225443],[2.31373642420414,48.88373955774321]]],"type":"Polygon"},"properties":{"id_bv":"17-45","arrondissement":"17","num_bv":45,"geo_point_2d":{"lon":2.3133314765656574,"lat":48.88190374934167},"created_user":null,"created_date":null,"last_edited_user":null,"last_edited_date":null,"st_area_shape":78648.04748511221,"st_perimeter_shape":1283.195486889351}},{"type":"Feature","geometry":{"coordinates":[[[2.3526219202839678,48.8931580087563],[2.3517490559187566,48.89148368812286],[2.3516779370124445,48.89149638374514],[2.3495986574700902,48.89186321584586],[2.348888781603927,48.89265219891138],[2.348944367775276,48.89265175739891],[2.3492720596584764,48.89402485455342],[2.3493061814357934,48.894044542638646],[2.350863135246313,48.8936317343958],[2.351000860443721,48.89349683537918],[2.3526219202839678,48.8931580087563]]],"type":"Polygon"},"properties":{"id_bv":"18-16","arrondissement":"18","num_bv":16,"geo_point_2d":{"lon":2.350630035839731,"lat":48.89272036827788},"created_user":null,"created_date":null,"last_edited_user":null,"last_edited_date":null,"st_area_shape":49021.83934788187,"st_perimeter_shape":889.8929851717303}},{"type":"Feature","geometry":{"coordinates":[[[2.313323828581158,48.83453955731228],[2.313657900058761,48.8343586673571],[2.3137698910572078,48.83443545803245],[2.315092958868362,48.83376567888432],[2.3150011025427406,48.83371647877276],[2.3129165061602146,48.8322758222488],[2.312840578668177,48.83222732616393],[2.310880749872321,48.832998436787925],[2.3108086290288385,48.833033956626814],[2.310830731801714,48.833077508468136],[2.3128984194410145,48.83477364927666],[2.313323828581158,48.83453955731228]]],"type":"Polygon"},"properties":{"id_bv":"14-21","arrondissement":"14","num_bv":21,"geo_point_2d":{"lon":2.312920011356117,"lat":48.83347207719125},"created_user":null,"created_date":null,"last_edited_user":null,"last_edited_date":null,"st_area_shape":44653.707385807764,"st_perimeter_shape":865.860925595823}},{"type":"Feature","geometry":{"coordinates":[[[2.3114486185755565,48.88185560845573],[2.3115028629903303,48.88185185902129],[2.31145961007475,48.88176942368481],[2.3100596938784346,48.88075186961695],[2.310035632231071,48.88075125969611],[2.30868765053181,48.8808569958085],[2.307597211688436,48.88200171564786],[2.3075528968040713,48.882004421758076],[2.3065782389341574,48.88148887466983],[2.305615454559076,48.881833942515826],[2.3056146353940097,48.88185436886042],[2.3072661000355654,48.883197308005975],[2.3072430374317365,48.883225661862326],[2.3048751204059745,48.88380544715693],[2.3048603334129036,48.88384239496207],[2.30700419068781,48.8845801702763],[2.3072015228542235,48.88520545262595],[2.3078720245137734,48.885410429237346],[2.308429784362162,48.884901817074436],[2.3088202231120603,48.8841760690945],[2.3095274683645313,48.88366998702049],[2.3096823500848354,48.883371449789976],[2.3114486185755565,48.88185560845573]]],"type":"Polygon"},"properties":{"id_bv":"17-47","arrondissement":"17","num_bv":47,"geo_point_2d":{"lon":2.308337495991869,"lat":48.882827214521825},"created_user":null,"created_date":null,"last_edited_user":null,"last_edited_date":null,"st_area_shape":114638.95259948968,"st_perimeter_shape":1763.174575384006}},{"type":"Feature","geometry":{"coordinates":[[[2.2763929433547307,48.83973039736349],[2.276634179920446,48.838669429244874],[2.2775963897653217,48.83827722474541],[2.2784571242051075,48.838549874562915],[2.28034536411128,48.83880224286793],[2.2817042102211422,48.83936157800524],[2.2822708390973316,48.83897587930936],[2.281260420793022,48.83829302277256],[2.2789168341087978,48.83700524652893],[2.277645512791229,48.837238423651705],[2.2765389356833188,48.834746800663325],[2.2678182175437147,48.83460180049719],[2.267268742634644,48.834687686233465],[2.2630710752084964,48.833932515181566],[2.2630262875811282,48.833986691186404],[2.265357227805475,48.836319333722464],[2.2674957879479587,48.83842605071823],[2.269336386091537,48.84039586047758],[2.269317653924415,48.84045778746933],[2.269373295454228,48.84043551260829],[2.27056435840572,48.841673366724464],[2.2763929433547307,48.83973039736349]]],"type":"Polygon"},"properties":{"id_bv":"15-77","arrondissement":"15","num_bv":77,"geo_point_2d":{"lon":2.2720483448585314,"lat":48.837402165643454},"created_user":null,"created_date":null,"last_edited_user":null,"last_edited_date":null,"st_area_shape":560222.6118449228,"st_perimeter_shape":3818.764130245716}},{"type":"Feature","geometry":{"coordinates":[[[2.357418885332355,48.871630205515686],[2.355770486790878,48.86897112484187],[2.354234484177917,48.86932735310834],[2.35425655508664,48.869391052867165],[2.355889590263704,48.87223746795244],[2.356764761355029,48.873761771950974],[2.3577336133560842,48.87309812833552],[2.3569735944574597,48.87185455451397],[2.357418885332355,48.871630205515686]]],"type":"Polygon"},"properties":{"id_bv":"10-2","arrondissement":"10","num_bv":2,"geo_point_2d":{"lon":2.3560957055324345,"lat":48.871149326931324},"created_user":null,"created_date":null,"last_edited_user":null,"last_edited_date":null,"st_area_shape":56842.11622641217,"st_perimeter_shape":1258.4636859868885}},{"type":"Feature","geometry":{"coordinates":[[[2.404776039766066,48.84298344122024],[2.405270883711581,48.84292396537504],[2.4053734646309937,48.84321368434156],[2.4054292428222626,48.84321429343934],[2.4076828775165793,48.84148937980347],[2.4077429491236018,48.84150552751997],[2.4077202092656558,48.84143711855564],[2.407688114978074,48.84141865140904],[2.405897846847387,48.84132319066831],[2.4048406624836294,48.84133394873302],[2.404663883882548,48.84088858790353],[2.402329215394744,48.84108170238349],[2.402266463339223,48.84231727408952],[2.402323214783398,48.84333947091911],[2.40235746494647,48.84334846562422],[2.404776039766066,48.84298344122024]]],"type":"Polygon"},"properties":{"id_bv":"12-34","arrondissement":"12","num_bv":34,"geo_point_2d":{"lon":2.404404792394824,"lat":48.84206595536707},"created_user":null,"created_date":null,"last_edited_user":null,"last_edited_date":null,"st_area_shape":71300.47834068857,"st_perimeter_shape":1212.343793885711}},{"type":"Feature","geometry":{"coordinates":[[[2.3283907055151447,48.890953556553484],[2.329336685792203,48.89102900410775],[2.3298281051448075,48.89097840566113],[2.3298626980541735,48.89098482169344],[2.329938853184462,48.89107013517217],[2.3308393647902377,48.891009413071956],[2.3308988476243075,48.8907411826564],[2.330884859538221,48.890718523332296],[2.3294652880469204,48.890158641103255],[2.329470769623761,48.89012800298366],[2.331928717950602,48.88877112790435],[2.3302696120174136,48.88766935295806],[2.3263329021758543,48.889577435230905],[2.3262579024422037,48.88955174756942],[2.3268417667577537,48.89130376360794],[2.3283907055151447,48.890953556553484]]],"type":"Polygon"},"properties":{"id_bv":"18-32","arrondissement":"18","num_bv":32,"geo_point_2d":{"lon":2.3289372868875247,"lat":48.889612591293385},"created_user":null,"created_date":null,"last_edited_user":null,"last_edited_date":null,"st_area_shape":89278.99843795421,"st_perimeter_shape":1435.650273482355}},{"type":"Feature","geometry":{"coordinates":[[[2.4002436455975222,48.83958060386448],[2.4003222801927304,48.83953272311723],[2.4003217365448997,48.83951425112201],[2.400667692339706,48.839187027570986],[2.401280946947284,48.83859666958016],[2.4022666784572735,48.837349175190596],[2.4021979731596845,48.83719056656636],[2.4021496568535774,48.837231626502806],[2.399414832764225,48.83821054065557],[2.396686566308585,48.839195930994755],[2.396700914268182,48.83958262698226],[2.4002436455975222,48.83958060386448]]],"type":"Polygon"},"properties":{"id_bv":"12-4","arrondissement":"12","num_bv":4,"geo_point_2d":{"lon":2.3996033081297097,"lat":48.83873081359895},"created_user":null,"created_date":null,"last_edited_user":null,"last_edited_date":null,"st_area_shape":46232.20592019913,"st_perimeter_shape":1074.0989198499258}},{"type":"Feature","geometry":{"coordinates":[[[2.3317015893139805,48.89553892483028],[2.332519808454928,48.89446932658047],[2.3323417054817948,48.89444679676696],[2.3315890235691876,48.89520863141716],[2.3315593586118144,48.8952051662272],[2.330455365683699,48.894051746142466],[2.3298832874339497,48.89422737924068],[2.329842898610943,48.89422285715943],[2.3294585606720255,48.89346210070617],[2.3274295224667414,48.893050246808635],[2.3275288418224984,48.8933045559699],[2.328246255262235,48.89545033831176],[2.3297674584925487,48.89559143966178],[2.3302065916849184,48.89552817322896],[2.331212401723108,48.89574620072233],[2.3317015893139805,48.89553892483028]]],"type":"Polygon"},"properties":{"id_bv":"18-43","arrondissement":"18","num_bv":43,"geo_point_2d":{"lon":2.3294907303937995,"lat":48.89458209901406},"created_user":null,"created_date":null,"last_edited_user":null,"last_edited_date":null,"st_area_shape":53045.116794661866,"st_perimeter_shape":1234.9773900828102}},{"type":"Feature","geometry":{"coordinates":[[[2.3027302232960247,48.83541707275381],[2.302321937517614,48.834836340037405],[2.3020694989417194,48.83489848538932],[2.3014964317648006,48.83476332072061],[2.3006262471003507,48.83506404530211],[2.3009295634572764,48.835421337149235],[2.3006999009227083,48.83550388638865],[2.3008378073051268,48.835956480908216],[2.2991510885825615,48.83644166765711],[2.3000100904479086,48.83709330320326],[2.298934981135203,48.837851217380106],[2.3002280628489697,48.83857920238088],[2.301244852071104,48.837718488141],[2.300969315916376,48.83747228696665],[2.3010826505744446,48.83727424026744],[2.3011220977085385,48.83690259846907],[2.3027485444154063,48.83575584202653],[2.3025942815163147,48.83545945640583],[2.3027302232960247,48.83541707275381]]],"type":"Polygon"},"properties":{"id_bv":"15-58","arrondissement":"15","num_bv":58,"geo_point_2d":{"lon":2.300859906207117,"lat":48.83655030008863},"created_user":null,"created_date":null,"last_edited_user":null,"last_edited_date":null,"st_area_shape":50463.264758974394,"st_perimeter_shape":1236.0296132914775}},{"type":"Feature","geometry":{"coordinates":[[[2.2810657522065854,48.86021722134634],[2.2820387263564377,48.86005021829343],[2.283366429622014,48.85932288780576],[2.284732608047251,48.85859816100268],[2.284706245875516,48.85857883904677],[2.2825895426518956,48.858223131722305],[2.2822323727893945,48.858761040905],[2.280656111381392,48.85873982949893],[2.2807309936523597,48.85954967316727],[2.2799961575824406,48.85956652033115],[2.279667563723614,48.859916381615],[2.2810193578923386,48.86022428045628],[2.2810657522065854,48.86021722134634]]],"type":"Polygon"},"properties":{"id_bv":"16-14","arrondissement":"16","num_bv":14,"geo_point_2d":{"lon":2.2820923981636936,"lat":48.859239050071054},"created_user":null,"created_date":null,"last_edited_user":null,"last_edited_date":null,"st_area_shape":38139.37833723877,"st_perimeter_shape":971.4657100970546}},{"type":"Feature","geometry":{"coordinates":[[[2.365812435505706,48.885564235297025],[2.3647286988511147,48.884413605602276],[2.3647023645019583,48.88436549215109],[2.36461358436694,48.88437236404653],[2.3593661370077452,48.88442741571356],[2.359300896917328,48.88446609204765],[2.3593510968203235,48.885371610192685],[2.3594828230136526,48.88605954540921],[2.359795761516703,48.886048861437146],[2.360828758408934,48.886520007394104],[2.3609499743344426,48.88649670806199],[2.361063066688667,48.88649328892612],[2.36129353643177,48.8866992249225],[2.361325543520818,48.886705733204685],[2.365812435505706,48.885564235297025]]],"type":"Polygon"},"properties":{"id_bv":"18-59","arrondissement":"18","num_bv":59,"geo_point_2d":{"lon":2.36220901366194,"lat":48.88534678473881},"created_user":null,"created_date":null,"last_edited_user":null,"last_edited_date":null,"st_area_shape":88745.26580384618,"st_perimeter_shape":1248.2583384388024}},{"type":"Feature","geometry":{"coordinates":[[[2.3593715515737994,48.89503555273218],[2.3596300714366034,48.89330515745081],[2.3597295590234313,48.89269816495143],[2.35965616092092,48.892704802477965],[2.357532896777427,48.89110715988558],[2.3570506668590316,48.890171802803486],[2.3544755630401166,48.89028827465464],[2.3539287299701264,48.89004713330626],[2.353394114694995,48.89029053008451],[2.353337487541704,48.89027814367308],[2.353322484621487,48.8903255505336],[2.351668797853722,48.89108258545258],[2.3516071149316073,48.891061513076956],[2.35170888533283,48.89143866189145],[2.3516779370124445,48.89149638374514],[2.3517490559187566,48.89148368812286],[2.3526219202839678,48.8931580087563],[2.3528248609266487,48.8941464440387],[2.3529121454107056,48.8950609460108],[2.3593715515737994,48.89503555273218]]],"type":"Polygon"},"properties":{"id_bv":"18-53","arrondissement":"18","num_bv":53,"geo_point_2d":{"lon":2.355681853324837,"lat":48.89275866736666},"created_user":null,"created_date":null,"last_edited_user":null,"last_edited_date":null,"st_area_shape":250824.7043846548,"st_perimeter_shape":1998.4565904842025}},{"type":"Feature","geometry":{"coordinates":[[[2.2939562934071165,48.87845048189899],[2.294089582675486,48.877666793964174],[2.294069575842392,48.877655249876305],[2.2933665746628704,48.87765687873838],[2.2930495407819587,48.87742437031424],[2.2935190855142666,48.87584305540192],[2.294116854033927,48.875271581532935],[2.294120188425394,48.875251099802334],[2.2932746626315548,48.87485942898935],[2.292975361790711,48.87443070512046],[2.2890168287541326,48.87569945285061],[2.288977989354159,48.87577828510067],[2.2888942366323777,48.87593990114805],[2.2912867319995947,48.87684230387593],[2.2912901283428746,48.87686926193399],[2.2904204601683547,48.87776315823946],[2.2904375765364913,48.87778794657642],[2.291509028288204,48.87812102355208],[2.2915409032365375,48.87810766813699],[2.2921943239493654,48.87713007370735],[2.2922252915498866,48.87713637231779],[2.2924480356653905,48.87740718084634],[2.293901215439308,48.87845281549608],[2.2939562934071165,48.87845048189899]]],"type":"Polygon"},"properties":{"id_bv":"17-64","arrondissement":"17","num_bv":64,"geo_point_2d":{"lon":2.291886388967157,"lat":48.8762157302968},"created_user":null,"created_date":null,"last_edited_user":null,"last_edited_date":null,"st_area_shape":80317.84678668738,"st_perimeter_shape":1647.0783215736112}},{"type":"Feature","geometry":{"coordinates":[[[2.3494927005632946,48.879614906823925],[2.3495238579916222,48.87958221090526],[2.350906205312639,48.87937946154165],[2.3509306712297655,48.879362711017336],[2.351134390345121,48.878247625922235],[2.351035198605533,48.87785041817277],[2.351307103360935,48.87754153975775],[2.3519168775207815,48.87750491828836],[2.3527382364931873,48.87790429466065],[2.354291265041547,48.87778947274651],[2.3544904287606707,48.87798016683634],[2.3545272822664085,48.87798524983016],[2.3552883756971275,48.87716566832638],[2.3558997268339956,48.87650138691946],[2.3555738209756973,48.87653466921352],[2.3491348036738517,48.87742316422639],[2.3491133546999734,48.87746866904898],[2.3491921604161585,48.87851675152643],[2.349294186750078,48.8790609306875],[2.3494814690623023,48.87958303729582],[2.3494284425638625,48.879621027447435],[2.3494531141271877,48.87962781298066],[2.3494927005632946,48.879614906823925]]],"type":"Polygon"},"properties":{"id_bv":"10-31","arrondissement":"10","num_bv":31,"geo_point_2d":{"lon":2.351791031342247,"lat":48.87782135166282},"created_user":null,"created_date":null,"last_edited_user":null,"last_edited_date":null,"st_area_shape":63550.09436136087,"st_perimeter_shape":1536.5144220529635}},{"type":"Feature","geometry":{"coordinates":[[[2.4007970486747063,48.852938142036194],[2.4009128860267577,48.85301427464423],[2.4015500830664327,48.851894807281106],[2.398439198706871,48.85133720353649],[2.3971588269570248,48.852993002298575],[2.3984080928798273,48.853256596537655],[2.3977548520826675,48.85436983371058],[2.3989737108520606,48.854906532815725],[2.39992776225317,48.854044447968285],[2.4007970486747063,48.852938142036194]]],"type":"Polygon"},"properties":{"id_bv":"20-49","arrondissement":"20","num_bv":49,"geo_point_2d":{"lon":2.3992602633971116,"lat":48.8528994128427},"created_user":null,"created_date":null,"last_edited_user":null,"last_edited_date":null,"st_area_shape":69193.2569188427,"st_perimeter_shape":1181.9910719289662}},{"type":"Feature","geometry":{"coordinates":[[[2.386748660497578,48.86270960942599],[2.3852708455780833,48.86230080987511],[2.3840602303531724,48.86206233335654],[2.3826334828272357,48.86158237636584],[2.3825484496757094,48.86169119091899],[2.3825157651067355,48.8617048550949],[2.3818972932349225,48.861491921759004],[2.3815611412150917,48.8629373077312],[2.3810305179099367,48.86387002876081],[2.3810962006933662,48.864041827207046],[2.386626633018161,48.862974261465695],[2.386748660497578,48.86270960942599]]],"type":"Polygon"},"properties":{"id_bv":"11-38","arrondissement":"11","num_bv":38,"geo_point_2d":{"lon":2.3834171971980966,"lat":48.862794689352775},"created_user":null,"created_date":null,"last_edited_user":null,"last_edited_date":null,"st_area_shape":59802.79461873744,"st_perimeter_shape":1141.971665326783}},{"type":"Feature","geometry":{"coordinates":[[[2.3100212030732616,48.88563474683121],[2.3103353864194895,48.885392589873966],[2.3135090789634325,48.88386291451463],[2.3135882789904882,48.88387373341466],[2.31357025823929,48.88382667144056],[2.3136624632795604,48.88378110744192],[2.31373642420414,48.88373955774321],[2.3136542644880147,48.88374721225443],[2.3127508695254857,48.883251165057686],[2.3119289445132973,48.882446049826065],[2.3115028629903303,48.88185185902129],[2.3114486185755565,48.88185560845573],[2.3096823500848354,48.883371449789976],[2.3095274683645313,48.88366998702049],[2.3088202231120603,48.8841760690945],[2.308429784362162,48.884901817074436],[2.3078720245137734,48.885410429237346],[2.3096030560966647,48.8859546712379],[2.3100212030732616,48.88563474683121]]],"type":"Polygon"},"properties":{"id_bv":"17-46","arrondissement":"17","num_bv":46,"geo_point_2d":{"lon":2.3107096605839783,"lat":48.88405470671265},"created_user":null,"created_date":null,"last_edited_user":null,"last_edited_date":null,"st_area_shape":82644.8518963373,"st_perimeter_shape":1295.145861120348}},{"type":"Feature","geometry":{"coordinates":[[[2.3714265889775255,48.88908501577367],[2.371393001741344,48.889056894791416],[2.371398706593079,48.889019827667596],[2.372246948928185,48.88746519869815],[2.3739270522394587,48.88656851867379],[2.372124507830663,48.8858539558105],[2.370887835662448,48.885756484043924],[2.369538662246785,48.886662693817875],[2.369275459158923,48.88670214148807],[2.368717458547365,48.88845687012742],[2.371017038356809,48.88891473580339],[2.3712837993968074,48.88922805345878],[2.371375737918855,48.88909912269978],[2.3714265889775255,48.88908501577367]]],"type":"Polygon"},"properties":{"id_bv":"19-56","arrondissement":"19","num_bv":56,"geo_point_2d":{"lon":2.3709876753565537,"lat":48.88729476063029},"created_user":null,"created_date":null,"last_edited_user":null,"last_edited_date":null,"st_area_shape":77341.22984412684,"st_perimeter_shape":1192.270421912055}},{"type":"Feature","geometry":{"coordinates":[[[2.33767695637094,48.89755495465452],[2.3384054652141186,48.896699696980804],[2.3384035308408833,48.89668082576025],[2.3362924067181727,48.89640571913309],[2.336287630926765,48.89638286342142],[2.337479001618322,48.89535058314339],[2.3373445074946915,48.89511852643222],[2.3373142706599275,48.89512824715039],[2.335380526968214,48.894729916002404],[2.3353599238211724,48.894753496083105],[2.3353803101002653,48.89481656713626],[2.335346164786045,48.894826228797406],[2.334834447200417,48.894704481066384],[2.332963229192527,48.896137905367205],[2.333494797330352,48.896822590324945],[2.3351289245612366,48.896612814336244],[2.336173830083132,48.89674573784673],[2.336196422544504,48.89675712256126],[2.3363495419822278,48.897320596366704],[2.3360534770219497,48.897547816846696],[2.3360764709762374,48.89756400256722],[2.3376529831273167,48.89758139515176],[2.33767695637094,48.89755495465452]]],"type":"Polygon"},"properties":{"id_bv":"18-46","arrondissement":"18","num_bv":46,"geo_point_2d":{"lon":2.335653859069635,"lat":48.896088219085485},"created_user":null,"created_date":null,"last_edited_user":null,"last_edited_date":null,"st_area_shape":64497.55635058683,"st_perimeter_shape":1363.667737374178}},{"type":"Feature","geometry":{"coordinates":[[[2.338021303049069,48.897567980415744],[2.3394956253841293,48.8959452234754],[2.3394498630324123,48.895839228085705],[2.3394601566518607,48.89582322479946],[2.3401238278513046,48.89527808041132],[2.3401127786174136,48.89526139378388],[2.339508318765724,48.89438616149378],[2.338259859343351,48.89458350328647],[2.3369632958093463,48.894220780259495],[2.3365766959457184,48.89360980877942],[2.336357031230862,48.89363988175509],[2.336330416078076,48.893659672233596],[2.3373445074946915,48.89511852643222],[2.337479001618322,48.89535058314339],[2.336287630926765,48.89638286342142],[2.3362924067181727,48.89640571913309],[2.3384035308408833,48.89668082576025],[2.3384054652141186,48.896699696980804],[2.33767695637094,48.89755495465452],[2.3377078412577212,48.89758124618025],[2.338004571310051,48.89758638962081],[2.338021303049069,48.897567980415744]]],"type":"Polygon"},"properties":{"id_bv":"18-67","arrondissement":"18","num_bv":67,"geo_point_2d":{"lon":2.3382461946516155,"lat":48.89555221767166},"created_user":null,"created_date":null,"last_edited_user":null,"last_edited_date":null,"st_area_shape":50458.72284307753,"st_perimeter_shape":1351.3264109929473}},{"type":"Feature","geometry":{"coordinates":[[[2.400842032928361,48.8730530712549],[2.4012488005055634,48.87317146235523],[2.402254514881309,48.871597548970946],[2.4019597429756265,48.87157934896335],[2.400936347870914,48.871279901689746],[2.4010165560745143,48.8711995823875],[2.400094230935103,48.87092630230268],[2.4002150917725538,48.8711821356891],[2.3992126523719817,48.87280774743923],[2.4007648977438953,48.873236927964115],[2.400842032928361,48.8730530712549]]],"type":"Polygon"},"properties":{"id_bv":"20-18","arrondissement":"20","num_bv":18,"geo_point_2d":{"lon":2.4007030921746866,"lat":48.872170667307095},"created_user":null,"created_date":null,"last_edited_user":null,"last_edited_date":null,"st_area_shape":31920.06395454245,"st_perimeter_shape":780.8497767795728}},{"type":"Feature","geometry":{"coordinates":[[[2.2976090109782983,48.83800899850088],[2.2977236430298076,48.83792885943931],[2.297363394257695,48.83772321064814],[2.2984422568047713,48.836988391409406],[2.298068894031702,48.83674512962439],[2.2973299937803797,48.83621210755722],[2.2967367765222315,48.835609541465644],[2.295125582715385,48.83659288730969],[2.2961942757135194,48.83712585375414],[2.2945438350105616,48.83747802881],[2.294704841785745,48.83783785380937],[2.294575282119426,48.838050388440415],[2.2947051984721445,48.838514900194035],[2.294843449726109,48.83863179353428],[2.295834069173964,48.83926419303156],[2.2976090109782983,48.83800899850088]]],"type":"Polygon"},"properties":{"id_bv":"15-57","arrondissement":"15","num_bv":57,"geo_point_2d":{"lon":2.296336965120973,"lat":48.837469614908564},"created_user":null,"created_date":null,"last_edited_user":null,"last_edited_date":null,"st_area_shape":59419.361060263356,"st_perimeter_shape":1174.7272036482966}},{"type":"Feature","geometry":{"coordinates":[[[2.2985882194312994,48.84490755043633],[2.2993483117343203,48.84517347073491],[2.300821581148985,48.84472306736039],[2.3020999273527947,48.84384955321526],[2.3023135688680654,48.843726595069924],[2.300902184402532,48.84318283207949],[2.3009181006027872,48.843135813548656],[2.2985396167096788,48.84371539733912],[2.2957812614888713,48.8436328832047],[2.2965151498773393,48.84431548463496],[2.297665915208453,48.84524458101613],[2.2978961022937434,48.845403377785495],[2.2985882194312994,48.84490755043633]]],"type":"Polygon"},"properties":{"id_bv":"15-27","arrondissement":"15","num_bv":27,"geo_point_2d":{"lon":2.29913163323948,"lat":48.84419554108543},"created_user":null,"created_date":null,"last_edited_user":null,"last_edited_date":null,"st_area_shape":61311.53352121768,"st_perimeter_shape":1178.0726585185348}},{"type":"Feature","geometry":{"coordinates":[[[2.3873977422059514,48.8496716099759],[2.3874631806102404,48.84970192136556],[2.3874660219961035,48.84966145510922],[2.3896049766729783,48.84932848453867],[2.388526607121857,48.84802159179624],[2.3891027632577924,48.8473576858093],[2.387663320816855,48.84666434090592],[2.3876710170843807,48.84657806280504],[2.3876018924864377,48.84654182918257],[2.3875587958846674,48.84654840860487],[2.387173469828539,48.84687799023103],[2.3871130732380443,48.846910337355745],[2.385894316237622,48.848478147435955],[2.3859004633340346,48.84850486913604],[2.386079795589817,48.84866458401407],[2.3851306089109023,48.84996340437673],[2.38519978011648,48.85000978874491],[2.3873977422059514,48.8496716099759]]],"type":"Polygon"},"properties":{"id_bv":"12-13","arrondissement":"12","num_bv":13,"geo_point_2d":{"lon":2.387440767450371,"lat":48.84848324245488},"created_user":null,"created_date":null,"last_edited_user":null,"last_edited_date":null,"st_area_shape":64957.00980348699,"st_perimeter_shape":1178.5387202970735}},{"type":"Feature","geometry":{"coordinates":[[[2.388371273019986,48.860997282555154],[2.386185931402422,48.86054392723558],[2.385888043268287,48.8610584492329],[2.385742282801544,48.86102255567667],[2.3856344766623008,48.86124266813166],[2.38561771293625,48.86124113142827],[2.3832260399099283,48.86062531114167],[2.3826334828272357,48.86158237636584],[2.3840602303531724,48.86206233335654],[2.3852708455780833,48.86230080987511],[2.386748660497578,48.86270960942599],[2.387446609943054,48.8629006428842],[2.388371273019986,48.860997282555154]]],"type":"Polygon"},"properties":{"id_bv":"11-39","arrondissement":"11","num_bv":39,"geo_point_2d":{"lon":2.385771055864658,"lat":48.86160085573868},"created_user":null,"created_date":null,"last_edited_user":null,"last_edited_date":null,"st_area_shape":62000.764199368314,"st_perimeter_shape":1176.4525724644045}},{"type":"Feature","geometry":{"coordinates":[[[2.3815768549614176,48.850564641633454],[2.381941408821116,48.85117858818727],[2.3819585877042733,48.85118137858113],[2.3840400183932635,48.851174139342895],[2.3843140232514832,48.85073314088702],[2.384469043326735,48.85044386474222],[2.384356903434528,48.85017826904092],[2.384394993888553,48.85013708847574],[2.384340234513652,48.85013198618082],[2.38428600213005,48.85012680293289],[2.3837204560784624,48.85021359724921],[2.3831479741805213,48.85025907910878],[2.3814543090236593,48.85038315358349],[2.3801288075048856,48.85044366610723],[2.379398342871838,48.850542877942864],[2.3788399010419132,48.850618290363016],[2.3783781734801503,48.850732666243175],[2.3790810121619956,48.85305433117911],[2.379293295253173,48.85335638616172],[2.3802950225708983,48.853548110154215],[2.3803111582882104,48.85356281177394],[2.380846888832431,48.852688452223475],[2.3811766080747367,48.852414636111256],[2.3802555615700247,48.85058926704121],[2.3815768549614176,48.850564641633454]]],"type":"Polygon"},"properties":{"id_bv":"11-8","arrondissement":"11","num_bv":8,"geo_point_2d":{"lon":2.3807463626078347,"lat":48.85153355866423},"created_user":null,"created_date":null,"last_edited_user":null,"last_edited_date":null,"st_area_shape":66912.37903693532,"st_perimeter_shape":1632.3183424571039}},{"type":"Feature","geometry":{"coordinates":[[[2.356879088434669,48.860071520350544],[2.356838823384082,48.860054188464495],[2.354240558518473,48.85750174057584],[2.354069380309365,48.85724090714223],[2.3539512893136014,48.85701873980852],[2.353725222387256,48.856892692795384],[2.3524276222186464,48.85728785652957],[2.352410130391704,48.85730779310483],[2.3530598829389175,48.85804628271869],[2.353684702497253,48.85901104290871],[2.353648089242655,48.859265976971955],[2.3540485698995792,48.859796771998504],[2.3543216717795987,48.859949749152534],[2.354413443916108,48.86011814808151],[2.354836223002389,48.860544170256304],[2.3550976191975113,48.86067297628293],[2.356879088434669,48.860071520350544]]],"type":"Polygon"},"properties":{"id_bv":"4-12","arrondissement":"4","num_bv":12,"geo_point_2d":{"lon":2.3545678825980736,"lat":48.85888454558594},"created_user":null,"created_date":null,"last_edited_user":null,"last_edited_date":null,"st_area_shape":55628.95836554687,"st_perimeter_shape":1111.932888349538}},{"type":"Feature","geometry":{"coordinates":[[[2.3058056537914977,48.8480578706827],[2.305274559726535,48.847605388926006],[2.305403895705683,48.846815666106224],[2.3053670638422936,48.8468046194266],[2.3043792296828074,48.8470998626777],[2.304358534443116,48.84709149698205],[2.304180281276207,48.846941247880984],[2.3048154535206424,48.8460906363996],[2.302154488994989,48.8454001900083],[2.3021675995913213,48.8455176839844],[2.303010638540935,48.84676838184504],[2.302939619287137,48.84724977789758],[2.3019898147502524,48.847444402562395],[2.302400751022762,48.84771441841407],[2.3017717047492074,48.84798093648045],[2.3017652563763344,48.8480473509812],[2.303712714786817,48.84940575463119],[2.3038318032797083,48.84940316855302],[2.305806750791316,48.848140525766496],[2.3058056537914977,48.8480578706827]]],"type":"Polygon"},"properties":{"id_bv":"15-23","arrondissement":"15","num_bv":23,"geo_point_2d":{"lon":2.3037579443814513,"lat":48.847538749334326},"created_user":null,"created_date":null,"last_edited_user":null,"last_edited_date":null,"st_area_shape":68855.23451572748,"st_perimeter_shape":1397.3482073691864}},{"type":"Feature","geometry":{"coordinates":[[[2.398054210074583,48.87351692202319],[2.3980488446672723,48.87238610875428],[2.39850395885834,48.87185136444297],[2.3984108769063317,48.87174863781534],[2.399250624470679,48.870793386275516],[2.398195795083135,48.870481577726395],[2.3977215971625068,48.8703007041279],[2.3976180288809923,48.870272497793124],[2.3972947701971075,48.87024007904616],[2.3972660490153928,48.87020716981105],[2.397237246309182,48.87022984721999],[2.395962555124474,48.87010037143397],[2.395781954506898,48.87006866482596],[2.395546468213788,48.870363354771094],[2.395364371708372,48.870705572193835],[2.3957222111942618,48.87162849027389],[2.3964417474775668,48.871676495559775],[2.397656413290691,48.87353898443666],[2.398054210074583,48.87351692202319]]],"type":"Polygon"},"properties":{"id_bv":"20-16","arrondissement":"20","num_bv":16,"geo_point_2d":{"lon":2.397244306053186,"lat":48.871388389181014},"created_user":null,"created_date":null,"last_edited_user":null,"last_edited_date":null,"st_area_shape":54394.08602905097,"st_perimeter_shape":1094.119782640141}},{"type":"Feature","geometry":{"coordinates":[[[2.3698431961384014,48.82508822956622],[2.370880800666449,48.8234630314207],[2.3686658390915807,48.82301961326457],[2.3686488998946755,48.82301224967354],[2.3686575360016593,48.82298632037058],[2.3673821265294945,48.82284514374128],[2.367361010738042,48.82285434687766],[2.368257290425739,48.82330694336315],[2.3671461907592293,48.82374695578922],[2.367103157469633,48.82492804912647],[2.3664254948022765,48.82674202763042],[2.366306798429802,48.826999114299674],[2.3684543006804075,48.82729458725181],[2.369567548950883,48.82522267497727],[2.369801274499958,48.82515055658075],[2.3698431961384014,48.82508822956622]]],"type":"Polygon"},"properties":{"id_bv":"13-23","arrondissement":"13","num_bv":23,"geo_point_2d":{"lon":2.368395841734747,"lat":48.82500394346214},"created_user":null,"created_date":null,"last_edited_user":null,"last_edited_date":null,"st_area_shape":90460.09825621702,"st_perimeter_shape":1446.2721786504294}},{"type":"Feature","geometry":{"coordinates":[[[2.2910419220943967,48.88409388814672],[2.2908979014008417,48.8839059547126],[2.290795847474594,48.882955884144465],[2.2915943062178314,48.882264704208936],[2.2915900558246087,48.882239244031986],[2.2897602632090943,48.88200423620273],[2.288786368210925,48.881889799548226],[2.2870044038051565,48.88056737636659],[2.2867366116548666,48.88056496011376],[2.2867294077562654,48.88062251709996],[2.286786202848176,48.88089535126215],[2.2881845995041714,48.881730279980346],[2.288185332433344,48.88175816378472],[2.2870628368545547,48.882576001981626],[2.287017418287524,48.88257225018084],[2.286556494869994,48.88222431830715],[2.2862467482490274,48.8822464690917],[2.286242811481149,48.8822809936436],[2.2899762649286393,48.88464160111046],[2.2899675729588744,48.88468179927645],[2.2900350418885265,48.88467371774819],[2.2910920046344843,48.88534155681916],[2.2911191716350676,48.885331374430756],[2.2910419220943967,48.88409388814672]]],"type":"Polygon"},"properties":{"id_bv":"17-53","arrondissement":"17","num_bv":53,"geo_point_2d":{"lon":2.2892965663730314,"lat":48.88300280065913},"created_user":null,"created_date":null,"last_edited_user":null,"last_edited_date":null,"st_area_shape":71928.29680127364,"st_perimeter_shape":1673.2157778293952}},{"type":"Feature","geometry":{"coordinates":[[[2.3163499216181114,48.886076256291325],[2.316638582389706,48.88583304697519],[2.318544035705347,48.88398351695532],[2.319084415831664,48.883433186415395],[2.3191247601090494,48.88342830944774],[2.3191140952040508,48.88336499514224],[2.3177324908548207,48.88297222446409],[2.315774286920462,48.884875782094895],[2.3154914123644432,48.884860140122655],[2.31547405354113,48.88504328329351],[2.3154885544557113,48.88506168108467],[2.316321546098992,48.885523540903414],[2.3163182679899785,48.88554627166345],[2.3153870070245346,48.886261019441775],[2.314573402262495,48.88696675375553],[2.314719633551828,48.887087911235255],[2.3156675182678312,48.88659943665053],[2.3163499216181114,48.886076256291325]]],"type":"Polygon"},"properties":{"id_bv":"17-11","arrondissement":"17","num_bv":11,"geo_point_2d":{"lon":2.317009102161211,"lat":48.88465600503527},"created_user":null,"created_date":null,"last_edited_user":null,"last_edited_date":null,"st_area_shape":41402.828113455944,"st_perimeter_shape":1243.5214389993323}},{"type":"Feature","geometry":{"coordinates":[[[2.2815833694310803,48.849357040035706],[2.2840550641355506,48.84783694427435],[2.2840009946802806,48.847770177415576],[2.282905195156282,48.84642180584068],[2.2828808993012784,48.846408291131524],[2.281666785921132,48.84632543364783],[2.2815736590112534,48.84624302940329],[2.281580568305227,48.84622391168931],[2.2823862786360314,48.84566686167835],[2.2837143395359765,48.84497224217561],[2.283958466189433,48.844871135251054],[2.283890683041751,48.84478319230026],[2.2830720693303324,48.84514979014767],[2.2830397892737406,48.84515081174398],[2.2816202205162734,48.84593190870389],[2.2788700962710586,48.8473878204677],[2.278854277122737,48.84746036329655],[2.2814879112133717,48.84935961997654],[2.2815833694310803,48.849357040035706]]],"type":"Polygon"},"properties":{"id_bv":"15-95","arrondissement":"15","num_bv":95,"geo_point_2d":{"lon":2.2815970761104523,"lat":48.84753930489895},"created_user":null,"created_date":null,"last_edited_user":null,"last_edited_date":null,"st_area_shape":80488.76081900793,"st_perimeter_shape":1544.9012971785403}},{"type":"Feature","geometry":{"coordinates":[[[2.274210028708228,48.86867376913695],[2.2750488878255055,48.868881264025056],[2.2754639807971913,48.86835076389047],[2.2757530455689046,48.86828037478585],[2.275774243193905,48.86828318401225],[2.277041049579363,48.86770691396101],[2.275868036392838,48.865717647042345],[2.2758353817945784,48.865712028174336],[2.2747270691159565,48.865974925435175],[2.2745172667323668,48.86593123686322],[2.271317204070963,48.866673321184344],[2.2712857018188446,48.866666590203025],[2.271181558267796,48.86653778055254],[2.2698477320269794,48.86688088791805],[2.2698325278265608,48.86690444449668],[2.2722466348924213,48.86970582307228],[2.272280947021704,48.86970692654316],[2.273734253807934,48.869149576905215],[2.274210028708228,48.86867376913695]]],"type":"Polygon"},"properties":{"id_bv":"16-55","arrondissement":"16","num_bv":55,"geo_point_2d":{"lon":2.2735574460847827,"lat":48.867552731629026},"created_user":null,"created_date":null,"last_edited_user":null,"last_edited_date":null,"st_area_shape":131059.66954613775,"st_perimeter_shape":1534.4489356555598}},{"type":"Feature","geometry":{"coordinates":[[[2.3248118934278224,48.84849611814971],[2.3261576527512493,48.84702043803949],[2.326236726868962,48.84686115948804],[2.3243324796087435,48.847014883797826],[2.3237713067992747,48.84810096283673],[2.3228117641336374,48.84757572550822],[2.321458247753346,48.84690299397472],[2.320212935134178,48.8482493116735],[2.3205484432948995,48.84842205381338],[2.323360316560059,48.84985081385371],[2.3248118934278224,48.84849611814971]]],"type":"Polygon"},"properties":{"id_bv":"6-15","arrondissement":"6","num_bv":15,"geo_point_2d":{"lon":2.3230721302166994,"lat":48.848184719550844},"created_user":null,"created_date":null,"last_edited_user":null,"last_edited_date":null,"st_area_shape":70056.61354618166,"st_perimeter_shape":1345.902755013731}},{"type":"Feature","geometry":{"coordinates":[[[2.3103916754094884,48.863579215667706],[2.310444227801389,48.862761521996006],[2.310195307532595,48.860060460571525],[2.310145056154774,48.86002962619357],[2.309814518574194,48.860037195878576],[2.307752605591204,48.8598539774828],[2.306250719319924,48.8595773871346],[2.3054699338630926,48.86116298918393],[2.3054352097711055,48.86351015593454],[2.305515551499741,48.86355804760663],[2.3103070484423287,48.863645038840446],[2.3103903402019417,48.86359976170821],[2.3103916754094884,48.863579215667706]]],"type":"Polygon"},"properties":{"id_bv":"7-20","arrondissement":"7","num_bv":20,"geo_point_2d":{"lon":2.307923500008495,"lat":48.861782783643285},"created_user":null,"created_date":null,"last_edited_user":null,"last_edited_date":null,"st_area_shape":145362.85387933612,"st_perimeter_shape":1504.4521538356387}},{"type":"Feature","geometry":{"coordinates":[[[2.344503604531556,48.8540984261325],[2.344537148465768,48.85399000120581],[2.3442697218876436,48.85372943383947],[2.342721385203326,48.85041426126297],[2.342604184911013,48.85038093293186],[2.3413530291058735,48.850878892524456],[2.3411230625697437,48.85093178113763],[2.3402368988198914,48.85146958863731],[2.3397149081970805,48.851968770326415],[2.3403448211122395,48.852139010585034],[2.340461668192328,48.85236012280427],[2.340475691988712,48.85304091773235],[2.3400563368517875,48.853672652556455],[2.34032765464984,48.85424047755401],[2.340655016013064,48.85430135325142],[2.342153069291854,48.85419232377447],[2.342769491503587,48.85484318650036],[2.3429057064610874,48.85485832515134],[2.344503604531556,48.8540984261325]]],"type":"Polygon"},"properties":{"id_bv":"6-6","arrondissement":"6","num_bv":6,"geo_point_2d":{"lon":2.3421073854805488,"lat":48.85274545723939},"created_user":null,"created_date":null,"last_edited_user":null,"last_edited_date":null,"st_area_shape":102099.69783634774,"st_perimeter_shape":1393.414189848628}},{"type":"Feature","geometry":{"coordinates":[[[2.3841023033451627,48.89623020938848],[2.3837180895257957,48.89587993397145],[2.3836863207249546,48.895871831317166],[2.379069319212231,48.89571670547157],[2.377589001408298,48.8962688437959],[2.3759233767113286,48.89592745079951],[2.3743916584996065,48.89469505242814],[2.3735642152993472,48.89384159667426],[2.3723023803475134,48.89570625813323],[2.375847626921434,48.89692838651099],[2.3841023033451627,48.89623020938848]]],"type":"Polygon"},"properties":{"id_bv":"19-42","arrondissement":"19","num_bv":42,"geo_point_2d":{"lon":2.3769513039125982,"lat":48.895902493419285},"created_user":null,"created_date":null,"last_edited_user":null,"last_edited_date":null,"st_area_shape":87416.1292055151,"st_perimeter_shape":2062.4532438716014}},{"type":"Feature","geometry":{"coordinates":[[[2.2916447974102385,48.87948073187405],[2.2916565922483314,48.879471592436786],[2.2913948774344393,48.87919890381912],[2.2913194521452316,48.879131078886964],[2.289535858188536,48.87837633455579],[2.289527342857598,48.878346464616],[2.2898996457294283,48.877808099297155],[2.2898713114216056,48.87778676345601],[2.2881381180739333,48.87767555469579],[2.2881079542018443,48.87765784987889],[2.2888942366323777,48.87593990114805],[2.288977989354159,48.87577828510067],[2.28888557930193,48.87573484656947],[2.287232234093462,48.876267309445154],[2.284252178079544,48.87721875873237],[2.284217330222648,48.877295845139784],[2.284968479976402,48.877922993527854],[2.287453816226579,48.879193807687166],[2.287489878188716,48.87919834634478],[2.2879318999817913,48.87893944846557],[2.29069128654692,48.87926660690881],[2.290856377974732,48.87959283795273],[2.291237590968735,48.87981400701152],[2.2916447974102385,48.87948073187405]]],"type":"Polygon"},"properties":{"id_bv":"17-62","arrondissement":"17","num_bv":62,"geo_point_2d":{"lon":2.287610206957946,"lat":48.87780337985779},"created_user":null,"created_date":null,"last_edited_user":null,"last_edited_date":null,"st_area_shape":90636.54739539752,"st_perimeter_shape":1712.8563606691678}},{"type":"Feature","geometry":{"coordinates":[[[2.322656486948572,48.89349852616002],[2.323184007566632,48.89343470433429],[2.323447432412156,48.89347113252638],[2.3234988514431305,48.89348782398604],[2.323572963600429,48.89347298291526],[2.323575853307099,48.89345653171913],[2.322290036995828,48.89196691488552],[2.322237067890615,48.891895837297966],[2.3221835475897543,48.89191058816778],[2.322148872289451,48.89189721946858],[2.322029912590348,48.89176596217424],[2.3219758129685077,48.89175618686764],[2.321139849126118,48.89160445581129],[2.31982527693927,48.89087459711836],[2.319055181087906,48.89131952010321],[2.321129823720639,48.893919171630124],[2.321172957783307,48.893933791838634],[2.322656486948572,48.89349852616002]]],"type":"Polygon"},"properties":{"id_bv":"17-29","arrondissement":"17","num_bv":29,"geo_point_2d":{"lon":2.32122138404766,"lat":48.892475873611055},"created_user":null,"created_date":null,"last_edited_user":null,"last_edited_date":null,"st_area_shape":51796.42034596685,"st_perimeter_shape":1012.4305027105031}},{"type":"Feature","geometry":{"coordinates":[[[2.314189672789873,48.87368197688367],[2.314194058502379,48.873636231850845],[2.312283037605991,48.87330374795421],[2.3115270838799113,48.87308329332649],[2.310569302347914,48.87392070558411],[2.31016172016175,48.8741563869155],[2.309768451436282,48.8744146967375],[2.309629817147867,48.87450156321209],[2.3093974974854805,48.87471395683856],[2.3090357111206803,48.875187817113506],[2.307945098319289,48.876316153816404],[2.307867538949745,48.87639069142855],[2.31056849963098,48.87772018937454],[2.3154489228324797,48.877932726234995],[2.3156018425337153,48.875480105753915],[2.315575791300648,48.87546445129911],[2.314046679771744,48.87517882184229],[2.3140155923658527,48.87515915320675],[2.314189672789873,48.87368197688367]]],"type":"Polygon"},"properties":{"id_bv":"8-2","arrondissement":"8","num_bv":2,"geo_point_2d":{"lon":2.3121113067363535,"lat":48.87582269065498},"created_user":null,"created_date":null,"last_edited_user":null,"last_edited_date":null,"st_area_shape":201018.37735215772,"st_perimeter_shape":1834.7275224753519}},{"type":"Feature","geometry":{"coordinates":[[[2.3004711147770767,48.87707106615407],[2.3004889726104407,48.877051036990245],[2.3042600756063814,48.87542782051556],[2.304836095763954,48.87547119032812],[2.3049940604708152,48.87515903003361],[2.303948385929501,48.87492606413541],[2.3021685516189856,48.87532597385527],[2.302134598705423,48.875322066140306],[2.301736351774092,48.87486109423306],[2.299854703525225,48.875037143951054],[2.2988197474395067,48.87413634092126],[2.2952750401916755,48.87378768834465],[2.295044487804093,48.873780171193935],[2.2981176196624262,48.87803019753862],[2.2980789782106745,48.87809817234774],[2.2981556881758616,48.87808193037035],[2.300825771899519,48.878634491987484],[2.3004711147770767,48.87707106615407]]],"type":"Polygon"},"properties":{"id_bv":"8-15","arrondissement":"8","num_bv":15,"geo_point_2d":{"lon":2.299281263543553,"lat":48.87592407752269},"created_user":null,"created_date":null,"last_edited_user":null,"last_edited_date":null,"st_area_shape":163460.74894814685,"st_perimeter_shape":2155.861345912133}},{"type":"Feature","geometry":{"coordinates":[[[2.370661778316479,48.85790149443326],[2.3708192057886377,48.857757716927395],[2.370642972322125,48.856656462793715],[2.3719827799607183,48.8553521608623],[2.3722160187996773,48.85536395302949],[2.3726753258970508,48.85511534688765],[2.371398699497218,48.85433693845645],[2.370267155474131,48.85328694740195],[2.3702226121011174,48.85324558468845],[2.370002068099302,48.85322570727074],[2.369176938044116,48.85315981999099],[2.3691098298432642,48.85318823915355],[2.3685175691185365,48.85572257822957],[2.368470533771809,48.85587124082814],[2.368181366116787,48.85706862136956],[2.368268866977485,48.857034895475344],[2.3696928751413537,48.857523747077444],[2.370661778316479,48.85790149443326]]],"type":"Polygon"},"properties":{"id_bv":"11-15","arrondissement":"11","num_bv":15,"geo_point_2d":{"lon":2.37003805804129,"lat":48.855449230576205},"created_user":null,"created_date":null,"last_edited_user":null,"last_edited_date":null,"st_area_shape":92059.76434991996,"st_perimeter_shape":1383.075923207984}},{"type":"Feature","geometry":{"coordinates":[[[2.318830681952363,48.88938283517465],[2.3181414003104837,48.88887229095689],[2.31814908032587,48.888847044683644],[2.3189628532082915,48.8883936956997],[2.3189657591722197,48.88836284907354],[2.3176265906052578,48.8869285676088],[2.3163499216181114,48.886076256291325],[2.3156675182678312,48.88659943665053],[2.314719633551828,48.887087911235255],[2.3141454772989105,48.88733024606678],[2.3139224939473593,48.88738516141619],[2.313843310000986,48.88735998239666],[2.313827720129259,48.8874070377226],[2.3130414472469334,48.887596199891775],[2.3130203229115,48.88764208570218],[2.3171368055350285,48.890253673773884],[2.3171461829279276,48.8902847837133],[2.318830681952363,48.88938283517465]]],"type":"Polygon"},"properties":{"id_bv":"17-9","arrondissement":"17","num_bv":9,"geo_point_2d":{"lon":2.316408668146042,"lat":48.8881646483026},"created_user":null,"created_date":null,"last_edited_user":null,"last_edited_date":null,"st_area_shape":101281.5885611299,"st_perimeter_shape":1373.354201588842}},{"type":"Feature","geometry":{"coordinates":[[[2.32602996169349,48.82650812664191],[2.326748282649772,48.826813476853985],[2.328920508757165,48.82613113803813],[2.329137826987423,48.82605672055325],[2.3298685180101715,48.82554473798475],[2.3283522031944632,48.82449024564654],[2.3283243701573624,48.8244704729566],[2.3259202419988525,48.82470397976096],[2.3258873393804045,48.82468446752676],[2.325815251904867,48.8244314254419],[2.323902873689089,48.82484269313055],[2.3238990586717243,48.82485927050856],[2.324087599183009,48.82501913612809],[2.3255468039037037,48.82702203768718],[2.32602996169349,48.82650812664191]]],"type":"Polygon"},"properties":{"id_bv":"14-12","arrondissement":"14","num_bv":12,"geo_point_2d":{"lon":2.3268153490013868,"lat":48.82554978972533},"created_user":null,"created_date":null,"last_edited_user":null,"last_edited_date":null,"st_area_shape":75605.37014647502,"st_perimeter_shape":1196.936356773809}},{"type":"Feature","geometry":{"coordinates":[[[2.309555360972739,48.85395164193951],[2.3146399253480308,48.85366046027987],[2.3147223760633886,48.85360623091373],[2.314499227646052,48.851798058943956],[2.3144675432233153,48.85178213863572],[2.313438612380653,48.851741011081906],[2.3127848000481315,48.852959974083035],[2.312340459206542,48.8529847509136],[2.312313106201301,48.85297706338529],[2.3122234094542042,48.85162529226823],[2.3103906216801184,48.851781016410705],[2.3100320700596386,48.85097996738822],[2.3091811776419995,48.850663773778464],[2.3079895789348033,48.84964482735183],[2.306081321147223,48.848037730482964],[2.3060274226946254,48.848000409088996],[2.3059280971480987,48.84806293219119],[2.3058056537914977,48.8480578706827],[2.305806750791316,48.848140525766496],[2.3038318032797083,48.84940316855302],[2.303712714786817,48.84940575463119],[2.303704942105674,48.84948404829371],[2.3013170302414863,48.851021473500296],[2.3012004474349648,48.851029702625304],[2.3012046805003346,48.851099805526125],[2.3010331018302597,48.85121156873419],[2.301043226443816,48.85127707164347],[2.3043668624233464,48.85350945402542],[2.305456851657014,48.854253354740415],[2.3054102326399146,48.85431074464292],[2.3054722514747295,48.854313016673686],[2.305413487552442,48.85435222661768],[2.3054554769624303,48.85437877566057],[2.305509273704435,48.85431437284358],[2.305590184395112,48.85431708182731],[2.306474580743429,48.85412375252893],[2.309555360972739,48.85395164193951]]],"type":"Polygon"},"properties":{"id_bv":"7-12","arrondissement":"7","num_bv":12,"geo_point_2d":{"lon":2.307314330266964,"lat":48.85177315430343},"created_user":null,"created_date":null,"last_edited_user":null,"last_edited_date":null,"st_area_shape":349357.7502194172,"st_perimeter_shape":2996.83676861817}},{"type":"Feature","geometry":{"coordinates":[[[2.3588682323991983,48.90156980031638],[2.359170621640524,48.897407259523014],[2.3593715515737994,48.89503555273218],[2.3529121454107056,48.8950609460108],[2.352948353115426,48.8955202910457],[2.3529349907062946,48.89588495034268],[2.35255112965075,48.89787301575266],[2.352338541546401,48.89957718133894],[2.3519741114054127,48.90139012288392],[2.3520411732229305,48.901455898256145],[2.3588141962734666,48.901603999733105],[2.3588682323991983,48.90156980031638]]],"type":"Polygon"},"properties":{"id_bv":"18-51","arrondissement":"18","num_bv":51,"geo_point_2d":{"lon":2.355821104245773,"lat":48.89833323229783},"created_user":null,"created_date":null,"last_edited_user":null,"last_edited_date":null,"st_area_shape":348887.41366499075,"st_perimeter_shape":2420.3322918654458}},{"type":"Feature","geometry":{"coordinates":[[[2.4115319594929345,48.85884630720733],[2.4106224502984954,48.858764689077326],[2.410790735801539,48.857582625037296],[2.410509317309836,48.85755752421444],[2.410503294123482,48.85754671049471],[2.4105335950528977,48.85701496619984],[2.4114087183640356,48.856979284493676],[2.410574364553646,48.85622136832124],[2.4101481636240774,48.85617575511698],[2.409953583325376,48.856267586760715],[2.409237542995674,48.85669519051035],[2.4086991767140202,48.8565473158193],[2.4082733912913454,48.856500421837076],[2.4076850141319515,48.85675087828048],[2.40830732496037,48.85728344327257],[2.4085450825645776,48.85714195006346],[2.408879267601145,48.85823532461304],[2.4097400906431647,48.85839586547294],[2.4093431154284075,48.860638030961255],[2.4112005183849154,48.86072240231995],[2.4115319594929345,48.85884630720733]]],"type":"Polygon"},"properties":{"id_bv":"20-34","arrondissement":"20","num_bv":34,"geo_point_2d":{"lon":2.410006273519514,"lat":48.85836932965679},"created_user":null,"created_date":null,"last_edited_user":null,"last_edited_date":null,"st_area_shape":68577.08643210153,"st_perimeter_shape":1580.6434668955012}},{"type":"Feature","geometry":{"coordinates":[[[2.3629384953431996,48.85456106851879],[2.364535760872514,48.853998592956806],[2.3647927948395133,48.85366177970189],[2.36587526011459,48.85345254185687],[2.3655447430387824,48.85295150244529],[2.3642025372882576,48.852620077484296],[2.363738206716918,48.85169691031182],[2.3629433145240064,48.85153182938535],[2.3626308441901895,48.851263427550634],[2.3605574417398114,48.85056867043037],[2.360502728438709,48.850594491688035],[2.3605145075714677,48.85107727358032],[2.3604108276796274,48.85142017757525],[2.360354729522911,48.851510665732576],[2.3601853175732157,48.85167936650152],[2.3600453518905895,48.85177428589266],[2.3603210953990614,48.852126820605115],[2.3602952798748897,48.85216387807099],[2.3601522630481155,48.852215962097645],[2.3601242457098537,48.85225596212778],[2.3602621250951317,48.85242176051738],[2.3603128464336325,48.85242687741467],[2.3604352119713,48.85238463776726],[2.3609534205405476,48.852806541332455],[2.361541163758397,48.853353944974295],[2.3617036290662368,48.8534614831025],[2.3623612781744767,48.85425420277227],[2.362714422090614,48.854630491533975],[2.3627569611591484,48.85463175413974],[2.3629384953431996,48.85456106851879]]],"type":"Polygon"},"properties":{"id_bv":"4-5","arrondissement":"4","num_bv":5,"geo_point_2d":{"lon":2.362646461600739,"lat":48.85265594074619},"created_user":null,"created_date":null,"last_edited_user":null,"last_edited_date":null,"st_area_shape":91379.44395565422,"st_perimeter_shape":1367.2937464960921}},{"type":"Feature","geometry":{"coordinates":[[[2.371659178877715,48.895497846076424],[2.37174246931872,48.89543729043675],[2.3717305261647357,48.89537878022217],[2.3705246439349676,48.89465153723634],[2.3704491629480553,48.894569423877556],[2.3704705523035763,48.89451739652936],[2.370417210606234,48.89453195486249],[2.370002100603659,48.89401473728336],[2.368206366998935,48.88990821273436],[2.3681889749718192,48.88985332164576],[2.3682141896676496,48.889820437855796],[2.368148844895918,48.88976377298265],[2.368107724488827,48.889697066366274],[2.3630792345300287,48.889912534237915],[2.3633140416954426,48.89191777045683],[2.3632788264705584,48.89194045205734],[2.361710401348491,48.8920799811405],[2.361674027183545,48.89210134488201],[2.36193027392594,48.893232213501236],[2.363445076117474,48.89317013821885],[2.3662717948204293,48.894405908564],[2.3713443453767886,48.89573859673704],[2.371659178877715,48.895497846076424]]],"type":"Polygon"},"properties":{"id_bv":"18-62","arrondissement":"18","num_bv":62,"geo_point_2d":{"lon":2.3664969849739754,"lat":48.8924060294529},"created_user":null,"created_date":null,"last_edited_user":null,"last_edited_date":null,"st_area_shape":246357.88476206272,"st_perimeter_shape":2362.1299869026875}},{"type":"Feature","geometry":{"coordinates":[[[2.3697296999997577,48.8466998891303],[2.369718464748323,48.846675893539256],[2.3697802995244297,48.84662781405912],[2.371239731646291,48.845562550066305],[2.374063042525075,48.8458924370016],[2.3742506857043777,48.84592060529013],[2.3744048703226204,48.84592518444823],[2.375339738230914,48.8453415745034],[2.3753876011160338,48.84536018839815],[2.3753991334086932,48.84532798593308],[2.3779173104252287,48.844389188860504],[2.378171085362172,48.844602629119564],[2.3781975203590355,48.8446062596287],[2.379970333113299,48.84369912494023],[2.379871838095178,48.84366192416191],[2.3786017941638296,48.84318301194933],[2.377428685640275,48.84266190860579],[2.376316212590962,48.84214304136184],[2.3724208365973056,48.84015878857219],[2.368066834806485,48.843383705582006],[2.366086583939097,48.84489078175099],[2.365951721355118,48.84489299628094],[2.3659702238721882,48.84498141232589],[2.364447041542637,48.84613485854601],[2.3665135829711503,48.84737856953162],[2.3668772400110107,48.848203156098066],[2.367822637530846,48.847899627345186],[2.3680044921631347,48.84703143593117],[2.368023183085699,48.84701510790113],[2.369526129797668,48.846808773771784],[2.3697296999997577,48.8466998891303]]],"type":"Polygon"},"properties":{"id_bv":"12-51","arrondissement":"12","num_bv":51,"geo_point_2d":{"lon":2.371779264093582,"lat":48.844073402676116},"created_user":null,"created_date":null,"last_edited_user":null,"last_edited_date":null,"st_area_shape":418597.16597110004,"st_perimeter_shape":3098.778077760696}},{"type":"Feature","geometry":{"coordinates":[[[2.309088440015618,48.829281153613515],[2.3077053008441033,48.8286519432444],[2.3079748203945676,48.82847666379975],[2.307034694084868,48.82757397935907],[2.3068938668762384,48.82692620652885],[2.306434828436709,48.82618770593236],[2.305039752254699,48.82663952018652],[2.304372850313517,48.82678757865557],[2.304158041943012,48.82671052563687],[2.304139356433936,48.82684090883468],[2.3035127286096944,48.826981005296325],[2.3035031822451515,48.8270330291812],[2.3045993191659617,48.82791854409768],[2.3046369558995683,48.82796403047729],[2.3072654327517417,48.830066577631854],[2.308023596204941,48.83069477695702],[2.308113803310189,48.83070671462624],[2.309224846313228,48.83016434730082],[2.308977972542534,48.82967922818639],[2.30912254498917,48.829553417645606],[2.309088440015618,48.829281153613515]]],"type":"Polygon"},"properties":{"id_bv":"14-53","arrondissement":"14","num_bv":53,"geo_point_2d":{"lon":2.3065727690018165,"lat":48.82833953261334},"created_user":null,"created_date":null,"last_edited_user":null,"last_edited_date":null,"st_area_shape":83029.06176643756,"st_perimeter_shape":1425.4694225930384}},{"type":"Feature","geometry":{"coordinates":[[[2.38843970683791,48.855300214789374],[2.389877521905687,48.85430244644904],[2.3901255521411855,48.85418895746882],[2.3908061983798143,48.85352196386299],[2.38871620650798,48.85306309378449],[2.3887128624303653,48.85304273698433],[2.388825702754161,48.85288862687469],[2.388662508623944,48.85273838221991],[2.3878019562880115,48.853226535221644],[2.385402561695994,48.85467390290475],[2.385424384767332,48.854724916386026],[2.387129276206821,48.85511436883447],[2.3884156713690565,48.85531689268228],[2.38843970683791,48.855300214789374]]],"type":"Polygon"},"properties":{"id_bv":"11-54","arrondissement":"11","num_bv":54,"geo_point_2d":{"lon":2.3881911582305513,"lat":48.85414533170455},"created_user":null,"created_date":null,"last_edited_user":null,"last_edited_date":null,"st_area_shape":55864.76877480571,"st_perimeter_shape":1027.8305589147374}},{"type":"Feature","geometry":{"coordinates":[[[2.3250695443583127,48.82722839105152],[2.3215107744016796,48.82568169550211],[2.3215137991844337,48.825657660570364],[2.3215110499914173,48.82564733089386],[2.320951613263138,48.82587681592328],[2.319617462989621,48.82617521594909],[2.3202704875850624,48.82686626325879],[2.321011561651204,48.82759201963755],[2.3216461620244737,48.82819480491897],[2.322021594571406,48.82855492898373],[2.3250695443583127,48.82722839105152]]],"type":"Polygon"},"properties":{"id_bv":"14-10","arrondissement":"14","num_bv":10,"geo_point_2d":{"lon":2.3221793192836593,"lat":48.82703003517214},"created_user":null,"created_date":null,"last_edited_user":null,"last_edited_date":null,"st_area_shape":61948.34281395232,"st_perimeter_shape":1054.5473376599225}},{"type":"Feature","geometry":{"coordinates":[[[2.386871051781317,48.88567671764836],[2.387462873925046,48.88429707351991],[2.3858492689940505,48.884116728610664],[2.385293349164698,48.88332153075596],[2.3852000974231475,48.883322585292284],[2.383336794106875,48.88494806621204],[2.382258164429776,48.88588024647537],[2.3829247162106713,48.886122805864105],[2.384815859063598,48.88662021741467],[2.3848011256665704,48.88658696116444],[2.385115181347517,48.8859447591104],[2.386605868500376,48.88578107676614],[2.386871051781317,48.88567671764836]]],"type":"Polygon"},"properties":{"id_bv":"19-26","arrondissement":"19","num_bv":26,"geo_point_2d":{"lon":2.3849795543229515,"lat":48.88510706969679},"created_user":null,"created_date":null,"last_edited_user":null,"last_edited_date":null,"st_area_shape":68659.50784153581,"st_perimeter_shape":1158.1273769000827}},{"type":"Feature","geometry":{"coordinates":[[[2.363842833025081,48.86749846446049],[2.363898871529089,48.8675256355142],[2.363902528870575,48.8674573266012],[2.36425225925955,48.867239458603265],[2.365299137049072,48.86547687323845],[2.365356777499734,48.86544460470684],[2.3653169659507003,48.86544743786713],[2.3653582684651364,48.86538476854437],[2.365232638640401,48.86539693862307],[2.36453054805032,48.86470203075872],[2.3634433369839414,48.86450117465451],[2.3627702574710723,48.86391217829883],[2.360206521746534,48.86522482760486],[2.360398896372155,48.865406082442846],[2.36174479151715,48.86666261539341],[2.3627713097101206,48.867088338600645],[2.363787298920107,48.867471855451065],[2.363793151619025,48.86753365781495],[2.363842833025081,48.86749846446049]]],"type":"Polygon"},"properties":{"id_bv":"3-2","arrondissement":"3","num_bv":2,"geo_point_2d":{"lon":2.3629478141470295,"lat":48.86567924359445},"created_user":null,"created_date":null,"last_edited_user":null,"last_edited_date":null,"st_area_shape":83554.50926182755,"st_perimeter_shape":1162.4204006442922}},{"type":"Feature","geometry":{"coordinates":[[[2.3093974974854805,48.87471395683856],[2.309629817147867,48.87450156321209],[2.309768451436282,48.8744146967375],[2.3087196971101824,48.87370288508701],[2.3076103438187814,48.87412016758107],[2.306969553355263,48.873723085646475],[2.306553506011247,48.87369056441683],[2.306252274832724,48.87323501554731],[2.302666850910107,48.87143690354247],[2.3025824821194294,48.871395919933704],[2.2952724247399208,48.873714567170225],[2.2952750401916755,48.87378768834465],[2.2988197474395067,48.87413634092126],[2.299854703525225,48.875037143951054],[2.301736351774092,48.87486109423306],[2.302134598705423,48.875322066140306],[2.3021685516189856,48.87532597385527],[2.303948385929501,48.87492606413541],[2.3049940604708152,48.87515903003361],[2.3064652166407513,48.87511058381511],[2.307300342291091,48.875396329187126],[2.307945098319289,48.876316153816404],[2.3090357111206803,48.875187817113506],[2.3093974974854805,48.87471395683856]]],"type":"Polygon"},"properties":{"id_bv":"8-14","arrondissement":"8","num_bv":14,"geo_point_2d":{"lon":2.302984718234537,"lat":48.87374964757345},"created_user":null,"created_date":null,"last_edited_user":null,"last_edited_date":null,"st_area_shape":239140.78579047858,"st_perimeter_shape":2644.7059961907285}},{"type":"Feature","geometry":{"coordinates":[[[2.3208259304875134,48.863085342946405],[2.3260049772238975,48.8615271569816],[2.326049330752435,48.86144438150407],[2.3245760517743954,48.86001911740697],[2.3239079374498437,48.85932802616263],[2.3231264599162755,48.85851371226324],[2.323164175195374,48.85847362470733],[2.323084416099053,48.85846953118296],[2.3227846278684043,48.85815902429506],[2.3195790515935846,48.85934911857086],[2.3195492338423422,48.859339562488856],[2.3182011880689632,48.85752442051839],[2.3181622436170093,48.85752259057689],[2.3175506086714703,48.857735257306445],[2.316293514010465,48.8587945579386],[2.314936109751423,48.85995211733875],[2.314902320668089,48.85994535773477],[2.313780611019517,48.858990449313566],[2.3123263137336796,48.859056954112624],[2.3113253026732345,48.859936919744854],[2.3102444524841426,48.859940856564286],[2.310180383105935,48.85992204783691],[2.310145056154774,48.86002962619357],[2.310195307532595,48.860060460571525],[2.310444227801389,48.862761521996006],[2.3103916754094884,48.863579215667706],[2.310499629976728,48.86364691475656],[2.318635824300755,48.86377542029256],[2.3208259304875134,48.863085342946405]]],"type":"Polygon"},"properties":{"id_bv":"7-2","arrondissement":"7","num_bv":2,"geo_point_2d":{"lon":2.317470079551311,"lat":48.86113543688719},"created_user":null,"created_date":null,"last_edited_user":null,"last_edited_date":null,"st_area_shape":523326.0917179226,"st_perimeter_shape":3378.5090546560245}},{"type":"Feature","geometry":{"coordinates":[[[2.3138723836341635,48.82689478473782],[2.3194678477189,48.826078203951816],[2.3194776842978415,48.8260483142078],[2.319389617652865,48.82594765458886],[2.318338302854078,48.824841273040796],[2.3183462618598707,48.824806667995084],[2.319321231747471,48.824583008206325],[2.3177478689594673,48.82387962152217],[2.3175687838606978,48.823793462468046],[2.3174445959982757,48.82376810166053],[2.3174154384747787,48.82377493151565],[2.3160563797520832,48.824161613994775],[2.3165518516971337,48.82499297934846],[2.316535048985399,48.825001374364454],[2.3141831934088093,48.825508147139416],[2.3140960434561344,48.82559686939042],[2.313853141658655,48.82558532465459],[2.312334785606758,48.825911412680284],[2.313006738350771,48.82634809750066],[2.3130133605421057,48.82636995178626],[2.313825631760496,48.826901600904655],[2.3138723836341635,48.82689478473782]]],"type":"Polygon"},"properties":{"id_bv":"14-55","arrondissement":"14","num_bv":55,"geo_point_2d":{"lon":2.316363618851117,"lat":48.82555154277165},"created_user":null,"created_date":null,"last_edited_user":null,"last_edited_date":null,"st_area_shape":86392.53968124029,"st_perimeter_shape":1526.7346101337623}},{"type":"Feature","geometry":{"coordinates":[[[2.310145056154774,48.86002962619357],[2.310180383105935,48.85992204783691],[2.3100947456000087,48.85990074494031],[2.3088942423243757,48.859808853355375],[2.3088688944398013,48.85979732835414],[2.30930778318067,48.858127101847636],[2.3067976282666947,48.858001805642225],[2.305836201488894,48.85773670469675],[2.3047512835657677,48.85799325345676],[2.304580621581781,48.8572399315862],[2.3042510832213883,48.85734427304984],[2.3035291096827515,48.85883065730991],[2.3037290863077406,48.85900431262208],[2.3047256965489935,48.85930907929114],[2.3051054370687276,48.85921939983719],[2.3062867130491163,48.85946085074937],[2.306296758709217,48.85947884838324],[2.306250719319924,48.8595773871346],[2.307752605591204,48.8598539774828],[2.309814518574194,48.860037195878576],[2.310145056154774,48.86002962619357]]],"type":"Polygon"},"properties":{"id_bv":"7-18","arrondissement":"7","num_bv":18,"geo_point_2d":{"lon":2.3065937149302567,"lat":48.858748811792395},"created_user":null,"created_date":null,"last_edited_user":null,"last_edited_date":null,"st_area_shape":73477.6077243533,"st_perimeter_shape":1459.2493200197582}},{"type":"Feature","geometry":{"coordinates":[[[2.353162442263242,48.823516273348304],[2.3534700657940806,48.82348467884292],[2.3543406796162296,48.823122425782344],[2.3543330748521867,48.823045137148945],[2.3551709041395297,48.82216584706972],[2.355145416323113,48.821256653329144],[2.352359499054306,48.821291062854996],[2.350619863038411,48.821320802447296],[2.3506394024865065,48.823230919625125],[2.3520034983960434,48.82352085613262],[2.353162442263242,48.823516273348304]]],"type":"Polygon"},"properties":{"id_bv":"13-44","arrondissement":"13","num_bv":44,"geo_point_2d":{"lon":2.352762494295029,"lat":48.822306075860354},"created_user":null,"created_date":null,"last_edited_user":null,"last_edited_date":null,"st_area_shape":73274.69547211095,"st_perimeter_shape":1058.7059822242718}},{"type":"Feature","geometry":{"coordinates":[[[2.279535691969831,48.84462138294642],[2.2786247416769285,48.84370784335636],[2.278555482408652,48.843734574947305],[2.2785435642993606,48.843727148934136],[2.2783295659895773,48.843514284330844],[2.2773527343477866,48.843914827703145],[2.2776012452785444,48.842535870415006],[2.277327941304244,48.842653209024455],[2.277220232617737,48.842726577341914],[2.2730362581013703,48.84421704685976],[2.275362438498718,48.84659421449955],[2.275483046144278,48.8467189289638],[2.279535691969831,48.84462138294642]]],"type":"Polygon"},"properties":{"id_bv":"15-82","arrondissement":"15","num_bv":82,"geo_point_2d":{"lon":2.276252756725753,"lat":48.84463333351411},"created_user":null,"created_date":null,"last_edited_user":null,"last_edited_date":null,"st_area_shape":107180.88560559959,"st_perimeter_shape":1489.2236995726098}},{"type":"Feature","geometry":{"coordinates":[[[2.298830204014524,48.880052272211316],[2.2996541890102686,48.880473702423345],[2.299678550791728,48.88047103990374],[2.299376146684837,48.87972818881558],[2.299391196271495,48.87970050714633],[2.3009053021849444,48.87871500384126],[2.300873567216778,48.878644343675596],[2.300825771899519,48.878634491987484],[2.2981556881758616,48.87808193037035],[2.2980789782106745,48.87809817234774],[2.2958092662304734,48.878476886157756],[2.2942229180574425,48.878912042540755],[2.2947525212756403,48.879824424289474],[2.294792129493287,48.87979220950154],[2.2975182377953547,48.88087587336752],[2.297547875273039,48.88087747721363],[2.298830204014524,48.880052272211316]]],"type":"Polygon"},"properties":{"id_bv":"17-66","arrondissement":"17","num_bv":66,"geo_point_2d":{"lon":2.2974609651352838,"lat":48.87931465778481},"created_user":null,"created_date":null,"last_edited_user":null,"last_edited_date":null,"st_area_shape":87913.75511805562,"st_perimeter_shape":1324.1005567952636}},{"type":"Feature","geometry":{"coordinates":[[[2.3832722165053144,48.84491956806047],[2.3832386495484035,48.84488492262988],[2.3832053414429604,48.84489461146741],[2.3813464821928307,48.84543712995839],[2.3810362348370893,48.84531940196055],[2.3805704704261483,48.845515702561784],[2.3797933509555094,48.84517682301827],[2.3797617177023995,48.84518115940858],[2.3780618163716425,48.8460001831675],[2.3767510213763807,48.84665467529102],[2.377729039868201,48.84732200476646],[2.3789595066210123,48.84646494320062],[2.3796875392274317,48.84654506031492],[2.380506107947397,48.84781554038745],[2.3805530465129685,48.847824559336125],[2.3812323259620825,48.84698166983984],[2.381697145399502,48.84674336023777],[2.3832722165053144,48.84491956806047]]],"type":"Polygon"},"properties":{"id_bv":"12-60","arrondissement":"12","num_bv":60,"geo_point_2d":{"lon":2.3801175429790047,"lat":48.84621571952567},"created_user":null,"created_date":null,"last_edited_user":null,"last_edited_date":null,"st_area_shape":60900.57490403093,"st_perimeter_shape":1397.6045745709685}},{"type":"Feature","geometry":{"coordinates":[[[2.312840578668177,48.83222732616393],[2.3129165061602146,48.8322758222488],[2.3129509915365682,48.83220253155463],[2.3136265829734897,48.831946139595615],[2.3143384112712164,48.831771987125734],[2.3152208942174317,48.831566038002386],[2.3151926722699785,48.83154360429342],[2.3139895633446983,48.830588980983414],[2.3133382200898227,48.83025228785951],[2.3125189445221412,48.8309182836899],[2.3121318278924465,48.83087390950197],[2.309996584002579,48.83226777783449],[2.3099480119553824,48.83229951715049],[2.3101026051055844,48.83243041540078],[2.310776953754178,48.832982949567345],[2.310880749872321,48.832998436787925],[2.312840578668177,48.83222732616393]]],"type":"Polygon"},"properties":{"id_bv":"14-51","arrondissement":"14","num_bv":51,"geo_point_2d":{"lon":2.312512862239568,"lat":48.83165821427148},"created_user":null,"created_date":null,"last_edited_user":null,"last_edited_date":null,"st_area_shape":50408.97971960539,"st_perimeter_shape":1022.3248437311709}},{"type":"Feature","geometry":{"coordinates":[[[2.3730612096171035,48.82837132919684],[2.3718448920611532,48.82773517839645],[2.3713034857355657,48.82767752118893],[2.370713600615339,48.82760578217943],[2.3707166591982145,48.82778325441105],[2.369529743391036,48.82797749576791],[2.3695090474511677,48.82799047613072],[2.3696289268656203,48.82838212463682],[2.3691085408586665,48.82803917676024],[2.3675134547732837,48.828304314638316],[2.3674933076797897,48.8283127611194],[2.367509089544693,48.82832739553363],[2.3676686008426344,48.82836893113575],[2.368209280129324,48.829107097331445],[2.368288070278501,48.82916297599258],[2.36847838624887,48.82906649189204],[2.3684976968002527,48.8290692011382],[2.369536741118157,48.82958371929799],[2.369894003828986,48.82953496569199],[2.3710982527350932,48.82949517645712],[2.3715355121190416,48.829632322210244],[2.3718047397325615,48.8297137878762],[2.3730612096171035,48.82837132919684]]],"type":"Polygon"},"properties":{"id_bv":"13-13","arrondissement":"13","num_bv":13,"geo_point_2d":{"lon":2.3704905395151146,"lat":48.82865772004478},"created_user":null,"created_date":null,"last_edited_user":null,"last_edited_date":null,"st_area_shape":57674.26709351331,"st_perimeter_shape":1107.4396941953166}},{"type":"Feature","geometry":{"coordinates":[[[2.2876440234368047,48.83449049650228],[2.286425099220271,48.83376950856852],[2.2864357429940894,48.833762956258944],[2.287991486593548,48.83310177776662],[2.2879784481988934,48.833094265902695],[2.2866993427362043,48.832790781843805],[2.280683643042792,48.831918167874136],[2.2806273617066033,48.83199848200078],[2.2839872199443376,48.8343341185718],[2.28235542983346,48.83494484890587],[2.281053767286774,48.83531703160321],[2.2810234014271624,48.83536609617311],[2.28127516617448,48.83587536226318],[2.2813304886855668,48.835894961082474],[2.2814155782941117,48.83589390828896],[2.284723066099675,48.83585201862199],[2.2854339040542353,48.835258041943064],[2.2860788359189668,48.83554848877615],[2.286985483062813,48.83582601428119],[2.2877442951031655,48.83594255947681],[2.2882205262895763,48.83594645382265],[2.2876440234368047,48.83449049650228]]],"type":"Polygon"},"properties":{"id_bv":"15-72","arrondissement":"15","num_bv":72,"geo_point_2d":{"lon":2.284650773109948,"lat":48.834159932773005},"created_user":null,"created_date":null,"last_edited_user":null,"last_edited_date":null,"st_area_shape":139071.30403610872,"st_perimeter_shape":2213.4681686984177}},{"type":"Feature","geometry":{"coordinates":[[[2.295131562162758,48.85115698690251],[2.2947155437069515,48.851046534650344],[2.2937276945097436,48.85034624384589],[2.2925092273499965,48.850748186339885],[2.291907684697447,48.85096954379594],[2.2921239665511677,48.85109505779344],[2.2915872553970646,48.85164026590806],[2.2923971024403356,48.85207112846464],[2.292905390350067,48.85258279002674],[2.2940604489568,48.85184622068284],[2.294046390929047,48.85165966427738],[2.295131562162758,48.85115698690251]]],"type":"Polygon"},"properties":{"id_bv":"15-17","arrondissement":"15","num_bv":17,"geo_point_2d":{"lon":2.293218496225767,"lat":48.85137899382618},"created_user":null,"created_date":null,"last_edited_user":null,"last_edited_date":null,"st_area_shape":31876.6215560395,"st_perimeter_shape":763.5128832953632}},{"type":"Feature","geometry":{"coordinates":[[[2.3964313666891774,48.86754522266943],[2.3961847121843283,48.86748610615657],[2.3956382404713157,48.86709192169456],[2.3943485799339097,48.86589654435496],[2.3935780437434944,48.866412693015214],[2.3940800823978914,48.86788747491472],[2.394612749598006,48.868537944534296],[2.3944801018049393,48.86861153364496],[2.3932693349045757,48.86957197669157],[2.3942523513668807,48.869944519904394],[2.3945158351377223,48.869961443049014],[2.3964313666891774,48.86754522266943]]],"type":"Polygon"},"properties":{"id_bv":"20-66","arrondissement":"20","num_bv":66,"geo_point_2d":{"lon":2.3947435498398995,"lat":48.86790854878977},"created_user":null,"created_date":null,"last_edited_user":null,"last_edited_date":null,"st_area_shape":47689.74742651006,"st_perimeter_shape":1130.044283585578}},{"type":"Feature","geometry":{"coordinates":[[[2.3733989284792556,48.89373514019381],[2.373441928265399,48.893688097877934],[2.372887181341928,48.89246731667018],[2.372924388461035,48.892144509887636],[2.372663613678185,48.89188321793238],[2.372527922075432,48.89154658733021],[2.3723439350934425,48.89129184011954],[2.3721739559070745,48.88973053145932],[2.3721956687184758,48.88971505015252],[2.3714265889775255,48.88908501577367],[2.371375737918855,48.88909912269978],[2.3712837993968074,48.88922805345878],[2.371129109685024,48.889473195115556],[2.3723722881377722,48.89224990641618],[2.3702552598248774,48.894089260823165],[2.37026709889809,48.8941084030315],[2.370702993490755,48.894260651363716],[2.370737698840192,48.894444096895064],[2.3733989284792556,48.89373514019381]]],"type":"Polygon"},"properties":{"id_bv":"19-51","arrondissement":"19","num_bv":51,"geo_point_2d":{"lon":2.371995808800173,"lat":48.89242150010382},"created_user":null,"created_date":null,"last_edited_user":null,"last_edited_date":null,"st_area_shape":43858.06265620925,"st_perimeter_shape":1452.6451407915174}},{"type":"Feature","geometry":{"coordinates":[[[2.3337760145752733,48.82968019354387],[2.3336566174419615,48.82951801776731],[2.3327908281122025,48.82824307764747],[2.332438443670765,48.82754342910968],[2.332095364508114,48.827596102104195],[2.3320568968485538,48.8275784384588],[2.3320367047506143,48.82760368000216],[2.331885653761248,48.827676965537535],[2.3303523861039763,48.82771821450546],[2.3299762288670154,48.82766497539382],[2.3292954462535005,48.827714111019766],[2.3288511145430633,48.82769853233507],[2.3270869733334463,48.827457862256544],[2.3272702353725476,48.82784532674766],[2.3280050047626406,48.82879085462116],[2.3300631547398436,48.82889864909571],[2.332826686984227,48.82896396892592],[2.3328189263329153,48.829665955271786],[2.333758402077174,48.82968543411855],[2.3337760145752733,48.82968019354387]]],"type":"Polygon"},"properties":{"id_bv":"14-6","arrondissement":"14","num_bv":6,"geo_point_2d":{"lon":2.330448582784137,"lat":48.82834656733057},"created_user":null,"created_date":null,"last_edited_user":null,"last_edited_date":null,"st_area_shape":57565.200645728386,"st_perimeter_shape":1326.0782715386001}},{"type":"Feature","geometry":{"coordinates":[[[2.3416945499522406,48.82632438507536],[2.3416950201649507,48.82621573217899],[2.341696930010309,48.82603308737717],[2.34144474962552,48.82366624459361],[2.3417687973694425,48.82259178672367],[2.341923020823206,48.822302314007324],[2.3424481838135285,48.82153011367998],[2.342640017443227,48.82121181281308],[2.3426269037948737,48.82117974705666],[2.3428149763890693,48.82059277107119],[2.3428273504055697,48.820460044562004],[2.3415309217768905,48.82046057790944],[2.341343952946616,48.821116592770835],[2.341209662432508,48.82110836204865],[2.339871735900458,48.82464448554732],[2.3416209003168893,48.82633150561413],[2.3416945499522406,48.82632438507536]]],"type":"Polygon"},"properties":{"id_bv":"14-40","arrondissement":"14","num_bv":40,"geo_point_2d":{"lon":2.341268972948216,"lat":48.82314728890789},"created_user":null,"created_date":null,"last_edited_user":null,"last_edited_date":null,"st_area_shape":56601.2519310405,"st_perimeter_shape":1486.9410558750744}},{"type":"Feature","geometry":{"coordinates":[[[2.415952392065,48.8466100508783],[2.4156574567204783,48.8451329602244],[2.413603612443888,48.83828504270297],[2.4135749828944304,48.83819414428268],[2.4135482014366527,48.8381969242143],[2.412754592198923,48.83828984242311],[2.4104721366719946,48.837877513843324],[2.4083571822704974,48.838179433312554],[2.408592871584455,48.83899627488219],[2.4089907821057075,48.84032770749968],[2.409158235578302,48.840860059471886],[2.4102219843210593,48.84105292664492],[2.410718049477927,48.84140710139142],[2.410817254790107,48.84167674543598],[2.4107150446023318,48.841991494803175],[2.4107988693539837,48.842257630103326],[2.41081889225071,48.8422725537295],[2.411280602186437,48.84218864857865],[2.411313810436487,48.84219622450546],[2.411705758569759,48.84416714484526],[2.4124051735448577,48.845217358153526],[2.41237991529721,48.845235057510706],[2.410755787984119,48.84545955961096],[2.4107343331834823,48.84548994296883],[2.4111792185806906,48.8469794477727],[2.4111271383636064,48.84702384974728],[2.415952392065,48.8466100508783]]],"type":"Polygon"},"properties":{"id_bv":"12-45","arrondissement":"12","num_bv":45,"geo_point_2d":{"lon":2.4124869975263468,"lat":48.842256521648196},"created_user":null,"created_date":null,"last_edited_user":null,"last_edited_date":null,"st_area_shape":312099.63983371924,"st_perimeter_shape":2930.0587220736606}},{"type":"Feature","geometry":{"coordinates":[[[2.332438443670765,48.82754342910968],[2.3321170890311773,48.82686228344545],[2.331699103043315,48.82592983109288],[2.3309594920261514,48.82395714812],[2.3283695546809287,48.824461504502665],[2.3283522031944632,48.82449024564654],[2.3298685180101715,48.82554473798475],[2.329137826987423,48.82605672055325],[2.328920508757165,48.82613113803813],[2.3320568968485538,48.8275784384588],[2.332095364508114,48.827596102104195],[2.332438443670765,48.82754342910968]]],"type":"Polygon"},"properties":{"id_bv":"14-13","arrondissement":"14","num_bv":13,"geo_point_2d":{"lon":2.330551794980765,"lat":48.82565490967277},"created_user":null,"created_date":null,"last_edited_user":null,"last_edited_date":null,"st_area_shape":55588.60858648864,"st_perimeter_shape":1183.209764712099}},{"type":"Feature","geometry":{"coordinates":[[[2.325065247110422,48.89428360482984],[2.325281782261831,48.893568962796415],[2.3253062702087997,48.89355156305834],[2.3275288418224984,48.8933045559699],[2.3274295224667414,48.893050246808635],[2.3273597611710897,48.89283655153156],[2.324333978536406,48.89221532488297],[2.324136122569942,48.892289689559554],[2.3223191274830968,48.8919564881675],[2.322290036995828,48.89196691488552],[2.323575853307099,48.89345653171913],[2.323572963600429,48.89347298291526],[2.3234988514431305,48.89348782398604],[2.323447432412156,48.89347113252638],[2.3234358127944352,48.89349237635715],[2.3228550674264596,48.89361163842635],[2.324353253934578,48.89442550322038],[2.324384120905396,48.894430865562725],[2.325065247110422,48.89428360482984]]],"type":"Polygon"},"properties":{"id_bv":"17-31","arrondissement":"17","num_bv":31,"geo_point_2d":{"lon":2.324718272280926,"lat":48.893112767588484},"created_user":null,"created_date":null,"last_edited_user":null,"last_edited_date":null,"st_area_shape":49686.16231624612,"st_perimeter_shape":1138.8768284776613}},{"type":"Feature","geometry":{"coordinates":[[[2.3831338698679057,48.867085006336126],[2.3834507362609614,48.86644440500777],[2.384957355647203,48.865132485725965],[2.387265149018252,48.863118011434814],[2.387446609943054,48.8629006428842],[2.386748660497578,48.86270960942599],[2.386626633018161,48.862974261465695],[2.3810962006933662,48.864041827207046],[2.381114115600852,48.86409488932221],[2.3827602377607406,48.86467937219954],[2.3812236577423933,48.86681051506058],[2.3828669861887226,48.86728915664469],[2.3828757470440953,48.86734235908709],[2.3830864124645865,48.86718989455473],[2.3831338698679057,48.867085006336126]]],"type":"Polygon"},"properties":{"id_bv":"11-33","arrondissement":"11","num_bv":33,"geo_point_2d":{"lon":2.3838349560859964,"lat":48.86482946177833},"created_user":null,"created_date":null,"last_edited_user":null,"last_edited_date":null,"st_area_shape":91453.32026175072,"st_perimeter_shape":1653.7202267760708}},{"type":"Feature","geometry":{"coordinates":[[[2.3524413389902454,48.885115853305365],[2.3539821070358524,48.885125465327164],[2.3551539761364095,48.88513848521907],[2.355185614114114,48.88512808041709],[2.3552880495145936,48.884882234224904],[2.354104535810099,48.884575268558685],[2.3540769806630153,48.88455412868518],[2.3541301901641414,48.88412802254909],[2.3540659285680094,48.88407510472109],[2.3495074896345804,48.88372609100001],[2.3494734802956128,48.8838132104097],[2.3495216009610584,48.8853251587886],[2.3524413389902454,48.885115853305365]]],"type":"Polygon"},"properties":{"id_bv":"18-56","arrondissement":"18","num_bv":56,"geo_point_2d":{"lon":2.3518451161439784,"lat":48.88456704091325},"created_user":null,"created_date":null,"last_edited_user":null,"last_edited_date":null,"st_area_shape":52005.67588873475,"st_perimeter_shape":1111.413394401004}},{"type":"Feature","geometry":{"coordinates":[[[2.390036000125478,48.87333593570808],[2.3895105078860785,48.872894845703975],[2.389455261616862,48.872873022168655],[2.3893880522756468,48.87287803847852],[2.3859841821846195,48.8731467615358],[2.3852745627183887,48.87390355341744],[2.3854975294074996,48.87400943916942],[2.3864081360389093,48.87446418188349],[2.3868787867551897,48.87463325342404],[2.3874578251415652,48.87467205534088],[2.3882158525392283,48.87471483427795],[2.3885829514653443,48.87479619292098],[2.388899529436381,48.874935053085956],[2.3893763947787776,48.87431085907572],[2.3891888574332762,48.87399211018454],[2.3891951956115176,48.8739750354007],[2.390036000125478,48.87333593570808]]],"type":"Polygon"},"properties":{"id_bv":"20-12","arrondissement":"20","num_bv":12,"geo_point_2d":{"lon":2.3877452618671478,"lat":48.87379707372793},"created_user":null,"created_date":null,"last_edited_user":null,"last_edited_date":null,"st_area_shape":50558.08403336826,"st_perimeter_shape":932.2842836623953}},{"type":"Feature","geometry":{"coordinates":[[[2.340202513603841,48.889743561130786],[2.3401923415223145,48.889699825749005],[2.339757718670115,48.88824304999681],[2.3396917796666457,48.88703339095155],[2.3393923623869353,48.88703270974042],[2.3374745334213394,48.88763107219514],[2.3361253991525266,48.887431674079444],[2.3343203892387936,48.88792309697115],[2.3342999691265964,48.88795344096258],[2.3352075726749577,48.88903418267865],[2.3357309731343423,48.88905728900934],[2.335752450593023,48.88907402590687],[2.3357759669869766,48.889669561450404],[2.335761830327073,48.889697640021815],[2.3388692383784018,48.88991546334485],[2.3390089353596393,48.88991656192657],[2.340202513603841,48.889743561130786]]],"type":"Polygon"},"properties":{"id_bv":"18-25","arrondissement":"18","num_bv":25,"geo_point_2d":{"lon":2.337588985191152,"lat":48.88858125276326},"created_user":null,"created_date":null,"last_edited_user":null,"last_edited_date":null,"st_area_shape":93472.43490716426,"st_perimeter_shape":1307.2375927564055}},{"type":"Feature","geometry":{"coordinates":[[[2.3444035659243316,48.82405487750294],[2.344233256055704,48.82401940756644],[2.3437694740343105,48.823414716942075],[2.3439812427352886,48.82268095945955],[2.342544947902513,48.82151231727122],[2.3424481838135285,48.82153011367998],[2.341923020823206,48.822302314007324],[2.3417687973694425,48.82259178672367],[2.34144474962552,48.82366624459361],[2.341696930010309,48.82603308737717],[2.3416950201649507,48.82621573217899],[2.3417539238727425,48.82623757310038],[2.3430751419827685,48.82518179439263],[2.3444035659243316,48.82405487750294]]],"type":"Polygon"},"properties":{"id_bv":"13-51","arrondissement":"13","num_bv":51,"geo_point_2d":{"lon":2.3426606271335677,"lat":48.82377620144618},"created_user":null,"created_date":null,"last_edited_user":null,"last_edited_date":null,"st_area_shape":64775.86643772111,"st_perimeter_shape":1196.4848013464966}},{"type":"Feature","geometry":{"coordinates":[[[2.330759490816565,48.84404066950782],[2.3305867706797194,48.843955189076134],[2.3294837156849684,48.8421254903455],[2.329336025710529,48.84209296791867],[2.3266426834954945,48.84297966083631],[2.3265974941154575,48.84306567082164],[2.32856837601688,48.84554058172787],[2.3287718647604763,48.845648537263294],[2.330759490816565,48.84404066950782]]],"type":"Polygon"},"properties":{"id_bv":"6-20","arrondissement":"6","num_bv":20,"geo_point_2d":{"lon":2.328757202143531,"lat":48.84372929800112},"created_user":null,"created_date":null,"last_edited_user":null,"last_edited_date":null,"st_area_shape":64675.50710778382,"st_perimeter_shape":1038.054603722348}},{"type":"Feature","geometry":{"coordinates":[[[2.3401815439282165,48.901227454743996],[2.3402483259966838,48.89924660820277],[2.3391519550219595,48.89785227259786],[2.3374097152941635,48.897809782334114],[2.3363555316206397,48.899000276411954],[2.3351217786905734,48.90110631748516],[2.335140621088734,48.901137817221304],[2.3401815439282165,48.901227454743996]]],"type":"Polygon"},"properties":{"id_bv":"18-49","arrondissement":"18","num_bv":49,"geo_point_2d":{"lon":2.338031192625552,"lat":48.8997364409401},"created_user":null,"created_date":null,"last_edited_user":null,"last_edited_date":null,"st_area_shape":105845.82782987508,"st_perimeter_shape":1300.5867471049198}},{"type":"Feature","geometry":{"coordinates":[[[2.3210666241127744,48.823997764563146],[2.3211656568383026,48.82400217972561],[2.321284878727237,48.823948916109885],[2.323115783856024,48.82355077085819],[2.3231322980956866,48.82354968434716],[2.323257530181433,48.823750390161976],[2.3233564364246737,48.82373178225678],[2.3255467838133432,48.82327809440855],[2.325537219169838,48.82320072251353],[2.326577968293797,48.82299569316374],[2.3266374189618726,48.822616473055234],[2.3248780445829538,48.822989651487056],[2.324858945945105,48.82298185845038],[2.3248227380069637,48.82293760774011],[2.3246691200949567,48.82225449940613],[2.3243137287111697,48.82233072897368],[2.3243042836562844,48.822320481115334],[2.32374972846922,48.82019055346359],[2.3237406096422886,48.82017304306525],[2.3143074615717407,48.82227868287458],[2.3143063840753695,48.822336275844215],[2.317392296093411,48.82369820453438],[2.3174145519821328,48.823708537750214],[2.3174154384747787,48.82377493151565],[2.3174445959982757,48.82376810166053],[2.3175687838606978,48.823793462468046],[2.3177478689594673,48.82387962152217],[2.317787843276222,48.8238381938568],[2.3179572944717495,48.82379600185573],[2.3193137773015926,48.823588203272195],[2.3198610616629423,48.823438316391574],[2.3198790337655355,48.82343907785535],[2.3202389600868147,48.82417417087316],[2.3210666241127744,48.823997764563146]]],"type":"Polygon"},"properties":{"id_bv":"14-45","arrondissement":"14","num_bv":45,"geo_point_2d":{"lon":2.320604630445747,"lat":48.822370154589784},"created_user":null,"created_date":null,"last_edited_user":null,"last_edited_date":null,"st_area_shape":198151.37177544436,"st_perimeter_shape":2345.516348473712}},{"type":"Feature","geometry":{"coordinates":[[[2.2700673148081085,48.846878656186654],[2.2700958180734614,48.84687963681947],[2.2700935540993865,48.846867806221574],[2.270821167161185,48.846565133527434],[2.2731858183754805,48.847290455813905],[2.2731837897153553,48.847301467924474],[2.275362438498718,48.84659421449955],[2.2730362581013703,48.84421704685976],[2.2715723352247967,48.8447354645961],[2.271539749409803,48.844725214835414],[2.2697705454968884,48.8430219473377],[2.2697394435330347,48.84301899551646],[2.26934879332283,48.84311085520946],[2.2687180030664216,48.84277674035213],[2.267485137917475,48.84405540311979],[2.2659591133156565,48.84431754660673],[2.268950737062068,48.847331685832046],[2.2689787715070806,48.84733122937423],[2.2700673148081085,48.846878656186654]]],"type":"Polygon"},"properties":{"id_bv":"16-32","arrondissement":"16","num_bv":32,"geo_point_2d":{"lon":2.2705055614044936,"lat":48.84535478390684},"created_user":null,"created_date":null,"last_edited_user":null,"last_edited_date":null,"st_area_shape":179963.3241912542,"st_perimeter_shape":1979.6752085503272}},{"type":"Feature","geometry":{"coordinates":[[[2.3017717047492074,48.84798093648045],[2.302400751022762,48.84771441841407],[2.3019898147502524,48.847444402562395],[2.3016601540341273,48.84742360203353],[2.3016586451228043,48.84741427671947],[2.301909565364384,48.845733877060255],[2.300821581148985,48.84472306736039],[2.2993483117343203,48.84517347073491],[2.2985882194312994,48.84490755043633],[2.2978961022937434,48.845403377785495],[2.3014489943304266,48.84783278027385],[2.3017077314089933,48.84800784169213],[2.3017717047492074,48.84798093648045]]],"type":"Polygon"},"properties":{"id_bv":"15-26","arrondissement":"15","num_bv":26,"geo_point_2d":{"lon":2.300402562942165,"lat":48.84609630175265},"created_user":null,"created_date":null,"last_edited_user":null,"last_edited_date":null,"st_area_shape":54720.335314483666,"st_perimeter_shape":1113.8462677819025}},{"type":"Feature","geometry":{"coordinates":[[[2.378685359770885,48.85569738512961],[2.3793834587560827,48.854874518036716],[2.379877281996997,48.85425586016291],[2.3784396788618527,48.85384788061065],[2.3787262017589534,48.85329932095143],[2.378091429701103,48.853232874508706],[2.377245084578851,48.85326376943696],[2.3770962091562455,48.8532824735586],[2.377010827408782,48.853283707231625],[2.377115184582968,48.85344009645504],[2.375603681164577,48.85576548208647],[2.376304899469998,48.855985652955304],[2.3768160036154486,48.85639907562098],[2.3778517074326277,48.856773352675845],[2.3785652994394004,48.85591068272211],[2.378685359770885,48.85569738512961]]],"type":"Polygon"},"properties":{"id_bv":"11-10","arrondissement":"11","num_bv":10,"geo_point_2d":{"lon":2.377679564954236,"lat":48.85493612250441},"created_user":null,"created_date":null,"last_edited_user":null,"last_edited_date":null,"st_area_shape":67523.52280028135,"st_perimeter_shape":1126.594631535091}},{"type":"Feature","geometry":{"coordinates":[[[2.2955908372168983,48.842812420317436],[2.297190368280438,48.84097809776924],[2.2955770528338393,48.840425224610165],[2.294082267615943,48.839916654513566],[2.291976063909883,48.841257294448546],[2.294857051154707,48.84268032139515],[2.295048637376048,48.84288321203935],[2.2950741336220184,48.842913562153825],[2.295119722729342,48.84286763295831],[2.295574173526162,48.84283152639622],[2.2955908372168983,48.842812420317436]]],"type":"Polygon"},"properties":{"id_bv":"15-65","arrondissement":"15","num_bv":65,"geo_point_2d":{"lon":2.294692529217612,"lat":48.84133548259989},"created_user":null,"created_date":null,"last_edited_user":null,"last_edited_date":null,"st_area_shape":66598.45809849183,"st_perimeter_shape":1043.6295218137373}},{"type":"Feature","geometry":{"coordinates":[[[2.3419372851628695,48.885619264516556],[2.3414274843284866,48.884225458331564],[2.341366969466337,48.8842133757078],[2.3413339692276294,48.88422338447164],[2.3410353126985344,48.884752678256646],[2.340600547244053,48.884905945922206],[2.340567068453418,48.88490093213867],[2.3405230023356354,48.884695618062665],[2.3402833300585595,48.884602462664134],[2.339814104214513,48.884199586418404],[2.3397855838240034,48.88417502673527],[2.3396836378357513,48.884187435568016],[2.339644816835056,48.88417241758917],[2.339580275680717,48.88365216244637],[2.3395494922968902,48.88363554029008],[2.3390241884327714,48.883850584207366],[2.3390659184034126,48.88391002557925],[2.3390565797945655,48.88394164034136],[2.338564036423283,48.88415627399273],[2.3381366773446683,48.88445341614255],[2.3378160285913543,48.88471089114786],[2.3375161838577667,48.88503405497114],[2.337942955420296,48.885645712874656],[2.3378786677509695,48.88590668253295],[2.3380037618550777,48.88623552842335],[2.338206416614047,48.88632066307003],[2.338267418941251,48.886331223792546],[2.33875973794808,48.88629556036201],[2.3388460980643297,48.886403039334624],[2.3419372851628695,48.885619264516556]]],"type":"Polygon"},"properties":{"id_bv":"18-23","arrondissement":"18","num_bv":23,"geo_point_2d":{"lon":2.339556084083454,"lat":48.88519490748542},"created_user":null,"created_date":null,"last_edited_user":null,"last_edited_date":null,"st_area_shape":56972.54888160373,"st_perimeter_shape":1124.5982157708522}},{"type":"Feature","geometry":{"coordinates":[[[2.3933914081639127,48.84106743096837],[2.3937275295082343,48.84130543814853],[2.3940552761978067,48.84102809214281],[2.394683177631227,48.840489027950255],[2.394714348259523,48.840485572045516],[2.3949982119353574,48.84060228174126],[2.3953562993080753,48.84026390560611],[2.395098827656125,48.840165205870825],[2.3950866166268834,48.84013976056927],[2.3957559813091436,48.83957920031195],[2.394272689456125,48.83932705790896],[2.3931432821461494,48.838541231690336],[2.3919398507262786,48.83919017504769],[2.3903404602695804,48.839073209670765],[2.3901200638772715,48.839335159399795],[2.3922018873616704,48.840192110846694],[2.392323476103674,48.84036124988413],[2.3923056314080386,48.840378546572396],[2.391769262584658,48.840491418098146],[2.391937486973181,48.84129865231805],[2.3919679098124145,48.84130469416525],[2.3933914081639127,48.84106743096837]]],"type":"Polygon"},"properties":{"id_bv":"12-2","arrondissement":"12","num_bv":2,"geo_point_2d":{"lon":2.3931077683616855,"lat":48.83994056123301},"created_user":null,"created_date":null,"last_edited_user":null,"last_edited_date":null,"st_area_shape":61661.35246506662,"st_perimeter_shape":1271.4352207044594}},{"type":"Feature","geometry":{"coordinates":[[[2.3903404602695804,48.839073209670765],[2.3919398507262786,48.83919017504769],[2.3931432821461494,48.838541231690336],[2.3936204567599986,48.83802232097473],[2.394253157518762,48.83789616867057],[2.3932841204997186,48.83690091409154],[2.3912613172083828,48.83732970781862],[2.3911365461615754,48.83735645479079],[2.389679663789565,48.83857622150991],[2.389286495047993,48.83898899437953],[2.3901200638772715,48.839335159399795],[2.3903404602695804,48.839073209670765]]],"type":"Polygon"},"properties":{"id_bv":"12-20","arrondissement":"12","num_bv":20,"geo_point_2d":{"lon":2.391818450070533,"lat":48.83815432958515},"created_user":null,"created_date":null,"last_edited_user":null,"last_edited_date":null,"st_area_shape":52154.37501182446,"st_perimeter_shape":977.8355767838266}},{"type":"Feature","geometry":{"coordinates":[[[2.3924329875077532,48.86696759058675],[2.392975444658794,48.86670073103918],[2.3929375692842907,48.86680546934336],[2.393290112705211,48.86660473655123],[2.3935780437434944,48.866412693015214],[2.3943485799339097,48.86589654435496],[2.3950395219564573,48.86541554278803],[2.3979883402960054,48.865503171066344],[2.398019184748771,48.86550409064959],[2.3981924742629355,48.86528277391531],[2.398463205698416,48.864933821286996],[2.3984417144047274,48.86490194677089],[2.396032013991073,48.86500131805792],[2.395509525358773,48.865006654669955],[2.3943985705366093,48.86506360633364],[2.3940600962403122,48.86504691913294],[2.3913257158543506,48.865126794886585],[2.3912286314912135,48.865777424486836],[2.391450485135919,48.8661017323752],[2.3908345680333403,48.86632993539627],[2.390107779689952,48.86621982774531],[2.3893345853175743,48.86718593897823],[2.3907271946901214,48.86732084486065],[2.390530387410095,48.86777675282939],[2.390845597915169,48.86774897880668],[2.3924329875077532,48.86696759058675]]],"type":"Polygon"},"properties":{"id_bv":"20-64","arrondissement":"20","num_bv":64,"geo_point_2d":{"lon":2.39299671729403,"lat":48.86601263214112},"created_user":null,"created_date":null,"last_edited_user":null,"last_edited_date":null,"st_area_shape":73571.377038356,"st_perimeter_shape":1761.7995942328664}},{"type":"Feature","geometry":{"coordinates":[[[2.3539287299701264,48.89004713330626],[2.3544755630401166,48.89028827465464],[2.3570506668590316,48.890171802803486],[2.3562941469768335,48.888603091605326],[2.3562676606708557,48.88861935289708],[2.3536734978285425,48.8883752436431],[2.3537054251773464,48.88860980166923],[2.3536069348211632,48.88970016685181],[2.3536005487502796,48.889716268050485],[2.3534191438040297,48.88981374303477],[2.353337487541704,48.89027814367308],[2.353394114694995,48.89029053008451],[2.3539287299701264,48.89004713330626]]],"type":"Polygon"},"properties":{"id_bv":"18-54","arrondissement":"18","num_bv":54,"geo_point_2d":{"lon":2.355105597468951,"lat":48.88941108544448},"created_user":null,"created_date":null,"last_edited_user":null,"last_edited_date":null,"st_area_shape":42927.96039095857,"st_perimeter_shape":886.0143939041984}},{"type":"Feature","geometry":{"coordinates":[[[2.2865428437594444,48.886943624217096],[2.28954963602421,48.88573633429081],[2.291029215613782,48.885329976640605],[2.2910920046344843,48.88534155681916],[2.2900350418885265,48.88467371774819],[2.2899675729588744,48.88468179927645],[2.289663851728614,48.8847184397718],[2.289630130034643,48.884707595178504],[2.2879110323464533,48.883586679189364],[2.2871213768278174,48.8836755477646],[2.2865420558864993,48.88408215972661],[2.286497582991137,48.884078266785025],[2.2842960169176645,48.88260459843859],[2.282015230300909,48.88368377908716],[2.2820034375825826,48.88370226436744],[2.2856739826168524,48.88654952358427],[2.2864131889970807,48.88689200329227],[2.286516334051784,48.8869542780317],[2.2865428437594444,48.886943624217096]]],"type":"Polygon"},"properties":{"id_bv":"17-58","arrondissement":"17","num_bv":58,"geo_point_2d":{"lon":2.286281188588003,"lat":48.88480956922267},"created_user":null,"created_date":null,"last_edited_user":null,"last_edited_date":null,"st_area_shape":147391.8198846044,"st_perimeter_shape":1752.0740182955221}},{"type":"Feature","geometry":{"coordinates":[[[2.3903482493865056,48.878342985696],[2.3908521274560495,48.87835465367777],[2.3906053299666654,48.87681129651981],[2.3926118385379436,48.87699021384528],[2.3925590134309513,48.87657759620223],[2.3921334546132154,48.8756848989345],[2.392420952289241,48.87544888983193],[2.3923863982537332,48.87542115261222],[2.392305216455818,48.875426392823414],[2.3922611983611235,48.87539988007709],[2.3922402961427816,48.87543069749687],[2.39179604524873,48.875460008653974],[2.3904359447542456,48.87544087406447],[2.3898027758529117,48.875335306881894],[2.3896377081052096,48.87526471131612],[2.3895361645717914,48.875495776142905],[2.389349490293571,48.876291210497044],[2.389506935450947,48.87689510526255],[2.389236903700294,48.876930137297435],[2.389236547891939,48.876940480489786],[2.389457227835974,48.878013891811314],[2.389819109655628,48.87901030315169],[2.389918948784513,48.87900820662263],[2.3903482493865056,48.878342985696]]],"type":"Polygon"},"properties":{"id_bv":"19-32","arrondissement":"19","num_bv":32,"geo_point_2d":{"lon":2.3906183176951306,"lat":48.87671277551308},"created_user":null,"created_date":null,"last_edited_user":null,"last_edited_date":null,"st_area_shape":53772.94293052674,"st_perimeter_shape":1282.6154908515505}},{"type":"Feature","geometry":{"coordinates":[[[2.30088438889854,48.85118386386602],[2.3009843968965464,48.85124224198468],[2.3010331018302597,48.85121156873419],[2.3012046805003346,48.851099805526125],[2.3012004474349648,48.851029702625304],[2.300963810810108,48.85086207259557],[2.301151861803157,48.849797461384895],[2.3006703363436953,48.84946515582711],[2.299725250048116,48.850044697024714],[2.2983974370294544,48.84916252051403],[2.298173188690066,48.849271333111965],[2.299217221487403,48.8500120462656],[2.2984991970281676,48.850591926149825],[2.2965904442791203,48.850282937514734],[2.295793960190527,48.850663499216935],[2.2966552046942623,48.85128875917687],[2.2975478450666547,48.85157986405225],[2.297479497379503,48.851637391479954],[2.2992601825169894,48.85216536038972],[2.299319221088512,48.85218281376109],[2.30088438889854,48.85118386386602]]],"type":"Polygon"},"properties":{"id_bv":"15-21","arrondissement":"15","num_bv":21,"geo_point_2d":{"lon":2.298933552217487,"lat":48.850849535625805},"created_user":null,"created_date":null,"last_edited_user":null,"last_edited_date":null,"st_area_shape":62676.13150875269,"st_perimeter_shape":1384.4362390348285}},{"type":"Feature","geometry":{"coordinates":[[[2.283607357952088,48.85753835239099],[2.2836155038991706,48.857501414195326],[2.2832455587205684,48.85722793832395],[2.282073615131716,48.85654008730765],[2.2819456877513806,48.85647722173471],[2.2810696108033572,48.85565592747815],[2.2809941351424303,48.85564121374862],[2.2808942988520657,48.85563103563794],[2.280863514526933,48.85564042610661],[2.2798555531947806,48.856293803691955],[2.2796139086460907,48.85645333255008],[2.279424945245667,48.85661112671642],[2.27803201060704,48.85747517189307],[2.2777954755756245,48.857670987206326],[2.2778083577880444,48.85770328174274],[2.279427575245234,48.85754276948052],[2.2796625492902187,48.8576869032253],[2.28128051090498,48.85798441269065],[2.283607357952088,48.85753835239099]]],"type":"Polygon"},"properties":{"id_bv":"16-6","arrondissement":"16","num_bv":6,"geo_point_2d":{"lon":2.2808527762638766,"lat":48.85703862443108},"created_user":null,"created_date":null,"last_edited_user":null,"last_edited_date":null,"st_area_shape":53334.148823578085,"st_perimeter_shape":1066.7006489004316}},{"type":"Feature","geometry":{"coordinates":[[[2.293784802822916,48.83841124132751],[2.29274480381723,48.8379198397258],[2.292868884905132,48.83782976461515],[2.291951164830631,48.8373926820605],[2.2913354956185064,48.837851729034654],[2.2902997358985973,48.83862406127454],[2.2894872401989295,48.83828224326095],[2.28936298737815,48.83857447197884],[2.2903311076494774,48.839978308291506],[2.29048737594842,48.840174398681015],[2.290939093215183,48.84070581324841],[2.2910390631084074,48.84077412023785],[2.292027612309498,48.83921387953678],[2.293784802822916,48.83841124132751]]],"type":"Polygon"},"properties":{"id_bv":"15-67","arrondissement":"15","num_bv":67,"geo_point_2d":{"lon":2.2913928121206375,"lat":48.8388764626594},"created_user":null,"created_date":null,"last_edited_user":null,"last_edited_date":null,"st_area_shape":49533.4374255334,"st_perimeter_shape":1097.1679602389975}},{"type":"Feature","geometry":{"coordinates":[[[2.3516779370124445,48.89149638374514],[2.35170888533283,48.89143866189145],[2.3516071149316073,48.891061513076956],[2.3514490244829385,48.89043951584872],[2.351632618265222,48.889159014506106],[2.351569758453886,48.888373175759796],[2.351543587645907,48.88831778038001],[2.3510581961722057,48.88728217691533],[2.3509690096099836,48.88712897620254],[2.3500718203911686,48.88747777237377],[2.3495790518930355,48.88748925470323],[2.3495571504777653,48.887512161180155],[2.3495336398068556,48.88935198416709],[2.3494994566366225,48.88937358281211],[2.34954902918832,48.88938896256246],[2.349533755927346,48.8894291513543],[2.3495155919486352,48.891456239245045],[2.3495986574700902,48.89186321584586],[2.3516779370124445,48.89149638374514]]],"type":"Polygon"},"properties":{"id_bv":"18-17","arrondissement":"18","num_bv":17,"geo_point_2d":{"lon":2.3505249972984568,"lat":48.88958248982332},"created_user":null,"created_date":null,"last_edited_user":null,"last_edited_date":null,"st_area_shape":69914.74275014001,"st_perimeter_shape":1256.4272769939384}},{"type":"Feature","geometry":{"coordinates":[[[2.376644961171444,48.83632174490653],[2.3709353286733883,48.83302003209605],[2.368946396400891,48.83522377840069],[2.3689321345437153,48.83523957967898],[2.369042130686645,48.83528293475598],[2.3691492416407787,48.8353251530018],[2.3691398313689773,48.835343306553106],[2.3737746914930375,48.837564275086706],[2.3747726574957935,48.838060228272795],[2.374869749315508,48.83805522801627],[2.3766036682203295,48.83647462325216],[2.376717056856612,48.836363987857645],[2.376644961171444,48.83632174490653]]],"type":"Polygon"},"properties":{"id_bv":"13-70","arrondissement":"13","num_bv":70,"geo_point_2d":{"lon":2.37277179668924,"lat":48.8356209016023},"created_user":null,"created_date":null,"last_edited_user":null,"last_edited_date":null,"st_area_shape":142940.36540380988,"st_perimeter_shape":1623.2994939592882}},{"type":"Feature","geometry":{"coordinates":[[[2.3561676688302597,48.830928204860385],[2.3579557905695454,48.828707892257476],[2.359414078749172,48.826841780686024],[2.359916608361659,48.826202477995686],[2.35988147676225,48.826153504257874],[2.3573163739328526,48.82616870738905],[2.3569094344355923,48.82746339113197],[2.356178313559374,48.82985694561443],[2.355813776780446,48.830654824832905],[2.3555069886913613,48.831360408982825],[2.355552115748072,48.83140422848258],[2.355643183016307,48.83139678399397],[2.3561676688302597,48.830928204860385]]],"type":"Polygon"},"properties":{"id_bv":"13-36","arrondissement":"13","num_bv":36,"geo_point_2d":{"lon":2.357607725472463,"lat":48.828022711707376},"created_user":null,"created_date":null,"last_edited_user":null,"last_edited_date":null,"st_area_shape":59883.57908673688,"st_perimeter_shape":1457.7743576920325}},{"type":"Feature","geometry":{"coordinates":[[[2.3645913060038004,48.82028385369122],[2.3617447887620195,48.81947973430527],[2.361434101343183,48.81997528424718],[2.360860666482275,48.820042460297124],[2.359541655440023,48.819939339060795],[2.3593535327569835,48.82060169310507],[2.3604168847946916,48.82236896159459],[2.362497471632192,48.82289437446739],[2.3625016618042634,48.82285267019272],[2.3645913060038004,48.82028385369122]]],"type":"Polygon"},"properties":{"id_bv":"13-39","arrondissement":"13","num_bv":39,"geo_point_2d":{"lon":2.361823130893887,"lat":48.821080031370926},"created_user":null,"created_date":null,"last_edited_user":null,"last_edited_date":null,"st_area_shape":87528.88816762141,"st_perimeter_shape":1206.0591291848586}},{"type":"Feature","geometry":{"coordinates":[[[2.347660031786585,48.82853377281093],[2.348310695227674,48.82818310518583],[2.3485334643453983,48.82819317593154],[2.348597856592334,48.82803769836349],[2.349375150354085,48.82766617990146],[2.3494663226621486,48.82773632795115],[2.3499781761254375,48.82783483426371],[2.3503517206920375,48.82786012362951],[2.3508436630000964,48.82800208014551],[2.351898597307074,48.82810349243599],[2.352425736973225,48.82823063515354],[2.3527420820695877,48.828041065204964],[2.3533365029422626,48.82747360894822],[2.3533553421080438,48.82746600227577],[2.3534107598967062,48.827495933604546],[2.3534363000928615,48.82748455070077],[2.3542802726593655,48.82677875925804],[2.356552858843329,48.82737647419542],[2.356559582577503,48.82725837395218],[2.354370453740575,48.826145206389384],[2.35383998976113,48.826213977529285],[2.3536106335387452,48.82610177759659],[2.351009739022098,48.82606385323171],[2.350721630999723,48.82601215994619],[2.350345376456929,48.82613806178355],[2.3503479833516314,48.82615218175648],[2.350867515918573,48.82666960766835],[2.3514006943355374,48.82695707818062],[2.3515323624845705,48.82715468788933],[2.350675720200568,48.82684271249986],[2.3490107237192537,48.827577802789754],[2.3487466883749115,48.827334845289755],[2.347001847230488,48.82766715266569],[2.346489238049983,48.82808242611728],[2.346484429440265,48.82880875978419],[2.3465335962668634,48.8289185704026],[2.347660031786585,48.82853377281093]]],"type":"Polygon"},"properties":{"id_bv":"13-58","arrondissement":"13","num_bv":58,"geo_point_2d":{"lon":2.3512983940029275,"lat":48.827247205025074},"created_user":null,"created_date":null,"last_edited_user":null,"last_edited_date":null,"st_area_shape":82649.2720622412,"st_perimeter_shape":2096.3787097703334}},{"type":"Feature","geometry":{"coordinates":[[[2.3390757371269246,48.891225757508344],[2.339328899373022,48.891243527647354],[2.339516157763529,48.891220806815426],[2.339624963543664,48.89117047818431],[2.339650476098795,48.891159246925135],[2.3405948972325277,48.89125882460759],[2.340646909832912,48.89123266729244],[2.340206767553332,48.88976355948476],[2.340202513603841,48.889743561130786],[2.3390089353596393,48.88991656192657],[2.3388692383784018,48.88991546334485],[2.3388573767395324,48.88993806804419],[2.3366246628596508,48.890255452674154],[2.336608363261871,48.890283442004225],[2.337290270210942,48.89142659482185],[2.3390757371269246,48.891225757508344]]],"type":"Polygon"},"properties":{"id_bv":"18-36","arrondissement":"18","num_bv":36,"geo_point_2d":{"lon":2.338726274751372,"lat":48.890622479872135},"created_user":null,"created_date":null,"last_edited_user":null,"last_edited_date":null,"st_area_shape":37812.369641447025,"st_perimeter_shape":831.049524526585}},{"type":"Feature","geometry":{"coordinates":[[[2.3323682291297465,48.8848684299079],[2.3327222123457467,48.88389090473624],[2.332771571817185,48.88387785353793],[2.332743639931231,48.88383424220725],[2.3327720615412812,48.88375033924475],[2.3325804464170643,48.88380235784163],[2.3294788039571537,48.88453949870673],[2.3294271843033605,48.88453437300854],[2.3281423670584553,48.8836972764432],[2.3278021244256895,48.883589193381745],[2.3274459830142877,48.883517760420936],[2.3273335143036964,48.883606952024515],[2.3273789363167277,48.88363235881816],[2.3260458422117445,48.88653128687686],[2.3262402657482117,48.88655724754024],[2.3262686364331957,48.886550195461766],[2.3266237410107156,48.88590467045567],[2.326673225770568,48.88590497842681],[2.3278633815111243,48.886694823021855],[2.327900812196909,48.8866945654851],[2.3283697993960057,48.886315813236],[2.328405334725206,48.88632207404141],[2.330001295215866,48.88748224314184],[2.3323682291297465,48.8848684299079]]],"type":"Polygon"},"properties":{"id_bv":"18-30","arrondissement":"18","num_bv":30,"geo_point_2d":{"lon":2.329356501830183,"lat":48.8853338427731},"created_user":null,"created_date":null,"last_edited_user":null,"last_edited_date":null,"st_area_shape":111403.06987895581,"st_perimeter_shape":1725.9539696783652}},{"type":"Feature","geometry":{"coordinates":[[[2.2802141421662943,48.866663270742855],[2.2799358923499176,48.86626379820626],[2.279159370342405,48.865489661747816],[2.2774231040812483,48.864025226524866],[2.277379995769888,48.864003149751206],[2.2772531408159673,48.864024284769094],[2.2762864841066164,48.86417052730405],[2.2758015692108957,48.86422833806177],[2.2758439843723606,48.86521233126324],[2.2759463681737597,48.86550114343674],[2.275868036392838,48.865717647042345],[2.277041049579363,48.86770691396101],[2.2789210011579897,48.86706608150861],[2.2802141421662943,48.866663270742855]]],"type":"Polygon"},"properties":{"id_bv":"16-60","arrondissement":"16","num_bv":60,"geo_point_2d":{"lon":2.277637813390483,"lat":48.86583926801},"created_user":null,"created_date":null,"last_edited_user":null,"last_edited_date":null,"st_area_shape":78675.67502907917,"st_perimeter_shape":1146.0372680688167}},{"type":"Feature","geometry":{"coordinates":[[[2.358600996591389,48.88409259942576],[2.358616467684591,48.88409255999682],[2.3586236643145027,48.884076121057674],[2.354800075297492,48.880212064103894],[2.3537349989762903,48.88045732732855],[2.353696036584603,48.88045206635008],[2.351961886696819,48.8808527422411],[2.3512051678348063,48.88164504203323],[2.351166930703275,48.881652766911834],[2.349781328038772,48.88153081154877],[2.3495900939022487,48.88348707082598],[2.3495074896345804,48.88372609100001],[2.3540659285680094,48.88407510472109],[2.3541301901641414,48.88412802254909],[2.3542101758603713,48.88408705880719],[2.3585599521470026,48.88438762804774],[2.358600996591389,48.88409259942576]]],"type":"Polygon"},"properties":{"id_bv":"10-28","arrondissement":"10","num_bv":28,"geo_point_2d":{"lon":2.3537890032163045,"lat":48.88258124170273},"created_user":null,"created_date":null,"last_edited_user":null,"last_edited_date":null,"st_area_shape":190627.58658974787,"st_perimeter_shape":1896.5369219614724}},{"type":"Feature","geometry":{"coordinates":[[[2.3805530465129685,48.847824559336125],[2.380506107947397,48.84781554038745],[2.3796875392274317,48.84654506031492],[2.3789595066210123,48.84646494320062],[2.377729039868201,48.84732200476646],[2.3771018506401456,48.84772887350126],[2.3785250054890166,48.8484308891934],[2.3784192778285345,48.84911158525034],[2.379128439456105,48.849987362394174],[2.3806536732082204,48.8480747764725],[2.3806556378331143,48.84805084580008],[2.380530144599112,48.84785302407984],[2.3805530465129685,48.847824559336125]]],"type":"Polygon"},"properties":{"id_bv":"12-58","arrondissement":"12","num_bv":58,"geo_point_2d":{"lon":2.379103278942916,"lat":48.84798482230393},"created_user":null,"created_date":null,"last_edited_user":null,"last_edited_date":null,"st_area_shape":50046.50223729397,"st_perimeter_shape":994.4002786558264}},{"type":"Feature","geometry":{"coordinates":[[[2.349781328038772,48.88153081154877],[2.3498187270559527,48.88120020735304],[2.346609571569939,48.88209798372849],[2.3445119250110493,48.882921080225536],[2.344528897493038,48.88295058844841],[2.3452603646363435,48.88309300138212],[2.346919615032102,48.883410899089014],[2.3495074896345804,48.88372609100001],[2.3495900939022487,48.88348707082598],[2.349781328038772,48.88153081154877]]],"type":"Polygon"},"properties":{"id_bv":"9-27","arrondissement":"9","num_bv":27,"geo_point_2d":{"lon":2.3478631114857165,"lat":48.88261761665381},"created_user":null,"created_date":null,"last_edited_user":null,"last_edited_date":null,"st_area_shape":58415.545456413085,"st_perimeter_shape":1095.9117094126009}},{"type":"Feature","geometry":{"coordinates":[[[2.3304961566718494,48.89245469139411],[2.3305069037064676,48.8924219387435],[2.3309671295604564,48.89102029025733],[2.3309316369167674,48.89100417299414],[2.3308393647902377,48.891009413071956],[2.329938853184462,48.89107013517217],[2.3298626980541735,48.89098482169344],[2.3298281051448075,48.89097840566113],[2.329336685792203,48.89102900410775],[2.3283907055151447,48.890953556553484],[2.3268417667577537,48.89130376360794],[2.3269473099299423,48.89161758284372],[2.3268985041437995,48.891649049289825],[2.3269685541987712,48.89167828527818],[2.3273597611710897,48.89283655153156],[2.3274295224667414,48.893050246808635],[2.3275167326748725,48.893048419034336],[2.3304961566718494,48.89245469139411]]],"type":"Polygon"},"properties":{"id_bv":"18-33","arrondissement":"18","num_bv":33,"geo_point_2d":{"lon":2.32883024159494,"lat":48.891874111249116},"created_user":null,"created_date":null,"last_edited_user":null,"last_edited_date":null,"st_area_shape":50594.26777048946,"st_perimeter_shape":917.2780821062349}},{"type":"Feature","geometry":{"coordinates":[[[2.3934429011351104,48.84559054537249],[2.394777991747937,48.84361389999451],[2.391956791686845,48.84280253678618],[2.3912570155848702,48.84330761919308],[2.3898383423063714,48.84264552551994],[2.3894590476088515,48.841897272260304],[2.3894666179898474,48.84187632703729],[2.390007950171019,48.84174406951347],[2.3900170918016834,48.84172261693284],[2.389805289780359,48.84134796782174],[2.389785451864279,48.841339780482876],[2.3894580707234114,48.84137711349832],[2.389272431742344,48.84101560337866],[2.3882630212865,48.841246679804584],[2.388231078943331,48.84124418351357],[2.3876406363931824,48.84084275389235],[2.3868760817067174,48.841665581927806],[2.38590588028224,48.84265993348978],[2.3899481775051123,48.84448610525994],[2.3902668400968063,48.84421799087813],[2.3903004451880747,48.84421176681656],[2.3933670478406177,48.84567980770693],[2.3934429011351104,48.84559054537249]]],"type":"Polygon"},"properties":{"id_bv":"12-19","arrondissement":"12","num_bv":19,"geo_point_2d":{"lon":2.390283700020149,"lat":48.84326641032436},"created_user":null,"created_date":null,"last_edited_user":null,"last_edited_date":null,"st_area_shape":135254.44862184548,"st_perimeter_shape":1989.3017379085898}},{"type":"Feature","geometry":{"coordinates":[[[2.367181716798842,48.8609627889379],[2.367244316088272,48.8610073300032],[2.3673345942072985,48.86059430403471],[2.36782492383531,48.85854615492974],[2.367723477242569,48.858496511855904],[2.3646029732790375,48.859926667352916],[2.3645739613357892,48.85992466694811],[2.364549888324198,48.85941972096133],[2.3645223053619944,48.85941110533276],[2.3634617439423398,48.85943758803232],[2.3634034058384876,48.85945645450148],[2.3628428331173694,48.85987788770277],[2.363185985563345,48.861230791477624],[2.362381705060034,48.8616027801831],[2.3624108313701013,48.861623572659724],[2.367181716798842,48.8609627889379]]],"type":"Polygon"},"properties":{"id_bv":"3-6","arrondissement":"3","num_bv":6,"geo_point_2d":{"lon":2.3653106784148763,"lat":48.860230930181196},"created_user":null,"created_date":null,"last_edited_user":null,"last_edited_date":null,"st_area_shape":70620.91354619163,"st_perimeter_shape":1362.6876044644446}},{"type":"Feature","geometry":{"coordinates":[[[2.365736610140258,48.83050973165511],[2.365941489837267,48.83066123238743],[2.366400249371031,48.831084256084196],[2.3664221518075523,48.83098763942339],[2.367060838380162,48.83021094111409],[2.367251085730462,48.8299741513602],[2.367214915206532,48.829776563273406],[2.368209280129324,48.829107097331445],[2.3676686008426344,48.82836893113575],[2.367509089544693,48.82832739553363],[2.3674852471346117,48.82833503012271],[2.367465489550698,48.82848763727387],[2.3658229778043505,48.828998353274045],[2.365084721839711,48.828680977116754],[2.364860817504411,48.82858322169612],[2.36448429600429,48.828154293721894],[2.3638889090310333,48.828844899106514],[2.3650000728456813,48.82908787770268],[2.365010717236272,48.82933637225953],[2.364095262425061,48.83095590965156],[2.364055919367916,48.83120869882001],[2.364091599897408,48.831211932005715],[2.3645150260377563,48.83096151160397],[2.364933130788947,48.83076580791452],[2.365736610140258,48.83050973165511]]],"type":"Polygon"},"properties":{"id_bv":"13-12","arrondissement":"13","num_bv":12,"geo_point_2d":{"lon":2.3659876233653474,"lat":48.82962299317073},"created_user":null,"created_date":null,"last_edited_user":null,"last_edited_date":null,"st_area_shape":50515.80203345449,"st_perimeter_shape":1311.180640882138}},{"type":"Feature","geometry":{"coordinates":[[[2.358060450425405,48.828691141145114],[2.3579557905695454,48.828707892257476],[2.3561676688302597,48.830928204860385],[2.356184966547435,48.83098084015716],[2.358323430807299,48.83170310807621],[2.359229942990867,48.83062555445618],[2.360214803163106,48.82972888479304],[2.358060450425405,48.828691141145114]]],"type":"Polygon"},"properties":{"id_bv":"13-8","arrondissement":"13","num_bv":8,"geo_point_2d":{"lon":2.3581435128995984,"lat":48.830228102899994},"created_user":null,"created_date":null,"last_edited_user":null,"last_edited_date":null,"st_area_shape":51258.94939322464,"st_perimeter_shape":925.8279541850599}},{"type":"Feature","geometry":{"coordinates":[[[2.3356016583101233,48.85303167563852],[2.334503379690238,48.85277608277702],[2.334407390189965,48.852797715279166],[2.3336800561464695,48.85264724835374],[2.3330444496446017,48.852636072459916],[2.331948538818647,48.85244890297256],[2.33012356783883,48.85214477371338],[2.3297642341418716,48.85206113757459],[2.32865865875621,48.85188019527634],[2.32856639571838,48.85195978600968],[2.3292937790554418,48.852606851778845],[2.3303311908635833,48.85426994587292],[2.332788831470918,48.85364476421347],[2.3334741558972834,48.85337800543983],[2.335604774386886,48.85309704011903],[2.3356016583101233,48.85303167563852]]],"type":"Polygon"},"properties":{"id_bv":"6-7","arrondissement":"6","num_bv":7,"geo_point_2d":{"lon":2.331542226083833,"lat":48.85304313525727},"created_user":null,"created_date":null,"last_edited_user":null,"last_edited_date":null,"st_area_shape":57465.775003373215,"st_perimeter_shape":1247.2892743477948}},{"type":"Feature","geometry":{"coordinates":[[[2.286126392866244,48.866265760931384],[2.286210737107139,48.86631415975599],[2.286746192621545,48.86424889787077],[2.287036811188407,48.863012058320805],[2.287073196218899,48.862971350045974],[2.287063677875433,48.86294981770775],[2.281746273964997,48.86356721511858],[2.2816386966505813,48.863577859910066],[2.28154571859912,48.863519199109724],[2.2815388056204884,48.86354256775512],[2.281445100242171,48.863596639942145],[2.279420322144441,48.86381988493906],[2.281327004957052,48.86456041759483],[2.2813662447225824,48.864741243025705],[2.2833211132101154,48.86549352325398],[2.284297078718395,48.8668591313606],[2.286126392866244,48.866265760931384]]],"type":"Polygon"},"properties":{"id_bv":"16-51","arrondissement":"16","num_bv":51,"geo_point_2d":{"lon":2.2842064642259716,"lat":48.864602601380895},"created_user":null,"created_date":null,"last_edited_user":null,"last_edited_date":null,"st_area_shape":120684.06729373534,"st_perimeter_shape":1630.0937886814747}},{"type":"Feature","geometry":{"coordinates":[[[2.4022500034623184,48.86724712576934],[2.403304318049386,48.86583247141113],[2.4033523608024328,48.865826578328985],[2.4033358909908507,48.86579004421023],[2.4043399768099434,48.86444975958016],[2.403966222938583,48.863474113534174],[2.40394353609128,48.863462738098335],[2.4034306988519614,48.86367707148188],[2.40271734704207,48.86300186211927],[2.402226424961303,48.86327168663743],[2.400497770026798,48.86392483257667],[2.4003831531035034,48.86385241003445],[2.3998580127094002,48.86405408740434],[2.399881227913972,48.86416059313306],[2.4003979091921583,48.864236337903904],[2.3991523464403084,48.864730441039505],[2.399069100883167,48.86486670212666],[2.4002577912147993,48.864824667824024],[2.3993684795602355,48.865900254023536],[2.400723674394968,48.86747757314843],[2.401062183248003,48.8678582098479],[2.401417229884907,48.86834031312943],[2.4015328493335324,48.868226429947],[2.4022500034623184,48.86724712576934]]],"type":"Polygon"},"properties":{"id_bv":"20-4","arrondissement":"20","num_bv":4,"geo_point_2d":{"lon":2.4017628041437167,"lat":48.86534239969878},"created_user":null,"created_date":null,"last_edited_user":null,"last_edited_date":null,"st_area_shape":118121.8133951511,"st_perimeter_shape":1692.4270569313908}},{"type":"Feature","geometry":{"coordinates":[[[2.3945145055766734,48.85650553315588],[2.3951246532139976,48.855595691942845],[2.3960937275003893,48.854362883438505],[2.3947056564705926,48.8540234208531],[2.394651893115492,48.85411257387951],[2.3929254952697656,48.85372489638464],[2.3922241957346997,48.85551267428845],[2.3915708664348476,48.855805858471676],[2.3902854469132966,48.85801665504525],[2.3898988634173848,48.85814278224396],[2.389939858628397,48.85839771402339],[2.3922641250525882,48.85769326515293],[2.394435038798531,48.856575089465565],[2.3945145055766734,48.85650553315588]]],"type":"Polygon"},"properties":{"id_bv":"11-46","arrondissement":"11","num_bv":46,"geo_point_2d":{"lon":2.3931338251272964,"lat":48.85587880860503},"created_user":null,"created_date":null,"last_edited_user":null,"last_edited_date":null,"st_area_shape":96398.43481621196,"st_perimeter_shape":1504.3493092776366}},{"type":"Feature","geometry":{"coordinates":[[[2.394437128042275,48.85077124465984],[2.3967573153874,48.85114678792716],[2.3968476248834816,48.851018046857845],[2.3964086615101925,48.850917331728404],[2.39616764265651,48.84943382368207],[2.396539418247355,48.84934683523673],[2.396821370980437,48.84925464694818],[2.3970581416685777,48.84913275310949],[2.397320036704364,48.84888058182666],[2.3974788853724958,48.84863483134123],[2.3975127106608847,48.848282884034944],[2.3974468460147076,48.8482489021166],[2.3960135684896193,48.848380729624814],[2.395384061676625,48.848463421260305],[2.3931394194327096,48.84879478715111],[2.3927134967545274,48.85013943451264],[2.392301852560015,48.85023937780036],[2.392248512501719,48.85042647439472],[2.3926987057722306,48.850421678814186],[2.3927659142512456,48.85054227774119],[2.394115240336139,48.850736965010704],[2.3937870010443243,48.85131101982512],[2.3940455317788096,48.85140895305179],[2.394437128042275,48.85077124465984]]],"type":"Polygon"},"properties":{"id_bv":"11-49","arrondissement":"11","num_bv":49,"geo_point_2d":{"lon":2.394927579527498,"lat":48.84965491847998},"created_user":null,"created_date":null,"last_edited_user":null,"last_edited_date":null,"st_area_shape":73368.44866081656,"st_perimeter_shape":1417.7055525208473}},{"type":"Feature","geometry":{"coordinates":[[[2.3231719339760346,48.88354348627419],[2.3256239413167337,48.88410343004808],[2.3268958727614137,48.88341166129734],[2.3233505327089397,48.882691323467604],[2.3203394558606125,48.88207958550161],[2.3203047098044998,48.882119711659996],[2.3192116093207322,48.88338060539504],[2.3191140952040508,48.88336499514224],[2.3191247601090494,48.88342830944774],[2.3191348240368885,48.883488049980954],[2.3204306061717705,48.8836662193637],[2.320663614897227,48.884158656086186],[2.321450536005057,48.88459225700226],[2.3214711303769153,48.884564922527],[2.3231719339760346,48.88354348627419]]],"type":"Polygon"},"properties":{"id_bv":"17-7","arrondissement":"17","num_bv":7,"geo_point_2d":{"lon":2.3224517017588986,"lat":48.88328916303321},"created_user":null,"created_date":null,"last_edited_user":null,"last_edited_date":null,"st_area_shape":71727.44313736813,"st_perimeter_shape":1403.8181853980223}},{"type":"Feature","geometry":{"coordinates":[[[2.344396212330952,48.88138018023705],[2.343757274430163,48.88018235467883],[2.340420974263264,48.88039341746354],[2.339596558387364,48.8820521904331],[2.3398385326256848,48.88202351064787],[2.341921997087892,48.88243510328364],[2.341981420567591,48.88243466096969],[2.343760238453507,48.882791436557234],[2.344396212330952,48.88138018023705]]],"type":"Polygon"},"properties":{"id_bv":"9-24","arrondissement":"9","num_bv":24,"geo_point_2d":{"lon":2.3422048571039342,"lat":48.88139947889978},"created_user":null,"created_date":null,"last_edited_user":null,"last_edited_date":null,"st_area_shape":71678.0587871903,"st_perimeter_shape":1063.0716401406692}},{"type":"Feature","geometry":{"coordinates":[[[2.389272431742344,48.84101560337866],[2.391769262584658,48.840491418098146],[2.3923056314080386,48.840378546572396],[2.392323476103674,48.84036124988413],[2.3922018873616704,48.840192110846694],[2.3901200638772715,48.839335159399795],[2.389286495047993,48.83898899437953],[2.3876406363931824,48.84084275389235],[2.388231078943331,48.84124418351357],[2.3882630212865,48.841246679804584],[2.389272431742344,48.84101560337866]]],"type":"Polygon"},"properties":{"id_bv":"12-1","arrondissement":"12","num_bv":1,"geo_point_2d":{"lon":2.389732082780912,"lat":48.84021535170182},"created_user":null,"created_date":null,"last_edited_user":null,"last_edited_date":null,"st_area_shape":42555.25499413861,"st_perimeter_shape":891.0318233667402}},{"type":"Feature","geometry":{"coordinates":[[[2.3346919535988975,48.87939911670041],[2.3346756866003235,48.87935130672004],[2.3372626997106836,48.877813774031964],[2.3369394924256865,48.87672409734144],[2.3343255174378914,48.87691383768963],[2.3328021377513664,48.87683998506406],[2.3325827314874163,48.87676564505086],[2.3325008126060656,48.876779958108074],[2.331954303929457,48.878022184386595],[2.3324600497548427,48.87932364185],[2.332487379494387,48.879338493861155],[2.3333052429254186,48.8791415805735],[2.333851902978158,48.87956818318406],[2.333875503869795,48.87958698738198],[2.3339348788997425,48.87957569564352],[2.3346919535988975,48.87939911670041]]],"type":"Polygon"},"properties":{"id_bv":"9-9","arrondissement":"9","num_bv":9,"geo_point_2d":{"lon":2.3344176758282833,"lat":48.87797059507123},"created_user":null,"created_date":null,"last_edited_user":null,"last_edited_date":null,"st_area_shape":86435.67770301414,"st_perimeter_shape":1201.4703591108928}},{"type":"Feature","geometry":{"coordinates":[[[2.3751665671910094,48.847392954153946],[2.374914642878044,48.847058742214735],[2.374184466158836,48.84694961209344],[2.374169916254016,48.84693320995693],[2.374063042525075,48.8458924370016],[2.371239731646291,48.845562550066305],[2.3697802995244297,48.84662781405912],[2.369718464748323,48.846675893539256],[2.3697296999997577,48.8466998891303],[2.369999896380654,48.84662994014024],[2.371574211602514,48.84758839157369],[2.3720051869423773,48.84668189117721],[2.3738751524766886,48.848040005913134],[2.3751665671910094,48.847392954153946]]],"type":"Polygon"},"properties":{"id_bv":"12-52","arrondissement":"12","num_bv":52,"geo_point_2d":{"lon":2.37255095584994,"lat":48.84665894354396},"created_user":null,"created_date":null,"last_edited_user":null,"last_edited_date":null,"st_area_shape":54467.279340213005,"st_perimeter_shape":1201.6443736560075}},{"type":"Feature","geometry":{"coordinates":[[[2.3769144626712144,48.859748990340094],[2.3792707544085268,48.85832315060996],[2.3797302744666817,48.85747233486301],[2.37963277096784,48.85729531438493],[2.3792442255680646,48.85666769111461],[2.378685359770885,48.85569738512961],[2.3785652994394004,48.85591068272211],[2.3778517074326277,48.856773352675845],[2.3769807504988925,48.85792955790656],[2.3766309112270125,48.85799125874443],[2.3762537457239765,48.8584866668105],[2.3757748151713343,48.85940866053895],[2.376898218001548,48.85975733623028],[2.3769144626712144,48.859748990340094]]],"type":"Polygon"},"properties":{"id_bv":"11-13","arrondissement":"11","num_bv":13,"geo_point_2d":{"lon":2.3779141911113535,"lat":48.8579966425837},"created_user":null,"created_date":null,"last_edited_user":null,"last_edited_date":null,"st_area_shape":58367.73329729416,"st_perimeter_shape":1114.1088839990946}},{"type":"Feature","geometry":{"coordinates":[[[2.2586386763983723,48.84606677413776],[2.2585500358289696,48.84556577887954],[2.2585900449747975,48.84532372318361],[2.257657880103516,48.84536295248206],[2.257641865857418,48.845333323204656],[2.2585426645803035,48.84419908918147],[2.257683712759216,48.843051792236864],[2.2573811968204125,48.84316149252434],[2.25657402176658,48.84253734970383],[2.2565525026990207,48.84253514381774],[2.256163697541884,48.842572305547094],[2.2558820076947517,48.84282614712956],[2.255163469786459,48.8427490232934],[2.2513079917864043,48.84288759834948],[2.2513192855007804,48.84298326421914],[2.252539313041302,48.84551325722177],[2.2525531691495124,48.84560470810463],[2.2565995189527435,48.84735183762865],[2.258060133441644,48.84731725371636],[2.259124094283724,48.8476824916569],[2.2592302387048453,48.84760598766261],[2.2586386763983723,48.84606677413776]]],"type":"Polygon"},"properties":{"id_bv":"16-49","arrondissement":"16","num_bv":49,"geo_point_2d":{"lon":2.255488432255845,"lat":48.84484137118808},"created_user":null,"created_date":null,"last_edited_user":null,"last_edited_date":null,"st_area_shape":202911.28546577922,"st_perimeter_shape":2013.060480579714}},{"type":"Feature","geometry":{"coordinates":[[[2.3749866551187204,48.868336692728164],[2.377189945777075,48.86583940766688],[2.3773361864217066,48.86566493100236],[2.3747470404447104,48.86505259331314],[2.3747747136201145,48.86504283522467],[2.37473635807391,48.86500427250389],[2.374686128086232,48.865060432109075],[2.374508638619227,48.86531127187303],[2.3728327939002547,48.86759844181917],[2.37358337996542,48.86762548018372],[2.373489734100443,48.868014572472795],[2.3739668128005706,48.86811849902136],[2.373945842428943,48.86821727983768],[2.374896885643398,48.86843215467297],[2.3749866551187204,48.868336692728164]]],"type":"Polygon"},"properties":{"id_bv":"11-28","arrondissement":"11","num_bv":28,"geo_point_2d":{"lon":2.374997548757626,"lat":48.86667328589093},"created_user":null,"created_date":null,"last_edited_user":null,"last_edited_date":null,"st_area_shape":64182.55671216512,"st_perimeter_shape":1106.3289053275043}},{"type":"Feature","geometry":{"coordinates":[[[2.4085540383593638,48.852333616891585],[2.409751583899179,48.84902080179674],[2.4079355566770055,48.84898465314921],[2.4077303302740893,48.84898082422533],[2.407724804851956,48.84909696980911],[2.4074915362971043,48.85035239004325],[2.407337612776732,48.850688945533676],[2.406999722628103,48.85165125564944],[2.406267774513702,48.85149021519344],[2.40613728635975,48.852461642732926],[2.406104913604009,48.8526947274731],[2.406536958285171,48.85276889823736],[2.4079898771804658,48.8530252001302],[2.4085540383593638,48.852333616891585]]],"type":"Polygon"},"properties":{"id_bv":"20-53","arrondissement":"20","num_bv":53,"geo_point_2d":{"lon":2.40799088042922,"lat":48.85102089466392},"created_user":null,"created_date":null,"last_edited_user":null,"last_edited_date":null,"st_area_shape":63930.382209641604,"st_perimeter_shape":1251.1258677342685}},{"type":"Feature","geometry":{"coordinates":[[[2.3650376253096383,48.88103542131079],[2.365220680601789,48.881146149876145],[2.3635650432233772,48.8797943300835],[2.3620353786206842,48.878559679568355],[2.3616986414349768,48.87800069406548],[2.360515556484853,48.87600328652426],[2.360212852679522,48.87582271317488],[2.3595840137650086,48.875924312922535],[2.3595311751341854,48.87592132233765],[2.359513286982154,48.875885167801556],[2.3594669095202465,48.875932081671],[2.3586430045180724,48.87606580363138],[2.358667421646592,48.87610660865906],[2.35964660664775,48.87774385841131],[2.358799821437471,48.87977669360757],[2.358736900774555,48.87991823695227],[2.3587539110359876,48.87994237079623],[2.3595549565584584,48.88018348599171],[2.3632315312121643,48.88193442081538],[2.363273242096068,48.88193275226456],[2.3650376253096383,48.88103542131079]]],"type":"Polygon"},"properties":{"id_bv":"10-24","arrondissement":"10","num_bv":24,"geo_point_2d":{"lon":2.3613273040893663,"lat":48.87920365564054},"created_user":null,"created_date":null,"last_edited_user":null,"last_edited_date":null,"st_area_shape":138706.09904682566,"st_perimeter_shape":1866.0906414648464}},{"type":"Feature","geometry":{"coordinates":[[[2.411705758569759,48.84416714484526],[2.411313810436487,48.84219622450546],[2.411280602186437,48.84218864857865],[2.41081889225071,48.8422725537295],[2.4107988693539837,48.842257630103326],[2.4107150446023318,48.841991494803175],[2.410817254790107,48.84167674543598],[2.410718049477927,48.84140710139142],[2.4102219843210593,48.84105292664492],[2.409158235578302,48.840860059471886],[2.409840642730555,48.842827594292984],[2.408854443956337,48.84384496821563],[2.4088239567679652,48.84387637328095],[2.408952716557036,48.84444176108966],[2.411705758569759,48.84416714484526]]],"type":"Polygon"},"properties":{"id_bv":"12-37","arrondissement":"12","num_bv":37,"geo_point_2d":{"lon":2.4102835279749386,"lat":48.8429344617577},"created_user":null,"created_date":null,"last_edited_user":null,"last_edited_date":null,"st_area_shape":49534.982101549336,"st_perimeter_shape":1123.2490981933763}},{"type":"Feature","geometry":{"coordinates":[[[2.2925354129136863,48.846898609421764],[2.2924730528556267,48.84567516313751],[2.2915006453633358,48.84570600262428],[2.2914945805586386,48.845694448528],[2.2915231853182867,48.845257731061714],[2.2931592433297485,48.84466958726887],[2.292441442753491,48.84390054935769],[2.291460538918102,48.84428645415953],[2.2905569006081694,48.84461639990568],[2.2895451695248115,48.84502498869024],[2.288151452936574,48.8455804259254],[2.288138275035156,48.84563187850676],[2.2882251641613647,48.84567431765111],[2.2911528784341715,48.846487195617016],[2.2910539503143856,48.8468101821398],[2.292286339883154,48.8468838481835],[2.292494149629361,48.84711931234955],[2.2926221286761703,48.84706918395631],[2.2925354129136863,48.846898609421764]]],"type":"Polygon"},"properties":{"id_bv":"15-8","arrondissement":"15","num_bv":8,"geo_point_2d":{"lon":2.291030708294649,"lat":48.845475755561814},"created_user":null,"created_date":null,"last_edited_user":null,"last_edited_date":null,"st_area_shape":54623.930663355386,"st_perimeter_shape":1296.3361522143505}},{"type":"Feature","geometry":{"coordinates":[[[2.36461358436694,48.88437236404653],[2.3646751344767023,48.88431289169089],[2.363483301980382,48.8825694585078],[2.363453077486026,48.882568796888705],[2.361731329927134,48.88322263541718],[2.3616995942058185,48.883210067183505],[2.3615642637121432,48.88281877880418],[2.3604732582879917,48.88296518184956],[2.3592053246050395,48.88288795067686],[2.3594791569272093,48.88336289375659],[2.3595019259945773,48.884086162846735],[2.358616467684591,48.88409255999682],[2.358600996591389,48.88409259942576],[2.3585599521470026,48.88438762804774],[2.3593661370077452,48.88442741571356],[2.36461358436694,48.88437236404653]]],"type":"Polygon"},"properties":{"id_bv":"10-25","arrondissement":"10","num_bv":25,"geo_point_2d":{"lon":2.3617569747466933,"lat":48.88368704370514},"created_user":null,"created_date":null,"last_edited_user":null,"last_edited_date":null,"st_area_shape":60758.219397206296,"st_perimeter_shape":1271.0781764369847}},{"type":"Feature","geometry":{"coordinates":[[[2.3887893769366433,48.834068429649115],[2.3938677333537997,48.83426283279794],[2.3938914680188605,48.83431099177763],[2.394184367980504,48.834059871794224],[2.3948922633322764,48.83360044375821],[2.4014006625760453,48.82942754409326],[2.40138870745837,48.82936149397847],[2.3957141128816737,48.82776090487315],[2.3943570818609756,48.82755257765765],[2.390259942496674,48.82577042071035],[2.3902218046987156,48.8257642310348],[2.390142221657617,48.82578424456978],[2.3900968415836266,48.825816818651305],[2.386939941917388,48.82805565211605],[2.384547804040174,48.83008778566162],[2.384470255745605,48.83013939261962],[2.3843633216828715,48.83014746537671],[2.3843137798761966,48.8301256686486],[2.384331113693116,48.83024233595878],[2.3809714729684126,48.83289141908378],[2.3845830788166187,48.83486865856357],[2.3845900307954935,48.83492290540077],[2.3846390857442556,48.83488686118358],[2.3865607274082055,48.83590463351013],[2.387664709717261,48.83495000224145],[2.3887893769366433,48.834068429649115]]],"type":"Polygon"},"properties":{"id_bv":"12-46","arrondissement":"12","num_bv":46,"geo_point_2d":{"lon":2.390684191764656,"lat":48.830887086327095},"created_user":null,"created_date":null,"last_edited_user":null,"last_edited_date":null,"st_area_shape":841453.8005572741,"st_perimeter_shape":3932.369963065082}},{"type":"Feature","geometry":{"coordinates":[[[2.3713034857355657,48.82767752118893],[2.371364102720433,48.82714056254564],[2.371963189445555,48.825860671888535],[2.3717408981712573,48.82570021701817],[2.3698431961384014,48.82508822956622],[2.369801274499958,48.82515055658075],[2.369567548950883,48.82522267497727],[2.3684543006804075,48.82729458725181],[2.370713600615339,48.82760578217943],[2.3713034857355657,48.82767752118893]]],"type":"Polygon"},"properties":{"id_bv":"13-68","arrondissement":"13","num_bv":68,"geo_point_2d":{"lon":2.370272473610096,"lat":48.826458298828506},"created_user":null,"created_date":null,"last_edited_user":null,"last_edited_date":null,"st_area_shape":47082.57295866203,"st_perimeter_shape":872.5042213748737}},{"type":"Feature","geometry":{"coordinates":[[[2.291681464209584,48.88218470052218],[2.2909718861146056,48.88166243750431],[2.290978655596211,48.88163655421237],[2.2913229170846914,48.8814609986796],[2.290726554595826,48.880271587237836],[2.2907353111577335,48.88024857559448],[2.291237590968735,48.87981400701152],[2.290856377974732,48.87959283795273],[2.29069128654692,48.87926660690881],[2.2879318999817913,48.87893944846557],[2.287489878188716,48.87919834634478],[2.287453816226579,48.879193807687166],[2.284968479976402,48.877922993527854],[2.284217330222648,48.877295845139784],[2.284099531978396,48.87726857689939],[2.283493927778051,48.877466887249625],[2.283273921031689,48.87753335807092],[2.2832904459762173,48.87760305160286],[2.284234579212966,48.87818332411233],[2.285623170811481,48.87904845815571],[2.286833597199612,48.87934705462038],[2.2897091932542746,48.8809325098191],[2.2897602632090943,48.88200423620273],[2.2915900558246087,48.882239244031986],[2.291619434418195,48.88224288300622],[2.291681464209584,48.88218470052218]]],"type":"Polygon"},"properties":{"id_bv":"17-61","arrondissement":"17","num_bv":61,"geo_point_2d":{"lon":2.2884753084843417,"lat":48.8797852359975},"created_user":null,"created_date":null,"last_edited_user":null,"last_edited_date":null,"st_area_shape":75735.31959734087,"st_perimeter_shape":1916.9755379344}},{"type":"Feature","geometry":{"coordinates":[[[2.317623533593086,48.880906271584166],[2.318192783407384,48.88063844633168],[2.3182068171489947,48.87952972493586],[2.3172003501255287,48.87938079295331],[2.316878497366469,48.8790328994742],[2.315960265258765,48.878607470088944],[2.3154111246243976,48.8785910523714],[2.3153822558784016,48.87896149043489],[2.31503727865112,48.87910326885607],[2.31313216649723,48.88084020831609],[2.3131811537211977,48.88090755008645],[2.3164879198451405,48.88131638326223],[2.3166789953337825,48.88133389584689],[2.3168434389954125,48.88136916730541],[2.3169930548222446,48.88108486896046],[2.317623533593086,48.880906271584166]]],"type":"Polygon"},"properties":{"id_bv":"8-3","arrondissement":"8","num_bv":3,"geo_point_2d":{"lon":2.3159536359416264,"lat":48.88013382852962},"created_user":null,"created_date":null,"last_edited_user":null,"last_edited_date":null,"st_area_shape":69535.64729739961,"st_perimeter_shape":1093.2619390396967}},{"type":"Feature","geometry":{"coordinates":[[[2.3747558207103348,48.876588666750635],[2.3752887878233815,48.87676364717983],[2.3769415770823525,48.87655664948419],[2.3769557116326867,48.87655257442824],[2.3768482061615335,48.87634769544249],[2.376053246748562,48.874555194554425],[2.3756412026305522,48.87416628098773],[2.37532194490117,48.8741462788265],[2.375112294411335,48.873758061345406],[2.373276272193194,48.875380764919676],[2.3723553937880744,48.876187129270235],[2.3723023756050456,48.87618617588047],[2.372315045820276,48.876222624848424],[2.372077944853361,48.87642899698543],[2.372172871328585,48.87647295065268],[2.372811960057249,48.87674766723621],[2.37284887479257,48.87673958317455],[2.373169465361686,48.87648344420847],[2.3732192567075785,48.87647407665805],[2.3737845136734914,48.87676018808455],[2.374131342353535,48.8771665252724],[2.374165913802639,48.87717066037654],[2.374308629735035,48.87692263212935],[2.374514983518393,48.87673375165162],[2.3747558207103348,48.876588666750635]]],"type":"Polygon"},"properties":{"id_bv":"19-9","arrondissement":"19","num_bv":9,"geo_point_2d":{"lon":2.3747586237036966,"lat":48.87566647644578},"created_user":null,"created_date":null,"last_edited_user":null,"last_edited_date":null,"st_area_shape":66588.47639676857,"st_perimeter_shape":1190.3712673977125}},{"type":"Feature","geometry":{"coordinates":[[[2.294082267615943,48.839916654513566],[2.2955770528338393,48.840425224610165],[2.2963712430160292,48.83959452250393],[2.2964027225912464,48.83958893460999],[2.2963838728053423,48.83956226532908],[2.295834069173964,48.83926419303156],[2.294843449726109,48.83863179353428],[2.2947051984721445,48.838514900194035],[2.294575282119426,48.838050388440415],[2.293784802822916,48.83841124132751],[2.292027612309498,48.83921387953678],[2.2910390631084074,48.84077412023785],[2.2912615526189,48.840900582359104],[2.2912745752439427,48.84096784873232],[2.2913544953741014,48.84094573992702],[2.291976063909883,48.841257294448546],[2.294082267615943,48.839916654513566]]],"type":"Polygon"},"properties":{"id_bv":"15-66","arrondissement":"15","num_bv":66,"geo_point_2d":{"lon":2.293590195402632,"lat":48.83967140053764},"created_user":null,"created_date":null,"last_edited_user":null,"last_edited_date":null,"st_area_shape":63091.039490814335,"st_perimeter_shape":1183.6262171045382}},{"type":"Feature","geometry":{"coordinates":[[[2.2800200068260312,48.850328037940756],[2.2815833694310803,48.849357040035706],[2.2814879112133717,48.84935961997654],[2.278854277122737,48.84746036329655],[2.2788700962710586,48.8473878204677],[2.2816202205162734,48.84593190870389],[2.2830397892737406,48.84515081174398],[2.2830720693303324,48.84514979014767],[2.2820672429009257,48.844004486559506],[2.282076734011534,48.84398575391577],[2.2826924820414467,48.84366478275572],[2.2827071650373743,48.84364422039528],[2.2826128997345316,48.84351902965204],[2.282580171042583,48.84352123739476],[2.2818264889763213,48.84386452528319],[2.280029901000668,48.84469181440223],[2.279535691969831,48.84462138294642],[2.275483046144278,48.8467189289638],[2.2756937566496522,48.84694207857789],[2.277064052544145,48.84810546644386],[2.2791401666365507,48.84975237903499],[2.2799660067115903,48.850361376148946],[2.2800200068260312,48.850328037940756]]],"type":"Polygon"},"properties":{"id_bv":"15-83","arrondissement":"15","num_bv":83,"geo_point_2d":{"lon":2.2793137103351384,"lat":48.84682682722604},"created_user":null,"created_date":null,"last_edited_user":null,"last_edited_date":null,"st_area_shape":159992.23115559723,"st_perimeter_shape":2253.798184211411}},{"type":"Feature","geometry":{"coordinates":[[[2.382909796388579,48.87344699789935],[2.382922937517425,48.8734121606656],[2.3841517910453662,48.87252389374374],[2.3841815117043854,48.872517916780744],[2.3842523298685117,48.872555572933294],[2.384290039729304,48.87254844272297],[2.3850200186344583,48.87193106119103],[2.385683853652078,48.871535315930245],[2.385990955934245,48.87156630713197],[2.3872686305870685,48.8721692891914],[2.3876912092370266,48.872295609315216],[2.3883636809625974,48.87243908552871],[2.3893863744040162,48.87284497487679],[2.3893880522756468,48.87287803847852],[2.389455261616862,48.872873022168655],[2.3895105078860785,48.872894845703975],[2.390036000125478,48.87333593570808],[2.390125629423959,48.87326091667566],[2.389739009213612,48.87292945981548],[2.3915915277227175,48.87164279286712],[2.3914189420938587,48.871490660781646],[2.390315205856126,48.87175226711799],[2.3902327518400353,48.87162721450341],[2.3893211282746907,48.87180797224925],[2.3890362238153884,48.871693926973414],[2.388365534209043,48.87102062062801],[2.386142506579162,48.870527587419105],[2.384463954296656,48.87059601250453],[2.3835645352821624,48.87194614330571],[2.3832316212594846,48.87197470721516],[2.383215143316474,48.87201218846606],[2.3826585390266795,48.87328776208231],[2.3821043374766258,48.8732014236446],[2.382054456491928,48.87329689225912],[2.382839730369308,48.87342673170009],[2.382890838741176,48.87347473187755],[2.382909796388579,48.87344699789935]]],"type":"Polygon"},"properties":{"id_bv":"20-74","arrondissement":"20","num_bv":74,"geo_point_2d":{"lon":2.3867662000066283,"lat":48.87176224704963},"created_user":null,"created_date":null,"last_edited_user":null,"last_edited_date":null,"st_area_shape":81867.35260513383,"st_perimeter_shape":2008.2824479347416}},{"type":"Feature","geometry":{"coordinates":[[[2.288101503625634,48.862344642855604],[2.289861371633584,48.86122622169453],[2.2898664798013386,48.861140764853396],[2.2880013386992775,48.859857943436324],[2.286815271632786,48.85909222785344],[2.284732608047251,48.85859816100268],[2.283366429622014,48.85932288780576],[2.2820387263564377,48.86005021829343],[2.2810657522065854,48.86021722134634],[2.281164689966727,48.860230134156986],[2.286518698334626,48.8620776161198],[2.2874565662039106,48.86267305792171],[2.287451466109267,48.86275014973639],[2.288101503625634,48.862344642855604]]],"type":"Polygon"},"properties":{"id_bv":"16-10","arrondissement":"16","num_bv":10,"geo_point_2d":{"lon":2.285932722732172,"lat":48.86053747100818},"created_user":null,"created_date":null,"last_edited_user":null,"last_edited_date":null,"st_area_shape":138857.45926468537,"st_perimeter_shape":1619.947417768336}},{"type":"Feature","geometry":{"coordinates":[[[2.334301295749508,48.84046238281365],[2.334457723887675,48.84050222005533],[2.3344484954940037,48.84048515540737],[2.334507605949619,48.84039451340797],[2.3363896858035544,48.83976281907811],[2.336415124970301,48.83967045947894],[2.332662248411462,48.83746212477707],[2.331138756229244,48.83789528543649],[2.3315068263915615,48.83806598623205],[2.331231946381865,48.838367266925175],[2.331238951452648,48.83861346484923],[2.331031640169053,48.83913735187989],[2.3313861708458368,48.84131083526233],[2.3315496156849984,48.841363583613294],[2.334301295749508,48.84046238281365]]],"type":"Polygon"},"properties":{"id_bv":"14-31","arrondissement":"14","num_bv":31,"geo_point_2d":{"lon":2.3330835145269075,"lat":48.839411527871945},"created_user":null,"created_date":null,"last_edited_user":null,"last_edited_date":null,"st_area_shape":97401.18257842693,"st_perimeter_shape":1323.069882068747}},{"type":"Feature","geometry":{"coordinates":[[[2.309555360972739,48.85395164193951],[2.306474580743429,48.85412375252893],[2.305590184395112,48.85431708182731],[2.305509273704435,48.85431437284358],[2.3054554769624303,48.85437877566057],[2.305900404338388,48.85465857801947],[2.3098139683200745,48.85710222217968],[2.3098924977773456,48.85707009146685],[2.309555360972739,48.85395164193951]]],"type":"Polygon"},"properties":{"id_bv":"7-15","arrondissement":"7","num_bv":15,"geo_point_2d":{"lon":2.308246605558204,"lat":48.855115235119314},"created_user":null,"created_date":null,"last_edited_user":null,"last_edited_date":null,"st_area_shape":56849.15204788073,"st_perimeter_shape":1104.2039792799385}},{"type":"Feature","geometry":{"coordinates":[[[2.37632325439867,48.86279296401055],[2.376441431709242,48.86276311453822],[2.3770218126430107,48.862020407208654],[2.377354011033987,48.86164501565234],[2.37862103349599,48.86028631140044],[2.377182423185182,48.85983842044379],[2.377171326880174,48.859812312228996],[2.377129355316092,48.85982602195378],[2.376927180699504,48.85976485087904],[2.3769144626712144,48.859748990340094],[2.376898218001548,48.85975733623028],[2.3749190794261645,48.86092608264191],[2.3751528982397714,48.86107496275132],[2.374010760752453,48.862130620401025],[2.3756748764369844,48.862954454664035],[2.37632325439867,48.86279296401055]]],"type":"Polygon"},"properties":{"id_bv":"11-26","arrondissement":"11","num_bv":26,"geo_point_2d":{"lon":2.3762885984227236,"lat":48.861339452651485},"created_user":null,"created_date":null,"last_edited_user":null,"last_edited_date":null,"st_area_shape":59867.34563494265,"st_perimeter_shape":1037.324182694826}},{"type":"Feature","geometry":{"coordinates":[[[2.3398673568767077,48.843621319104926],[2.3397949041297283,48.84118936871774],[2.338573466897997,48.839528410211244],[2.3385790388409458,48.83950537587361],[2.3408575454734484,48.839016610954644],[2.3407354428158906,48.83870513406758],[2.3406342435385734,48.83867396633057],[2.339693756305393,48.838871530788026],[2.3368061770573187,48.83963826607132],[2.3367221870229953,48.83966273262334],[2.3367273208158426,48.83973201049404],[2.3367921761761994,48.84062711952528],[2.3368544883814337,48.840685246511356],[2.3369734155273596,48.840707431150435],[2.3371943765820014,48.84078445236398],[2.337289762434945,48.84085496764632],[2.3389411511567366,48.84386370117898],[2.3390866182320513,48.843894003110805],[2.339435296231903,48.843713552538006],[2.3398673568767077,48.843621319104926]]],"type":"Polygon"},"properties":{"id_bv":"5-9","arrondissement":"5","num_bv":9,"geo_point_2d":{"lon":2.338637224143072,"lat":48.841140336727456},"created_user":null,"created_date":null,"last_edited_user":null,"last_edited_date":null,"st_area_shape":73904.99506609405,"st_perimeter_shape":1591.8730977666758}},{"type":"Feature","geometry":{"coordinates":[[[2.2784296650775433,48.85129734578786],[2.2799660067115903,48.850361376148946],[2.2791401666365507,48.84975237903499],[2.277064052544145,48.84810546644386],[2.2755028923551244,48.84859382252582],[2.275501036671629,48.84862016358903],[2.2757908948983325,48.848939296324296],[2.275788283005252,48.84895985348672],[2.2744353187104642,48.84927385996562],[2.2744148941954245,48.849294090525646],[2.274950866125694,48.8497569519092],[2.274954129387158,48.85010782805268],[2.275342392204629,48.85052809127634],[2.2754110436669794,48.85099460937937],[2.275379412917882,48.851015991745484],[2.275416613183691,48.85103128047065],[2.2754391986161733,48.85122574624768],[2.2754621245149282,48.85124754264207],[2.2771245176750075,48.851367968531186],[2.277565761617367,48.851757509680624],[2.2784296650775433,48.85129734578786]]],"type":"Polygon"},"properties":{"id_bv":"16-36","arrondissement":"16","num_bv":36,"geo_point_2d":{"lon":2.2770927029388948,"lat":48.84998206713162},"created_user":null,"created_date":null,"last_edited_user":null,"last_edited_date":null,"st_area_shape":90188.94919941534,"st_perimeter_shape":1263.9435795731833}},{"type":"Feature","geometry":{"coordinates":[[[2.3915708664348476,48.855805858471676],[2.3922241957346997,48.85551267428845],[2.3929254952697656,48.85372489638464],[2.3929666229610835,48.853622687079614],[2.3926822376931725,48.853559880453346],[2.3913106116690295,48.85574856394607],[2.3891659835808308,48.85543265907081],[2.388473606622575,48.85690431363674],[2.3896551696670314,48.85689977424611],[2.3900100721525646,48.857945553187385],[2.3898988634173848,48.85814278224396],[2.3902854469132966,48.85801665504525],[2.3915708664348476,48.855805858471676]]],"type":"Polygon"},"properties":{"id_bv":"11-45","arrondissement":"11","num_bv":45,"geo_point_2d":{"lon":2.3905183635567666,"lat":48.85610656153195},"created_user":null,"created_date":null,"last_edited_user":null,"last_edited_date":null,"st_area_shape":43438.116315204185,"st_perimeter_shape":1417.2269203933706}},{"type":"Feature","geometry":{"coordinates":[[[2.2635033543074696,48.839538086452144],[2.2635157750992114,48.839545396589344],[2.2635311296587024,48.83953021795845],[2.265720773110806,48.83892005317068],[2.263776030021285,48.83742997603962],[2.263154530993297,48.83727442626571],[2.2628876784902694,48.83704318226839],[2.261944327954082,48.83703915857821],[2.2614817699520064,48.83675219153271],[2.2602095847831096,48.8367987989546],[2.260153316918232,48.83700946079674],[2.2601251103456947,48.8370124449368],[2.2601446632650517,48.837033996215936],[2.259902982257687,48.8378785016891],[2.2613548005945887,48.838550295330556],[2.2612413046594386,48.83924889142717],[2.2629737558818337,48.83931767971359],[2.2632291246325837,48.83959791398354],[2.263252102865664,48.83960641968619],[2.2635033543074696,48.839538086452144]]],"type":"Polygon"},"properties":{"id_bv":"16-47","arrondissement":"16","num_bv":47,"geo_point_2d":{"lon":2.2625669413319214,"lat":48.83816698157845},"created_user":null,"created_date":null,"last_edited_user":null,"last_edited_date":null,"st_area_shape":76911.2078719865,"st_perimeter_shape":1205.0004935173313}},{"type":"Feature","geometry":{"coordinates":[[[2.3832386495484035,48.84488492262988],[2.3834134625708856,48.844830931430145],[2.384818688562793,48.8436455852114],[2.3852864648820216,48.843272452606556],[2.385188471948071,48.84321011360908],[2.3851834722746013,48.84318854646768],[2.3857111054819504,48.842572591384744],[2.3857102297277573,48.84254539295575],[2.3850497430580497,48.842166599614714],[2.385055125897624,48.8421494432168],[2.3871311267259547,48.8400931911109],[2.3870475551796946,48.840035975440024],[2.387050689265652,48.84001451205127],[2.387534769830576,48.839530266046644],[2.387522033023364,48.83950710612258],[2.386827388916398,48.83918227194827],[2.3798506785135087,48.8435982504711],[2.379871838095178,48.84366192416191],[2.379970333113299,48.84369912494023],[2.382968620234902,48.84482060034654],[2.3831796252918913,48.84484194738978],[2.3832053414429604,48.84489461146741],[2.3832386495484035,48.84488492262988]]],"type":"Polygon"},"properties":{"id_bv":"12-50","arrondissement":"12","num_bv":50,"geo_point_2d":{"lon":2.3837630637149956,"lat":48.84243336490792},"created_user":null,"created_date":null,"last_edited_user":null,"last_edited_date":null,"st_area_shape":126945.06759126805,"st_perimeter_shape":1813.8250431690085}},{"type":"Feature","geometry":{"coordinates":[[[2.325797455996587,48.85610945154587],[2.3243847035957774,48.85453388263183],[2.3238517581962546,48.853968226315686],[2.3237172077727237,48.85310340299584],[2.319063780427817,48.85238536034044],[2.319101235767219,48.85277139610211],[2.3199522139907867,48.85496783338819],[2.3211156837751297,48.8564708298279],[2.3227846278684043,48.85815902429506],[2.323084416099053,48.85846953118296],[2.323164175195374,48.85847362470733],[2.3245903475022343,48.85695990564614],[2.325797455996587,48.85610945154587]]],"type":"Polygon"},"properties":{"id_bv":"7-6","arrondissement":"7","num_bv":6,"geo_point_2d":{"lon":2.322367101185659,"lat":48.85511411782222},"created_user":null,"created_date":null,"last_edited_user":null,"last_edited_date":null,"st_area_shape":173651.43501268892,"st_perimeter_shape":1806.438778146207}},{"type":"Feature","geometry":{"coordinates":[[[2.336610873121228,48.83968915660189],[2.3367273208158426,48.83973201049404],[2.3367221870229953,48.83966273262334],[2.3368061770573187,48.83963826607132],[2.339693756305393,48.838871530788026],[2.3406342435385734,48.83867396633057],[2.3407354428158906,48.83870513406758],[2.340790640236063,48.83864050758944],[2.342067930335598,48.83836613696755],[2.3420643784007003,48.83832523041473],[2.3420514255537674,48.83817671326014],[2.3421088881860723,48.838149519478186],[2.342040598132163,48.83812102245766],[2.3418072161577514,48.836340875372215],[2.3415580743327467,48.83477532853307],[2.337201927193513,48.83462972707471],[2.334824427652215,48.835488539278565],[2.332959578195667,48.834521383974284],[2.3325777256109954,48.834629727139124],[2.332662248411462,48.83746212477707],[2.336415124970301,48.83967045947894],[2.3363896858035544,48.83976281907811],[2.336610873121228,48.83968915660189]]],"type":"Polygon"},"properties":{"id_bv":"14-27","arrondissement":"14","num_bv":27,"geo_point_2d":{"lon":2.3374161719412054,"lat":48.836894642995155},"created_user":null,"created_date":null,"last_edited_user":null,"last_edited_date":null,"st_area_shape":300026.34738575306,"st_perimeter_shape":2282.431805245087}},{"type":"Feature","geometry":{"coordinates":[[[2.3971148538294167,48.86666615726004],[2.3980010380898698,48.86552747304302],[2.3979883402960054,48.865503171066344],[2.3950395219564573,48.86541554278803],[2.3943485799339097,48.86589654435496],[2.3956382404713157,48.86709192169456],[2.3961847121843283,48.86748610615657],[2.3964313666891774,48.86754522266943],[2.3971148538294167,48.86666615726004]]],"type":"Polygon"},"properties":{"id_bv":"20-65","arrondissement":"20","num_bv":65,"geo_point_2d":{"lon":2.3961531367285036,"lat":48.866224352795534},"created_user":null,"created_date":null,"last_edited_user":null,"last_edited_date":null,"st_area_shape":35853.47169050448,"st_perimeter_shape":787.0888075473604}},{"type":"Feature","geometry":{"coordinates":[[[2.384815859063598,48.88662021741467],[2.3829247162106713,48.886122805864105],[2.382258164429776,48.88588024647537],[2.3821822233348198,48.885865971770855],[2.3821347636428363,48.885876812844565],[2.380604841338723,48.8871288730235],[2.3809208711068943,48.887371831927716],[2.382360288054164,48.88773917113182],[2.38424881826391,48.888421671196014],[2.384533389990719,48.887875926176406],[2.384826545595611,48.886669004875074],[2.384815859063598,48.88662021741467]]],"type":"Polygon"},"properties":{"id_bv":"19-69","arrondissement":"19","num_bv":69,"geo_point_2d":{"lon":2.382951834300965,"lat":48.88708296774706},"created_user":null,"created_date":null,"last_edited_user":null,"last_edited_date":null,"st_area_shape":49606.81919098989,"st_perimeter_shape":905.6751824518636}},{"type":"Feature","geometry":{"coordinates":[[[2.3678559835799238,48.87175937863069],[2.36793095543102,48.87174748240029],[2.369337408815337,48.86945354390055],[2.3685185077082895,48.869141482268276],[2.3679605542557494,48.86894988280075],[2.367330603343728,48.868751682994755],[2.365660935124572,48.870921884312885],[2.366082795412175,48.871104521988755],[2.3660949954911836,48.87112369213859],[2.3660816809277914,48.87200399592221],[2.3661144469251014,48.87201264929644],[2.3678559835799238,48.87175937863069]]],"type":"Polygon"},"properties":{"id_bv":"10-6","arrondissement":"10","num_bv":6,"geo_point_2d":{"lon":2.3674450544458447,"lat":48.87041251742462},"created_user":null,"created_date":null,"last_edited_user":null,"last_edited_date":null,"st_area_shape":55880.30292341644,"st_perimeter_shape":988.7612933600761}},{"type":"Feature","geometry":{"coordinates":[[[2.3282750479793863,48.89553884468784],[2.328246255262235,48.89545033831176],[2.3275288418224984,48.8933045559699],[2.3253062702087997,48.89355156305834],[2.325281782261831,48.893568962796415],[2.325065247110422,48.89428360482984],[2.3250501877568297,48.894305931982096],[2.3255712098512986,48.89541487224794],[2.3257004173551588,48.8956887535885],[2.3257325712380372,48.895702976641424],[2.3282750479793863,48.89553884468784]]],"type":"Polygon"},"properties":{"id_bv":"17-24","arrondissement":"17","num_bv":24,"geo_point_2d":{"lon":2.326619321035779,"lat":48.89454553047721},"created_user":null,"created_date":null,"last_edited_user":null,"last_edited_date":null,"st_area_shape":47321.567533643516,"st_perimeter_shape":857.1903202325065}},{"type":"Feature","geometry":{"coordinates":[[[2.340728831801613,48.89480942470184],[2.3402183550714613,48.89311828136503],[2.3380223947867402,48.89340818800922],[2.3365766959457184,48.89360980877942],[2.3369632958093463,48.894220780259495],[2.338259859343351,48.89458350328647],[2.339508318765724,48.89438616149378],[2.3401127786174136,48.89526139378388],[2.340151994089704,48.89525692710402],[2.340728831801613,48.89480942470184]]],"type":"Polygon"},"properties":{"id_bv":"18-47","arrondissement":"18","num_bv":47,"geo_point_2d":{"lon":2.3389506327249157,"lat":48.893998841535705},"created_user":null,"created_date":null,"last_edited_user":null,"last_edited_date":null,"st_area_shape":37369.7193976103,"st_perimeter_shape":910.4750930687115}},{"type":"Feature","geometry":{"coordinates":[[[2.3967716191351323,48.89609061435588],[2.3930910081194345,48.89531756617583],[2.3901585506987475,48.89381582932082],[2.3872344157199894,48.8922921061532],[2.3872187422691775,48.89227576356546],[2.3873650356927794,48.891828784295946],[2.3873174613450914,48.891833354048906],[2.383855227122774,48.89012835139273],[2.383828024900313,48.890153456257316],[2.3837694958818587,48.89015944491544],[2.3835761229982726,48.89009956656591],[2.3836131868068486,48.89001814037904],[2.3836041203446987,48.88999831763744],[2.3831941724296795,48.88979214257675],[2.382866520016355,48.89007524599587],[2.3828487643374925,48.89010254330848],[2.3843964552364385,48.89087056010153],[2.3844018730272554,48.890885267559476],[2.3858681941183373,48.89239524592649],[2.385860293236392,48.892430860703406],[2.3851671667697656,48.89274058794975],[2.384966245990643,48.8935895982109],[2.383860471060479,48.89399883494447],[2.3834831514369195,48.89369111589627],[2.3833854548075304,48.89387335610265],[2.3836143640895613,48.89412876181457],[2.3827437559907314,48.89471710940817],[2.382078480941489,48.8943234178438],[2.3815228224648433,48.89420340693521],[2.380954325391975,48.893747059419844],[2.3803883956871146,48.89404274126538],[2.380701785544802,48.894291497637006],[2.3814116700524535,48.89441891459761],[2.3814347321348315,48.89444936950628],[2.379390328555525,48.8955833514273],[2.3792833602418377,48.895642326419946],[2.379069319212231,48.89571670547157],[2.3836863207249546,48.895871831317166],[2.3837180895257957,48.89587993397145],[2.3841023033451627,48.89623020938848],[2.386016789924593,48.89795551049801],[2.395381057376756,48.89825763724874],[2.3954734760378127,48.8982459108979],[2.3967977779826426,48.89612150268797],[2.3967716191351323,48.89609061435588]]],"type":"Polygon"},"properties":{"id_bv":"19-45","arrondissement":"19","num_bv":45,"geo_point_2d":{"lon":2.388424017068836,"lat":48.89547546503677},"created_user":null,"created_date":null,"last_edited_user":null,"last_edited_date":null,"st_area_shape":462426.53382645757,"st_perimeter_shape":4230.316927790042}},{"type":"Feature","geometry":{"coordinates":[[[2.2998974671901555,48.86534341222338],[2.299846102021403,48.86528861657844],[2.2948707936350243,48.86509129880595],[2.294666961601574,48.86534550136403],[2.294647124573301,48.865344408660924],[2.2937129527212967,48.86506433690271],[2.29320379569588,48.86496094383248],[2.292548610903627,48.8656030848163],[2.2908114524018544,48.86635845514758],[2.290882897573172,48.86646449984217],[2.2900164468422055,48.866818903094085],[2.2903340214263976,48.86726617012609],[2.2911112669546205,48.867161749041436],[2.292055459829388,48.86738710781566],[2.291931162310475,48.8677476730699],[2.292677480506085,48.86805233229157],[2.2948365973047125,48.8674327761932],[2.2952814061226854,48.86804120923999],[2.296170083358828,48.86793954377138],[2.297507598673809,48.868997058064544],[2.2982500711231655,48.86952623322168],[2.29836669649396,48.86950591091],[2.298926929162641,48.86854296841683],[2.2998974671901555,48.86534341222338]]],"type":"Polygon"},"properties":{"id_bv":"16-65","arrondissement":"16","num_bv":65,"geo_point_2d":{"lon":2.29571633402437,"lat":48.86674538940697},"created_user":null,"created_date":null,"last_edited_user":null,"last_edited_date":null,"st_area_shape":197476.78534106052,"st_perimeter_shape":2172.9783919424335}},{"type":"Feature","geometry":{"coordinates":[[[2.277087546569655,48.87597357871767],[2.2791818004608912,48.87468223462296],[2.281089543420902,48.873410026700746],[2.2802038650904994,48.872810562780124],[2.28047098534628,48.872233798895934],[2.2793135837075167,48.871605225155086],[2.2793626463792975,48.87072483096166],[2.279330006352458,48.87071751161709],[2.277797105181687,48.87112707485216],[2.2777599138875915,48.87112254167746],[2.2757530455689046,48.86828037478585],[2.2754639807971913,48.86835076389047],[2.2750488878255055,48.868881264025056],[2.274210028708228,48.86867376913695],[2.273734253807934,48.869149576905215],[2.272280947021704,48.86970692654316],[2.2722099038900296,48.86974855891262],[2.272687764169539,48.870325437459314],[2.2739384379986576,48.87166384320998],[2.277087546569655,48.87597357871767]]],"type":"Polygon"},"properties":{"id_bv":"16-53","arrondissement":"16","num_bv":53,"geo_point_2d":{"lon":2.276695044960166,"lat":48.87205700787819},"created_user":null,"created_date":null,"last_edited_user":null,"last_edited_date":null,"st_area_shape":248722.16761213634,"st_perimeter_shape":2380.8823642990815}},{"type":"Feature","geometry":{"coordinates":[[[2.405486217415416,48.856109111493645],[2.405425804843985,48.855854728743154],[2.406536958285171,48.85276889823736],[2.406104913604009,48.8526947274731],[2.4059551725599033,48.8526738953718],[2.405554412131595,48.85397074221753],[2.403097254585247,48.85457333963186],[2.403099408861314,48.85459752755678],[2.4038000564045356,48.85503842391047],[2.403349931927181,48.855736554419316],[2.403015482041812,48.856384190598924],[2.4023027529571714,48.85648556130692],[2.4022292557745657,48.856565892557015],[2.4037608335094443,48.857561641763866],[2.4039048064235264,48.8576532109389],[2.4043748290837037,48.85714454756552],[2.4045675001406783,48.85707758511809],[2.405190122618742,48.85650102955237],[2.405486217415416,48.856109111493645]]],"type":"Polygon"},"properties":{"id_bv":"20-43","arrondissement":"20","num_bv":43,"geo_point_2d":{"lon":2.404510447304548,"lat":48.85547828181657},"created_user":null,"created_date":null,"last_edited_user":null,"last_edited_date":null,"st_area_shape":63170.51720049303,"st_perimeter_shape":1444.9967817775257}},{"type":"Feature","geometry":{"coordinates":[[[2.2549208075973075,48.84124917696989],[2.2561091636984396,48.841294477732056],[2.256334459380293,48.8400066533618],[2.2569332566561497,48.83868344971582],[2.2576434754594654,48.83845967450835],[2.258088897705496,48.83809409432173],[2.2579743768023177,48.837255000145944],[2.257999925945142,48.83723877829739],[2.2601251103456947,48.8370124449368],[2.260153316918232,48.83700946079674],[2.2602095847831096,48.8367987989546],[2.2595927268112157,48.83648275462999],[2.2579083589435163,48.836721269346775],[2.257290231198442,48.83630251338817],[2.254574277925727,48.835578417004264],[2.254554107687077,48.835582891617506],[2.2516959043025193,48.8389115350031],[2.25135536568763,48.84205184782352],[2.2513877890603973,48.84206106694653],[2.2549208075973075,48.84124917696989]]],"type":"Polygon"},"properties":{"id_bv":"16-44","arrondissement":"16","num_bv":44,"geo_point_2d":{"lon":2.254763820130453,"lat":48.83873611042148},"created_user":null,"created_date":null,"last_edited_user":null,"last_edited_date":null,"st_area_shape":228497.4189437019,"st_perimeter_shape":2293.196839635397}},{"type":"Feature","geometry":{"coordinates":[[[2.3922611983611235,48.87539988007709],[2.392898719912915,48.87446695653692],[2.392170295136177,48.87404537134882],[2.3914705806678613,48.873737830779376],[2.3909525526834163,48.87335961906773],[2.392573692828422,48.872490497452375],[2.3917720081993763,48.872025844811695],[2.390125629423959,48.87326091667566],[2.390036000125478,48.87333593570808],[2.3891951956115176,48.8739750354007],[2.3891888574332762,48.87399211018454],[2.3893763947787776,48.87431085907572],[2.388899529436381,48.874935053085956],[2.3896377081052096,48.87526471131612],[2.3898027758529117,48.875335306881894],[2.3904359447542456,48.87544087406447],[2.39179604524873,48.875460008653974],[2.3922402961427816,48.87543069749687],[2.3922611983611235,48.87539988007709]]],"type":"Polygon"},"properties":{"id_bv":"20-13","arrondissement":"20","num_bv":13,"geo_point_2d":{"lon":2.390935608680674,"lat":48.87417753281593},"created_user":null,"created_date":null,"last_edited_user":null,"last_edited_date":null,"st_area_shape":59044.08564027139,"st_perimeter_shape":1204.026488295078}},{"type":"Feature","geometry":{"coordinates":[[[2.377171326880174,48.859812312228996],[2.379341923964739,48.85910364749628],[2.379514362133323,48.85861193977983],[2.3807284240319366,48.85889325251512],[2.3809597821867388,48.85905150785011],[2.382676871783757,48.85953418865759],[2.3836791839121636,48.858532678857514],[2.3814515031938845,48.857972438308764],[2.382399369618516,48.85676334585392],[2.3822654618554457,48.85656686291789],[2.3822578288689535,48.856555992660226],[2.3804050215325345,48.857682461910755],[2.3797302744666817,48.85747233486301],[2.3792707544085268,48.85832315060996],[2.3769144626712144,48.859748990340094],[2.376927180699504,48.85976485087904],[2.377129355316092,48.85982602195378],[2.377171326880174,48.859812312228996]]],"type":"Polygon"},"properties":{"id_bv":"11-1","arrondissement":"11","num_bv":1,"geo_point_2d":{"lon":2.380861593319208,"lat":48.858443443786875},"created_user":null,"created_date":null,"last_edited_user":null,"last_edited_date":null,"st_area_shape":54820.45690998464,"st_perimeter_shape":1570.9880757304443}},{"type":"Feature","geometry":{"coordinates":[[[2.3822578288689535,48.856555992660226],[2.3822654618554457,48.85656686291789],[2.3824366851174723,48.856650557807576],[2.385447616275892,48.85490068137603],[2.3853573738852476,48.85470119359651],[2.382643620575449,48.85407524860736],[2.381306017722468,48.85633052528577],[2.381136932691479,48.8563886850831],[2.380284569960191,48.857471417773795],[2.380274781596658,48.857478837065116],[2.37963277096784,48.85729531438493],[2.3797302744666817,48.85747233486301],[2.3804050215325345,48.857682461910755],[2.3822578288689535,48.856555992660226]]],"type":"Polygon"},"properties":{"id_bv":"11-5","arrondissement":"11","num_bv":5,"geo_point_2d":{"lon":2.3828240637688185,"lat":48.855583185296084},"created_user":null,"created_date":null,"last_edited_user":null,"last_edited_date":null,"st_area_shape":52998.99705362469,"st_perimeter_shape":1277.3819404023654}},{"type":"Feature","geometry":{"coordinates":[[[2.323238951113663,48.89747020634664],[2.323080339736295,48.89693714672411],[2.3231138246708105,48.896917819822356],[2.323084317762671,48.89690059202305],[2.3230197572729887,48.89601749992141],[2.322995191272164,48.896005195921724],[2.322782780807649,48.895990716451244],[2.322761777120983,48.89597246914435],[2.3227613662105915,48.89593191819535],[2.3227848780405767,48.895919560473814],[2.3244514070657276,48.895763976237546],[2.324454102751453,48.89574785491148],[2.3228006413328024,48.89365490648966],[2.3227537432255283,48.89364737383276],[2.321705505707233,48.89399493725635],[2.3217005711111027,48.89402456090375],[2.3220060994347693,48.894404935916604],[2.32117040570988,48.89504401170192],[2.3211283538104786,48.89504800193787],[2.3205289819487187,48.89439406560184],[2.319859818339615,48.894579288510116],[2.3203246488022136,48.8952747696357],[2.3205134178905373,48.89552537588912],[2.3218627464982777,48.895862902896084],[2.321910554478534,48.89588177608296],[2.3231852962477775,48.89744211502453],[2.3232311164057475,48.89748121292405],[2.323238951113663,48.89747020634664]]],"type":"Polygon"},"properties":{"id_bv":"17-21","arrondissement":"17","num_bv":21,"geo_point_2d":{"lon":2.3223411463494212,"lat":48.89519460160709},"created_user":null,"created_date":null,"last_edited_user":null,"last_edited_date":null,"st_area_shape":51369.5176238049,"st_perimeter_shape":1384.9944121613769}},{"type":"Feature","geometry":{"coordinates":[[[2.3541230783532767,48.869352962382855],[2.35425655508664,48.869391052867165],[2.354234484177917,48.86932735310834],[2.3533093485060563,48.867601934254935],[2.3525669796643096,48.86628392263758],[2.3524743230920513,48.86625471524005],[2.347325457360474,48.86739621254641],[2.3473682833483207,48.86786578693296],[2.347647508332654,48.86839455302969],[2.347707625656252,48.86846282955927],[2.3477228701039556,48.86842869987067],[2.347671471896002,48.867880364205945],[2.3476984205456084,48.86787347552257],[2.352401164231421,48.869289936190604],[2.352619737669129,48.869609791870616],[2.352560720433516,48.86969478319557],[2.3541230783532767,48.869352962382855]]],"type":"Polygon"},"properties":{"id_bv":"2-8","arrondissement":"2","num_bv":8,"geo_point_2d":{"lon":2.3512026721315364,"lat":48.86788653151672},"created_user":null,"created_date":null,"last_edited_user":null,"last_edited_date":null,"st_area_shape":98648.52031371783,"st_perimeter_shape":1523.7055705036069}},{"type":"Feature","geometry":{"coordinates":[[[2.341480198299381,48.894227632100886],[2.3417515506443207,48.89325805329495],[2.34202133166111,48.89286841972633],[2.3423741936556275,48.892780647035444],[2.342384245750612,48.892757730840785],[2.3416944962325923,48.89131198404538],[2.3416178968180135,48.89127536242717],[2.341311724471506,48.8905300705917],[2.341327710584297,48.89050758548123],[2.341565478423346,48.890418010091025],[2.341556893363404,48.89039664259494],[2.340206767553332,48.88976355948476],[2.340646909832912,48.89123266729244],[2.3405948972325277,48.89125882460759],[2.339650476098795,48.891159246925135],[2.339624963543664,48.89117047818431],[2.3402183550714613,48.89311828136503],[2.340728831801613,48.89480942470184],[2.340805076732141,48.8948263604548],[2.340942066348834,48.89484078053052],[2.341502695536335,48.89443451160284],[2.3415147154730764,48.89441415500933],[2.341480198299381,48.894227632100886]]],"type":"Polygon"},"properties":{"id_bv":"18-4","arrondissement":"18","num_bv":4,"geo_point_2d":{"lon":2.3409705651190373,"lat":48.89233540577199},"created_user":null,"created_date":null,"last_edited_user":null,"last_edited_date":null,"st_area_shape":56312.182948744376,"st_perimeter_shape":1352.5088470565206}},{"type":"Feature","geometry":{"coordinates":[[[2.3778517074326277,48.856773352675845],[2.3768160036154486,48.85639907562098],[2.3757500047294293,48.85602673403681],[2.3744288307512456,48.85552363523077],[2.373039637499851,48.85494519344106],[2.372908591823141,48.85507204094583],[2.3730310993204586,48.85512129549713],[2.3732286164767666,48.85554387460916],[2.3741230415098333,48.85554435356562],[2.3743186135464835,48.85562029219394],[2.373514642621332,48.85646783723555],[2.3742423680102025,48.856777543323574],[2.374171302402807,48.856858298348456],[2.3766309112270125,48.85799125874443],[2.3769807504988925,48.85792955790656],[2.3778517074326277,48.856773352675845]]],"type":"Polygon"},"properties":{"id_bv":"11-12","arrondissement":"11","num_bv":12,"geo_point_2d":{"lon":2.375561284643778,"lat":48.85665338395618},"created_user":null,"created_date":null,"last_edited_user":null,"last_edited_date":null,"st_area_shape":46108.11626274053,"st_perimeter_shape":1141.979123358807}},{"type":"Feature","geometry":{"coordinates":[[[2.4093431154284075,48.860638030961255],[2.4097400906431647,48.85839586547294],[2.408879267601145,48.85823532461304],[2.408640928099394,48.858513467310225],[2.407934764245027,48.85908142260088],[2.4067341802937587,48.8582649117153],[2.4066336740323813,48.858195709735575],[2.406221660813805,48.858460699548566],[2.4057014363789215,48.85810649388391],[2.4051770966829045,48.85846162118134],[2.405857565128251,48.85890168023047],[2.40571431906898,48.859012136906934],[2.405724994512625,48.859019857732456],[2.4072130724880263,48.85972054620191],[2.408324931506103,48.86016848965322],[2.4090586469399162,48.86067866726979],[2.4093360406748356,48.86070829856577],[2.4093431154284075,48.860638030961255]]],"type":"Polygon"},"properties":{"id_bv":"20-40","arrondissement":"20","num_bv":40,"geo_point_2d":{"lon":2.4079216066330864,"lat":48.85921899016677},"created_user":null,"created_date":null,"last_edited_user":null,"last_edited_date":null,"st_area_shape":44855.073105278396,"st_perimeter_shape":1146.8141902366592}},{"type":"Feature","geometry":{"coordinates":[[[2.3669890231695163,48.822661632130036],[2.367765207476321,48.82227892707668],[2.3674269452713683,48.82111217851134],[2.3705215861679774,48.82197795726928],[2.370539108161991,48.82197799374469],[2.370700099832089,48.821758915433534],[2.3707187838604176,48.821758700776364],[2.371444504090551,48.821998646503474],[2.3715983397416074,48.821788182301404],[2.370589754943739,48.82145187893816],[2.370365754626293,48.82168208707297],[2.3693825392645227,48.82134676862742],[2.369659324145734,48.82057611896849],[2.369138989421598,48.82036458233705],[2.3690116384965254,48.82010225138636],[2.370454532232875,48.81839439103202],[2.370476334006503,48.81836821963192],[2.3703541287803014,48.81832383661171],[2.3670805073012953,48.81724872999745],[2.3669417945263875,48.81721433000607],[2.364722958335837,48.82010762820941],[2.3646299428210353,48.82023879683672],[2.364754085478252,48.820239050795124],[2.365605813307236,48.822322916476146],[2.3668807774235328,48.82269484866982],[2.366908101905836,48.82270276845125],[2.3669890231695163,48.822661632130036]]],"type":"Polygon"},"properties":{"id_bv":"13-20","arrondissement":"13","num_bv":20,"geo_point_2d":{"lon":2.3674596945474726,"lat":48.81995428275039},"created_user":null,"created_date":null,"last_edited_user":null,"last_edited_date":null,"st_area_shape":154665.83605955812,"st_perimeter_shape":2171.705971990377}},{"type":"Feature","geometry":{"coordinates":[[[[2.3728327939002547,48.86759844181917],[2.3724576536445237,48.86810694367719],[2.372428073700491,48.86812204228867],[2.3715102449298753,48.8682557201563],[2.3696603379308665,48.86848635863983],[2.3681574555947145,48.86866812049694],[2.3681172242984228,48.86868367713698],[2.3679305098710017,48.86889682678245],[2.3679605542557494,48.86894988280075],[2.3685185077082895,48.869141482268276],[2.369337408815337,48.86945354390055],[2.3695769762367025,48.86954144827159],[2.3715340566632976,48.8701454116227],[2.3716063080782956,48.8700784997648],[2.3719807535781174,48.86962542306909],[2.372651582605208,48.868907228608556],[2.3731570871582166,48.868583762230315],[2.373442155628434,48.86817509930632],[2.373489734100443,48.868014572472795],[2.37358337996542,48.86762548018372],[2.3728327939002547,48.86759844181917]]],[[[2.372449120111267,48.87032810274055],[2.3724054591916905,48.87041163008137],[2.3728103511402705,48.87053660012821],[2.3729026012121817,48.87051541392355],[2.3729446270882195,48.870475012796454],[2.372449120111267,48.87032810274055]]]],"type":"MultiPolygon"},"properties":{"id_bv":"11-27","arrondissement":"11","num_bv":27,"geo_point_2d":{"lon":2.3710282454178113,"lat":48.86891180085814},"created_user":null,"created_date":null,"last_edited_user":null,"last_edited_date":null,"st_area_shape":51353.8974960475,"st_perimeter_shape":1190.202890084944}},{"type":"Feature","geometry":{"coordinates":[[[2.369275459158923,48.88670214148807],[2.3673091603279377,48.88503546088816],[2.366694698375421,48.88428545614533],[2.366657019378247,48.88423936416294],[2.3647774490566493,48.88435842611933],[2.3647286988511147,48.884413605602276],[2.365812435505706,48.885564235297025],[2.366770221202875,48.88660458150806],[2.3673989437399787,48.888203985907936],[2.3674727729923797,48.888218166175065],[2.368717458547365,48.88845687012742],[2.369275459158923,48.88670214148807]]],"type":"Polygon"},"properties":{"id_bv":"19-67","arrondissement":"19","num_bv":67,"geo_point_2d":{"lon":2.3673237824496107,"lat":48.886248356776825},"created_user":null,"created_date":null,"last_edited_user":null,"last_edited_date":null,"st_area_shape":67229.96280527371,"st_perimeter_shape":1250.7543993336162}},{"type":"Feature","geometry":{"coordinates":[[[2.3792529892848924,48.87011266626204],[2.3806941907222985,48.868982347745295],[2.380771074167466,48.86900320547936],[2.3807558028724407,48.86893693515709],[2.3828757470440953,48.86734235908709],[2.3828669861887226,48.86728915664469],[2.3812236577423933,48.86681051506058],[2.3803641565216527,48.86656105027715],[2.379480205791183,48.86747379946577],[2.3799088220848743,48.86768766695982],[2.37943047946965,48.8683193695597],[2.379419768899795,48.86832700607497],[2.3783698978758,48.86803678489406],[2.3773825591203304,48.869324909650345],[2.3781646028858194,48.86967745883704],[2.377471388704616,48.87052919770236],[2.378309208812435,48.87077871518022],[2.378372966182391,48.870797679681665],[2.3792529892848924,48.87011266626204]]],"type":"Polygon"},"properties":{"id_bv":"11-32","arrondissement":"11","num_bv":32,"geo_point_2d":{"lon":2.3798439590286864,"lat":48.868536043769204},"created_user":null,"created_date":null,"last_edited_user":null,"last_edited_date":null,"st_area_shape":76538.87150324298,"st_perimeter_shape":1453.1873490634634}},{"type":"Feature","geometry":{"coordinates":[[[2.371129109685024,48.889473195115556],[2.3712837993968074,48.88922805345878],[2.371017038356809,48.88891473580339],[2.368717458547365,48.88845687012742],[2.3674727729923797,48.888218166175065],[2.367421045146253,48.88825941019893],[2.367570087152783,48.88864254951095],[2.368107724488827,48.889697066366274],[2.368148844895918,48.88976377298265],[2.3682141896676496,48.889820437855796],[2.371129109685024,48.889473195115556]]],"type":"Polygon"},"properties":{"id_bv":"19-57","arrondissement":"19","num_bv":57,"geo_point_2d":{"lon":2.3691829336122496,"lat":48.88908208646994},"created_user":null,"created_date":null,"last_edited_user":null,"last_edited_date":null,"st_area_shape":29340.852662907786,"st_perimeter_shape":747.4493194169481}},{"type":"Feature","geometry":{"coordinates":[[[2.310925208472268,48.83787623852742],[2.3107974429859857,48.837711111931796],[2.3108057884669795,48.83768696155595],[2.3111502089166662,48.837678376113956],[2.311411508339433,48.83751063438339],[2.3122474033848484,48.83759665928518],[2.3125033520989717,48.8375968121575],[2.312451901780347,48.83716325098603],[2.3129948126755733,48.836819700759115],[2.31477885000535,48.83630053199811],[2.3143462719988044,48.835955984431145],[2.312904215111155,48.834777667689906],[2.313323828581158,48.83453955731228],[2.3128984194410145,48.83477364927666],[2.310081426320009,48.83636173835147],[2.307982454716157,48.8375516391399],[2.307801871510375,48.83769229463098],[2.3078360492085204,48.83772855357453],[2.3078752285284914,48.83773351546768],[2.3094455969052774,48.83767334731383],[2.3095491908598738,48.83791253482081],[2.3095753280406495,48.837923131873815],[2.310925208472268,48.83787623852742]]],"type":"Polygon"},"properties":{"id_bv":"15-39","arrondissement":"15","num_bv":39,"geo_point_2d":{"lon":2.3115717132300886,"lat":48.836562540820644},"created_user":null,"created_date":null,"last_edited_user":null,"last_edited_date":null,"st_area_shape":76228.04872205861,"st_perimeter_shape":1450.2109705560144}},{"type":"Feature","geometry":{"coordinates":[[[2.2937276945097436,48.85034624384589],[2.2950503140454974,48.849909332847204],[2.294937115053485,48.84977212105511],[2.2948234455577166,48.84980708208578],[2.2938533175352913,48.84870715774296],[2.2938013000815767,48.848723086921716],[2.2937362601364226,48.84865225497574],[2.2909666356132523,48.84905854099109],[2.290870539387741,48.84894395378002],[2.289123990964416,48.84951860160063],[2.288421664666984,48.8493486676735],[2.2885021318678818,48.84990803650469],[2.2892084847388348,48.849968373132285],[2.290180061240627,48.8502186931025],[2.291102865986855,48.85035954164162],[2.291140341236994,48.850469221443724],[2.2925092273499965,48.850748186339885],[2.2937276945097436,48.85034624384589]]],"type":"Polygon"},"properties":{"id_bv":"15-13","arrondissement":"15","num_bv":13,"geo_point_2d":{"lon":2.292006960138582,"lat":48.849692387931846},"created_user":null,"created_date":null,"last_edited_user":null,"last_edited_date":null,"st_area_shape":64380.67012854482,"st_perimeter_shape":1189.3091961248333}},{"type":"Feature","geometry":{"coordinates":[[[2.350619863038411,48.821320802447296],[2.352359499054306,48.821291062854996],[2.352240310546836,48.82087241792826],[2.3526336178258984,48.82005807164209],[2.352209995664236,48.81996839180915],[2.3529318282378062,48.819322391371074],[2.3524102896448813,48.8185859352816],[2.34689060297247,48.81590397825339],[2.344400034353137,48.81614541592281],[2.344439804131694,48.815623463853576],[2.343962251505069,48.81580052809784],[2.343966130370345,48.81585441533098],[2.3440706940162235,48.817493630763884],[2.3446441699524008,48.81952346734022],[2.3441763850605892,48.82003995096501],[2.346345585077701,48.82138537172043],[2.350619863038411,48.821320802447296]]],"type":"Polygon"},"properties":{"id_bv":"13-46","arrondissement":"13","num_bv":46,"geo_point_2d":{"lon":2.348017784951897,"lat":48.818907056570225},"created_user":null,"created_date":null,"last_edited_user":null,"last_edited_date":null,"st_area_shape":292397.5521101973,"st_perimeter_shape":2286.2355459159726}},{"type":"Feature","geometry":{"coordinates":[[[2.3722705080941195,48.85230956254639],[2.3719231948929,48.851674319258784],[2.3731641311303617,48.850609890000996],[2.373167489170099,48.85058755774514],[2.3711611522376232,48.849364410795424],[2.3705017449211963,48.84897562783476],[2.36812319142494,48.84879630760231],[2.3671831690615788,48.84888448563534],[2.368108496953329,48.85090395335097],[2.369068685042847,48.85298142115993],[2.3690083679397724,48.853023351976596],[2.3691124568339057,48.853128965896204],[2.3691098298432642,48.85318823915355],[2.369176938044116,48.85315981999099],[2.370002068099302,48.85322570727074],[2.3702226121011174,48.85324558468845],[2.370267155474131,48.85328694740195],[2.3703138040388145,48.85325504465834],[2.3703486675472596,48.85325566610918],[2.37129276961722,48.8526804601039],[2.371844283715622,48.85243647813846],[2.3722705080941195,48.85230956254639]]],"type":"Polygon"},"properties":{"id_bv":"12-54","arrondissement":"12","num_bv":54,"geo_point_2d":{"lon":2.3700592636182596,"lat":48.85084218159739},"created_user":null,"created_date":null,"last_edited_user":null,"last_edited_date":null,"st_area_shape":131846.13284613675,"st_perimeter_shape":1514.3722497962688}},{"type":"Feature","geometry":{"coordinates":[[[2.3920548153382377,48.846395899764666],[2.392122622307277,48.84633354212147],[2.3921527983803603,48.846272204682286],[2.3892269256388254,48.84507555583866],[2.3883250804084577,48.8458040832896],[2.387735123168474,48.84592510207235],[2.38721273775244,48.846417704890904],[2.3871835298258963,48.84641903652323],[2.3863869174428993,48.84613675728788],[2.3861496807156386,48.84631886599607],[2.387173469828539,48.84687799023103],[2.3875587958846674,48.84654840860487],[2.3876018924864377,48.84654182918257],[2.3876710170843807,48.84657806280504],[2.387663320816855,48.84666434090592],[2.3891027632577924,48.8473576858093],[2.3908420485523503,48.84747647876202],[2.3920548153382377,48.846395899764666]]],"type":"Polygon"},"properties":{"id_bv":"12-14","arrondissement":"12","num_bv":14,"geo_point_2d":{"lon":2.3895418193485156,"lat":48.846398488896924},"created_user":null,"created_date":null,"last_edited_user":null,"last_edited_date":null,"st_area_shape":58723.42508024031,"st_perimeter_shape":1152.103111250493}},{"type":"Feature","geometry":{"coordinates":[[[2.3926822376931725,48.853559880453346],[2.393070937435044,48.853001913694996],[2.393469424218034,48.85234470851439],[2.39322785956437,48.852276742916736],[2.3932299087449724,48.8522651984473],[2.3937870010443243,48.85131101982512],[2.394115240336139,48.850736965010704],[2.3927659142512456,48.85054227774119],[2.392797088470649,48.85061634652817],[2.3922979895952494,48.85215075259316],[2.393152883246928,48.852403226915015],[2.3927088989040386,48.853121270504246],[2.3911664536714965,48.85305697890216],[2.390972286136084,48.85335704561015],[2.3908061983798143,48.85352196386299],[2.3901255521411855,48.85418895746882],[2.389877521905687,48.85430244644904],[2.38843970683791,48.855300214789374],[2.388459778521673,48.855323872218754],[2.3891659835808308,48.85543265907081],[2.3913106116690295,48.85574856394607],[2.3926822376931725,48.853559880453346]]],"type":"Polygon"},"properties":{"id_bv":"11-44","arrondissement":"11","num_bv":44,"geo_point_2d":{"lon":2.391518346187893,"lat":48.853675573002924},"created_user":null,"created_date":null,"last_edited_user":null,"last_edited_date":null,"st_area_shape":65624.06301351676,"st_perimeter_shape":1706.0443171491809}},{"type":"Feature","geometry":{"coordinates":[[[2.3136681529382708,48.84598101876485],[2.313665047507141,48.8459277271536],[2.3117909397617638,48.84532971229036],[2.313476290318552,48.844534422231796],[2.312942220238841,48.84308015928273],[2.3129545792108654,48.84306493924396],[2.3139738495865845,48.8433988988819],[2.3140212308193195,48.84338452171843],[2.3149198299253033,48.84200429130993],[2.3140000011071526,48.841576904956895],[2.3136765607043537,48.84132772557162],[2.313539015609861,48.84116580031506],[2.313407220091943,48.84102154536817],[2.312250342661037,48.841272654901516],[2.3129547591056756,48.84186821101534],[2.3122157266296215,48.84281745378512],[2.311326213774582,48.84254973128227],[2.310766589551341,48.84443507748113],[2.3105243618286866,48.84496904388566],[2.3106737545480396,48.84502299336736],[2.310557241917509,48.84533678113782],[2.3089843809851853,48.84577121183699],[2.3091818707305194,48.84618875516737],[2.31215895802441,48.84689631566737],[2.3121667930460816,48.846948071379074],[2.3136681529382708,48.84598101876485]]],"type":"Polygon"},"properties":{"id_bv":"15-33","arrondissement":"15","num_bv":33,"geo_point_2d":{"lon":2.3121667673462882,"lat":48.8442301384901},"created_user":null,"created_date":null,"last_edited_user":null,"last_edited_date":null,"st_area_shape":110872.37691258686,"st_perimeter_shape":2145.4311388611777}},{"type":"Feature","geometry":{"coordinates":[[[2.391956791686845,48.84280253678618],[2.3921893290758485,48.84263049479504],[2.3937275295082343,48.84130543814853],[2.3933914081639127,48.84106743096837],[2.3919679098124145,48.84130469416525],[2.391937486973181,48.84129865231805],[2.391769262584658,48.840491418098146],[2.389272431742344,48.84101560337866],[2.3894580707234114,48.84137711349832],[2.389785451864279,48.841339780482876],[2.389805289780359,48.84134796782174],[2.3900170918016834,48.84172261693284],[2.390007950171019,48.84174406951347],[2.3894666179898474,48.84187632703729],[2.3894590476088515,48.841897272260304],[2.3898383423063714,48.84264552551994],[2.3912570155848702,48.84330761919308],[2.391956791686845,48.84280253678618]]],"type":"Polygon"},"properties":{"id_bv":"12-9","arrondissement":"12","num_bv":9,"geo_point_2d":{"lon":2.3912632529145044,"lat":48.84181752590636},"created_user":null,"created_date":null,"last_edited_user":null,"last_edited_date":null,"st_area_shape":54930.9896709937,"st_perimeter_shape":1092.0358629413415}},{"type":"Feature","geometry":{"coordinates":[[[2.269317653924415,48.84045778746933],[2.269336386091537,48.84039586047758],[2.2674957879479587,48.83842605071823],[2.265720773110806,48.83892005317068],[2.2635311296587024,48.83953021795845],[2.2635157750992114,48.839545396589344],[2.265150794774524,48.840533455625064],[2.2662693037215136,48.84054009123618],[2.2664853421718587,48.84132656013666],[2.266799069574002,48.84146563676783],[2.269317653924415,48.84045778746933]]],"type":"Polygon"},"properties":{"id_bv":"16-40","arrondissement":"16","num_bv":40,"geo_point_2d":{"lon":2.266709744108623,"lat":48.83988927314902},"created_user":null,"created_date":null,"last_edited_user":null,"last_edited_date":null,"st_area_shape":72455.36161318354,"st_perimeter_shape":1159.8165266562019}},{"type":"Feature","geometry":{"coordinates":[[[2.3555069886913613,48.831360408982825],[2.355813776780446,48.830654824832905],[2.3529338521221232,48.82808087585859],[2.3528974260869617,48.82809578735316],[2.352650410892972,48.82824348400701],[2.3526746902028908,48.82983051291577],[2.35263560188089,48.830083076308874],[2.3523851374408378,48.83007413681567],[2.3495684429482306,48.829002896436904],[2.3484182970928233,48.82943496433563],[2.3486301156543585,48.82973380622903],[2.34912803499652,48.82959698469094],[2.349455651757679,48.829562697840124],[2.349538260959184,48.829561949197405],[2.349932443428318,48.82962272075908],[2.3527166239697546,48.83051312791115],[2.355450845275397,48.83138058331425],[2.3555069886913613,48.831360408982825]]],"type":"Polygon"},"properties":{"id_bv":"13-56","arrondissement":"13","num_bv":56,"geo_point_2d":{"lon":2.3530841101306135,"lat":48.82987406502105},"created_user":null,"created_date":null,"last_edited_user":null,"last_edited_date":null,"st_area_shape":57743.671972448225,"st_perimeter_shape":1614.8599045644073}},{"type":"Feature","geometry":{"coordinates":[[[2.3771018506401456,48.84772887350126],[2.377729039868201,48.84732200476646],[2.3767510213763807,48.84665467529102],[2.3780618163716425,48.8460001831675],[2.3776420008526107,48.84549338212925],[2.376936918317244,48.845329898914656],[2.3761024287775556,48.84574405087099],[2.3760643279251905,48.845742909643256],[2.3753876011160338,48.84536018839815],[2.375339738230914,48.8453415745034],[2.3744048703226204,48.84592518444823],[2.3742506857043777,48.84592060529013],[2.374063042525075,48.8458924370016],[2.374169916254016,48.84693320995693],[2.374184466158836,48.84694961209344],[2.374914642878044,48.847058742214735],[2.3751665671910094,48.847392954153946],[2.375550254133762,48.84767801001574],[2.3760094169438015,48.84833773233957],[2.3771018506401456,48.84772887350126]]],"type":"Polygon"},"properties":{"id_bv":"12-59","arrondissement":"12","num_bv":59,"geo_point_2d":{"lon":2.3760255765841545,"lat":48.8466074803701},"created_user":null,"created_date":null,"last_edited_user":null,"last_edited_date":null,"st_area_shape":56106.41030331479,"st_perimeter_shape":1118.8722927045828}},{"type":"Feature","geometry":{"coordinates":[[[2.3060274226946254,48.848000409088996],[2.306081321147223,48.848037730482964],[2.306092032951708,48.847959887125874],[2.307344288555699,48.84714894555214],[2.308109933875041,48.847421558691565],[2.310464176152657,48.84797688584361],[2.3105335794348756,48.847993337637135],[2.3121667930460816,48.846948071379074],[2.31215895802441,48.84689631566737],[2.3091818707305194,48.84618875516737],[2.3089843809851853,48.84577121183699],[2.306098654210123,48.84657257328958],[2.305407926597019,48.846791634230065],[2.305403895705683,48.846815666106224],[2.305274559726535,48.847605388926006],[2.3058056537914977,48.8480578706827],[2.3059280971480987,48.84806293219119],[2.3060274226946254,48.848000409088996]]],"type":"Polygon"},"properties":{"id_bv":"15-24","arrondissement":"15","num_bv":24,"geo_point_2d":{"lon":2.308548221769073,"lat":48.84698927462484},"created_user":null,"created_date":null,"last_edited_user":null,"last_edited_date":null,"st_area_shape":67585.69929840983,"st_perimeter_shape":1309.2279742610992}},{"type":"Feature","geometry":{"coordinates":[[[2.3519741114054127,48.90139012288392],[2.352338541546401,48.89957718133894],[2.35255112965075,48.89787301575266],[2.346623890643618,48.89628186097041],[2.3464183085391412,48.89608892692868],[2.3462671588298236,48.89611688104617],[2.347113557555395,48.89771189236832],[2.3470918412570008,48.89773233328908],[2.3467730215187625,48.89760278723129],[2.344257098394827,48.8974593965725],[2.344180556905272,48.89792622371728],[2.34415298282144,48.89795171048001],[2.3440978152923715,48.9012598232165],[2.3441388885653955,48.90129304852302],[2.351890597001664,48.90143711613273],[2.3519741114054127,48.90139012288392]]],"type":"Polygon"},"properties":{"id_bv":"18-13","arrondissement":"18","num_bv":13,"geo_point_2d":{"lon":2.348221781109348,"lat":48.89924378130283},"created_user":null,"created_date":null,"last_edited_user":null,"last_edited_date":null,"st_area_shape":277196.88126739487,"st_perimeter_shape":2308.622317887875}},{"type":"Feature","geometry":{"coordinates":[[[2.3893345853175743,48.86718593897823],[2.390107779689952,48.86621982774531],[2.3908345680333403,48.86632993539627],[2.391450485135919,48.8661017323752],[2.3912286314912135,48.865777424486836],[2.3913257158543506,48.865126794886585],[2.3911846478598595,48.86513167666416],[2.390613631815639,48.86498878279718],[2.389729341733171,48.864841690968376],[2.3894217083862253,48.86439062304864],[2.388996427603682,48.864616263005],[2.388250860844757,48.864950308108206],[2.38782510543467,48.86571257624191],[2.3876802740041163,48.865788708281876],[2.387295872456745,48.86663229885617],[2.389223532084644,48.86729533631444],[2.3893345853175743,48.86718593897823]]],"type":"Polygon"},"properties":{"id_bv":"20-63","arrondissement":"20","num_bv":63,"geo_point_2d":{"lon":2.389297407004731,"lat":48.865851185017945},"created_user":null,"created_date":null,"last_edited_user":null,"last_edited_date":null,"st_area_shape":54327.98447204059,"st_perimeter_shape":999.4803569757303}},{"type":"Feature","geometry":{"coordinates":[[[2.3826314835532045,48.82289924146588],[2.382640041264405,48.82283563144311],[2.381519705718988,48.822452194333344],[2.3807342178589654,48.82171973411928],[2.3736346159674815,48.81941212309263],[2.3735569260973817,48.819426390369195],[2.372684294044799,48.819839749694275],[2.3722159973810335,48.820754938686235],[2.371837932026317,48.8209327433988],[2.371939095191879,48.82130184615288],[2.371592370618129,48.82199256500825],[2.371579052040142,48.82236317148692],[2.3716285957929246,48.82235810393227],[2.371689828947088,48.82237571800681],[2.3729694811828477,48.82279468123044],[2.3729825629845984,48.82280889162065],[2.37264276119388,48.82327086469973],[2.3727157052530696,48.823304790491726],[2.3728140219425096,48.82333383889116],[2.372888129378344,48.823238330673156],[2.373477873492243,48.823409176268974],[2.3735527610004303,48.82331202048397],[2.3730084483388705,48.82306885807545],[2.373143195023117,48.82285222931702],[2.3769321282982903,48.82411718888212],[2.3807013443897325,48.825423701617936],[2.380718237390472,48.825442615688424],[2.3826314835532045,48.82289924146588]]],"type":"Polygon"},"properties":{"id_bv":"13-22","arrondissement":"13","num_bv":22,"geo_point_2d":{"lon":2.376954544826996,"lat":48.8223503242215},"created_user":null,"created_date":null,"last_edited_user":null,"last_edited_date":null,"st_area_shape":280343.51088168763,"st_perimeter_shape":2445.634644617733}},{"type":"Feature","geometry":{"coordinates":[[[2.3046827184378813,48.88963108539132],[2.304528527269178,48.88907856483743],[2.3042369262756477,48.8889054559177],[2.303942619938589,48.88881672991129],[2.301737013949985,48.88712834813485],[2.3009289577657666,48.88684590330468],[2.2998476478719256,48.886496283246714],[2.2998127552564784,48.88650655911844],[2.2996326230385304,48.88668406523183],[2.2982254747262654,48.8867511100001],[2.29847951229798,48.88725514519415],[2.300363840975296,48.88832973891366],[2.303867984821048,48.89002824363095],[2.30388516100413,48.890060353288256],[2.3040049989247007,48.89011211377658],[2.3040593982841537,48.890101234217],[2.3046827184378813,48.88963108539132]]],"type":"Polygon"},"properties":{"id_bv":"17-37","arrondissement":"17","num_bv":37,"geo_point_2d":{"lon":2.3015950094636084,"lat":48.888139156186526},"created_user":null,"created_date":null,"last_edited_user":null,"last_edited_date":null,"st_area_shape":71138.2280249742,"st_perimeter_shape":1296.701946855378}},{"type":"Feature","geometry":{"coordinates":[[[2.402929158647542,48.836217694183546],[2.403030107666832,48.83609017910421],[2.4044400475769816,48.83425478895695],[2.404424070597913,48.83422147428598],[2.4036096507834506,48.83392223121282],[2.4022694581562374,48.83343908362954],[2.4021922541863487,48.83341116730657],[2.4020244993482494,48.833560595589674],[2.4017080339104933,48.83414891643995],[2.4016654011631164,48.83416254440402],[2.4012641672148964,48.83415954098112],[2.4007766367016696,48.83466216473345],[2.4004068929436135,48.835028284947064],[2.402110984809397,48.83682563546269],[2.4021739494214134,48.83716267239238],[2.4021979731596845,48.83719056656636],[2.4022265014875317,48.83711732746498],[2.402929158647542,48.836217694183546]]],"type":"Polygon"},"properties":{"id_bv":"12-25","arrondissement":"12","num_bv":25,"geo_point_2d":{"lon":2.402378213699516,"lat":48.835028057813666},"created_user":null,"created_date":null,"last_edited_user":null,"last_edited_date":null,"st_area_shape":59922.74911684418,"st_perimeter_shape":1072.056940531966}},{"type":"Feature","geometry":{"coordinates":[[[2.3821043374766258,48.8732014236446],[2.3826585390266795,48.87328776208231],[2.383215143316474,48.87201218846606],[2.382665071932772,48.87187487149964],[2.381417503066632,48.870982495335404],[2.379260276412399,48.87016548618316],[2.3792529892848924,48.87011266626204],[2.378372966182391,48.870797679681665],[2.378309208812435,48.87077871518022],[2.3783187072197856,48.870840486028385],[2.377966033422114,48.87111723874932],[2.377004840021177,48.87205763697204],[2.3799724478062227,48.872865252474035],[2.382054456491928,48.87329689225912],[2.3821043374766258,48.8732014236446]]],"type":"Polygon"},"properties":{"id_bv":"20-76","arrondissement":"20","num_bv":76,"geo_point_2d":{"lon":2.380245319808217,"lat":48.871844756903386},"created_user":null,"created_date":null,"last_edited_user":null,"last_edited_date":null,"st_area_shape":87680.70601816829,"st_perimeter_shape":1240.8439943335927}},{"type":"Feature","geometry":{"coordinates":[[[2.331138756229244,48.83789528543649],[2.332662248411462,48.83746212477707],[2.3325777256109954,48.834629727139124],[2.332286974123354,48.83425637458782],[2.3323040843744924,48.834195605165206],[2.331514142280803,48.833259542772005],[2.3291382011291666,48.834133400899816],[2.3296839867519923,48.8348140210349],[2.329682134520294,48.83483368079506],[2.3290008081281046,48.835296015199425],[2.3275683285869357,48.835876183166484],[2.3275580807757077,48.83588546821307],[2.3277989306552453,48.83618904811857],[2.328159310201626,48.83606527526696],[2.3281924012618327,48.8360660322289],[2.3302745247319545,48.838656285061866],[2.3307833342074886,48.838698975611955],[2.3310719464690384,48.837918286418564],[2.331138756229244,48.83789528543649]]],"type":"Polygon"},"properties":{"id_bv":"14-28","arrondissement":"14","num_bv":28,"geo_point_2d":{"lon":2.3306802049047786,"lat":48.83592292951465},"created_user":null,"created_date":null,"last_edited_user":null,"last_edited_date":null,"st_area_shape":128073.76436955537,"st_perimeter_shape":1622.228179375915}},{"type":"Feature","geometry":{"coordinates":[[[2.3349467508805835,48.885754228800245],[2.3349932886840947,48.88577182545137],[2.3350112981477915,48.8857365485697],[2.3350916465447153,48.88571138999846],[2.3353605798221753,48.88562995783122],[2.3353830074405137,48.88560183259975],[2.3350307574810953,48.88518641820175],[2.3350401534699734,48.88515489762358],[2.3368558998467983,48.8844101499765],[2.336871785308283,48.88438486426426],[2.3366879083378533,48.884048463003246],[2.3366961524411045,48.88402527357897],[2.336945212963091,48.88396439969816],[2.3361926711960397,48.88272578293173],[2.3327720615412812,48.88375033924475],[2.332743639931231,48.88383424220725],[2.332771571817185,48.88387785353793],[2.334730189806369,48.885800919480396],[2.334776986865469,48.885805905465126],[2.3349467508805835,48.885754228800245]]],"type":"Polygon"},"properties":{"id_bv":"18-26","arrondissement":"18","num_bv":26,"geo_point_2d":{"lon":2.334993056490854,"lat":48.88412755161738},"created_user":null,"created_date":null,"last_edited_user":null,"last_edited_date":null,"st_area_shape":55253.01781447922,"st_perimeter_shape":1031.573299594498}},{"type":"Feature","geometry":{"coordinates":[[[2.288808923458374,48.84067044789573],[2.2889891369469337,48.84077347807787],[2.29048737594842,48.840174398681015],[2.2903311076494774,48.839978308291506],[2.28936298737815,48.83857447197884],[2.2889835727470014,48.83847037333551],[2.288956876099015,48.838485988731165],[2.2858746437941053,48.840289811715145],[2.2878789978522778,48.84108719869863],[2.2879033724960007,48.84109156813917],[2.288808923458374,48.84067044789573]]],"type":"Polygon"},"properties":{"id_bv":"15-88","arrondissement":"15","num_bv":88,"geo_point_2d":{"lon":2.2883835014497445,"lat":48.83989781076706},"created_user":null,"created_date":null,"last_edited_user":null,"last_edited_date":null,"st_area_shape":50771.20266975431,"st_perimeter_shape":932.2508395671542}},{"type":"Feature","geometry":{"coordinates":[[[2.311326213774582,48.84254973128227],[2.3122157266296215,48.84281745378512],[2.3129547591056756,48.84186821101534],[2.312250342661037,48.841272654901516],[2.3120350249441173,48.8413801260292],[2.3103678395320255,48.84137951827271],[2.3094252636973067,48.84196348824378],[2.308994642825149,48.844470071279],[2.3095911932596693,48.844645184507336],[2.3105243618286866,48.84496904388566],[2.310766589551341,48.84443507748113],[2.311326213774582,48.84254973128227]]],"type":"Polygon"},"properties":{"id_bv":"15-32","arrondissement":"15","num_bv":32,"geo_point_2d":{"lon":2.310622412934922,"lat":48.842845841440436},"created_user":null,"created_date":null,"last_edited_user":null,"last_edited_date":null,"st_area_shape":63357.856979963755,"st_perimeter_shape":1192.888872180521}},{"type":"Feature","geometry":{"coordinates":[[[2.4077303302740893,48.84898082422533],[2.4079355566770055,48.84898465314921],[2.4080334418364986,48.84733643008874],[2.4079713843734893,48.84730292787412],[2.4064049160563328,48.847435136999984],[2.4063341560540574,48.847401156368605],[2.4063291936034976,48.84744657249147],[2.403465589257076,48.847705387756434],[2.399130957470874,48.84809056071216],[2.3991864670957157,48.84837837275302],[2.39919136378179,48.848580685328976],[2.399229075622265,48.84877973611256],[2.3992008963517395,48.848881232317396],[2.3993132273205084,48.84883202164046],[2.3997436232591824,48.848987054668804],[2.407724804851956,48.84909696980911],[2.4077303302740893,48.84898082422533]]],"type":"Polygon"},"properties":{"id_bv":"20-57","arrondissement":"20","num_bv":57,"geo_point_2d":{"lon":2.404090465693638,"lat":48.84834115950794},"created_user":null,"created_date":null,"last_edited_user":null,"last_edited_date":null,"st_area_shape":96095.04466570704,"st_perimeter_shape":1597.9846743201585}},{"type":"Feature","geometry":{"coordinates":[[[2.335761830327073,48.889697640021815],[2.3357759669869766,48.889669561450404],[2.335752450593023,48.88907402590687],[2.3357309731343423,48.88905728900934],[2.3352075726749577,48.88903418267865],[2.3342999691265964,48.88795344096258],[2.3343203892387936,48.88792309697115],[2.33393806070781,48.88790722637981],[2.3336394458380316,48.888123497995764],[2.333626402341088,48.888148899749204],[2.3330772683663934,48.88855455600319],[2.3329166014579217,48.88878255408823],[2.332265493039985,48.88922883554806],[2.332818582758002,48.88998473548939],[2.332854904921947,48.88999272872398],[2.333200419208465,48.889515068811846],[2.3333295943326093,48.88915010402126],[2.3334423031311653,48.88912655399934],[2.33429074081555,48.89051788239389],[2.334326851660693,48.89052644956811],[2.3357793030774276,48.89033280733833],[2.335803031771084,48.8903023646],[2.335761830327073,48.889697640021815]]],"type":"Polygon"},"properties":{"id_bv":"18-35","arrondissement":"18","num_bv":35,"geo_point_2d":{"lon":2.3342567202310187,"lat":48.88929097569664},"created_user":null,"created_date":null,"last_edited_user":null,"last_edited_date":null,"st_area_shape":41165.51815078492,"st_perimeter_shape":1027.0613494404067}},{"type":"Feature","geometry":{"coordinates":[[[2.298933763916036,48.842199250102425],[2.2991479214319503,48.841568737470936],[2.2994088603404994,48.84067406742875],[2.296637392657972,48.83985077679949],[2.2964027225912464,48.83958893460999],[2.2963712430160292,48.83959452250393],[2.2955770528338393,48.840425224610165],[2.297190368280438,48.84097809776924],[2.2955908372168983,48.842812420317436],[2.295619467504664,48.84283391111051],[2.298675657613863,48.84293783589011],[2.298703989753981,48.84291880049003],[2.298933763916036,48.842199250102425]]],"type":"Polygon"},"properties":{"id_bv":"15-64","arrondissement":"15","num_bv":64,"geo_point_2d":{"lon":2.297565322298,"lat":48.84147681882157},"created_user":null,"created_date":null,"last_edited_user":null,"last_edited_date":null,"st_area_shape":62934.54977724009,"st_perimeter_shape":1222.94177800415}},{"type":"Feature","geometry":{"coordinates":[[[2.3268706119274416,48.83496697288717],[2.326292580575602,48.83417776411257],[2.321949780893153,48.834483493926086],[2.320529127313245,48.835212446386706],[2.322001997646864,48.83606234928115],[2.3220327810150962,48.836060466006586],[2.323068237935767,48.8355544986581],[2.3236834777803868,48.835553947111364],[2.3237015859597014,48.835566912301196],[2.323437921602737,48.836219201601764],[2.323470008404826,48.83622480359444],[2.3268706119274416,48.83496697288717]]],"type":"Polygon"},"properties":{"id_bv":"14-17","arrondissement":"14","num_bv":17,"geo_point_2d":{"lon":2.3237645031144845,"lat":48.83506024374748},"created_user":null,"created_date":null,"last_edited_user":null,"last_edited_date":null,"st_area_shape":60063.73959211133,"st_perimeter_shape":1201.3227145871492}},{"type":"Feature","geometry":{"coordinates":[[[2.416317507029675,48.84842595776736],[2.415405881902768,48.848516712303415],[2.4152224236392508,48.84763184582075],[2.4133875517069874,48.84741852938594],[2.412720808149603,48.84796791619554],[2.412201155254945,48.84802244978809],[2.4125290755167277,48.84873403530755],[2.4120871476151264,48.848842867982825],[2.4123429682517674,48.84907199449066],[2.4116327538111046,48.85277093742074],[2.4117166938402694,48.853203602355784],[2.411571614135731,48.853669487135214],[2.415385526205511,48.854363300700946],[2.415401615839816,48.85436624642922],[2.4154385577911395,48.85427317807341],[2.416400271163875,48.84878102543912],[2.416317507029675,48.84842595776736]]],"type":"Polygon"},"properties":{"id_bv":"20-55","arrondissement":"20","num_bv":55,"geo_point_2d":{"lon":2.413988370132535,"lat":48.85091761193783},"created_user":null,"created_date":null,"last_edited_user":null,"last_edited_date":null,"st_area_shape":202641.42497025724,"st_perimeter_shape":2042.4450812076814}},{"type":"Feature","geometry":{"coordinates":[[[2.3221112567703543,48.87176281055589],[2.322088605028487,48.871754114240865],[2.3185832202848733,48.872055672702714],[2.317881655617719,48.871251494243054],[2.3167826333010058,48.87099112047209],[2.31558946329824,48.87133578786683],[2.3155536100825835,48.87132836113569],[2.3133775647279555,48.870035618185256],[2.3122172180702996,48.87002673845943],[2.3121988796082205,48.87003898737191],[2.312869872038193,48.87038937193526],[2.312889912186545,48.87042763624],[2.3119857363656218,48.87143659597081],[2.311988492393512,48.87146543935223],[2.3125318701517927,48.872184818565884],[2.3125211514505373,48.872220874592],[2.310760392657803,48.872822182016435],[2.3107733150955867,48.87286222408005],[2.3115270838799113,48.87308329332649],[2.312283037605991,48.87330374795421],[2.314194058502379,48.873636231850845],[2.314189672789873,48.87368197688367],[2.314270281482315,48.87365039247062],[2.3174784983698475,48.87419619037066],[2.3195804421624513,48.874558592536964],[2.3199616264124083,48.87476604368871],[2.3221112567703543,48.87176281055589]]],"type":"Polygon"},"properties":{"id_bv":"8-12","arrondissement":"8","num_bv":12,"geo_point_2d":{"lon":2.316404857136325,"lat":48.87253577584189},"created_user":null,"created_date":null,"last_edited_user":null,"last_edited_date":null,"st_area_shape":211738.17271330778,"st_perimeter_shape":2380.473031749506}},{"type":"Feature","geometry":{"coordinates":[[[2.3573163739328526,48.82616870738905],[2.3573324574547447,48.826098143401225],[2.356989325462415,48.826074378447665],[2.356969672515945,48.82606864358481],[2.3569699329640206,48.825995510480034],[2.354110199146782,48.82582192800043],[2.3541533141880313,48.82524885991467],[2.3552992104890618,48.82475022129353],[2.355262050235884,48.82437645405374],[2.355363780508685,48.824214736010326],[2.355321433878386,48.82405320086041],[2.355367006377301,48.8235272748429],[2.3552770206053024,48.8231681493918],[2.3550788854944775,48.82320058640439],[2.3541744869458974,48.82362044374901],[2.353807960144184,48.8236718372601],[2.3534700657940806,48.82348467884292],[2.353162442263242,48.823516273348304],[2.353178452631937,48.823816281692075],[2.352819982116187,48.824014003987315],[2.351364219357306,48.82501738880168],[2.3515057277484215,48.82503650534402],[2.350688741570189,48.82563281520374],[2.3507110548663928,48.82569819059585],[2.3526946383873533,48.82580443865526],[2.352746371776058,48.82595608182566],[2.350760672609479,48.82590571580884],[2.350736278390218,48.825911938362026],[2.350721630999723,48.82601215994619],[2.351009739022098,48.82606385323171],[2.3536106335387452,48.82610177759659],[2.35383998976113,48.826213977529285],[2.354370453740575,48.826145206389384],[2.356559582577503,48.82725837395218],[2.356552858843329,48.82737647419542],[2.3569094344355923,48.82746339113197],[2.3573163739328526,48.82616870738905]]],"type":"Polygon"},"properties":{"id_bv":"13-40","arrondissement":"13","num_bv":40,"geo_point_2d":{"lon":2.354045634774776,"lat":48.825244539813575},"created_user":null,"created_date":null,"last_edited_user":null,"last_edited_date":null,"st_area_shape":82825.52646590449,"st_perimeter_shape":2092.1980041416596}},{"type":"Feature","geometry":{"coordinates":[[[2.399216021059008,48.838076480802016],[2.3984238574175847,48.83760675762655],[2.3984138647439446,48.83758638987623],[2.4001749751382127,48.83626942769301],[2.399992655262518,48.836050143353404],[2.3996709582890072,48.835853585862885],[2.399674035047871,48.83583355089188],[2.4004068929436135,48.835028284947064],[2.4007766367016696,48.83466216473345],[2.39868189726077,48.83519767155624],[2.394716916112791,48.83623483304836],[2.394705954182079,48.83625596119067],[2.3949863373967917,48.836323577384874],[2.3971872320582905,48.835702747908634],[2.398432189334853,48.836709172604614],[2.398375236906213,48.83677384176021],[2.3977097716760163,48.837321090850914],[2.3988311164834193,48.83797986575628],[2.3991815934847205,48.8380942159772],[2.399216021059008,48.838076480802016]]],"type":"Polygon"},"properties":{"id_bv":"12-24","arrondissement":"12","num_bv":24,"geo_point_2d":{"lon":2.3986814496892146,"lat":48.83608737494334},"created_user":null,"created_date":null,"last_edited_user":null,"last_edited_date":null,"st_area_shape":40228.80310891602,"st_perimeter_shape":1542.4180228043417}},{"type":"Feature","geometry":{"coordinates":[[[2.3121318278924465,48.83087390950197],[2.3125189445221412,48.8309182836899],[2.3133382200898227,48.83025228785951],[2.310082588867177,48.82855766123557],[2.309088440015618,48.829281153613515],[2.30912254498917,48.829553417645606],[2.308977972542534,48.82967922818639],[2.309224846313228,48.83016434730082],[2.308113803310189,48.83070671462624],[2.308066830403803,48.83073099584988],[2.3099014235924558,48.83226054285249],[2.309996584002579,48.83226777783449],[2.3121318278924465,48.83087390950197]]],"type":"Polygon"},"properties":{"id_bv":"14-52","arrondissement":"14","num_bv":52,"geo_point_2d":{"lon":2.3105206852279654,"lat":48.83040335251218},"created_user":null,"created_date":null,"last_edited_user":null,"last_edited_date":null,"st_area_shape":78771.62403727105,"st_perimeter_shape":1192.272534359481}},{"type":"Feature","geometry":{"coordinates":[[[2.4047005044564433,48.87294081735298],[2.404592646457083,48.872954936438866],[2.4039211794933735,48.87276668089024],[2.4025354112390747,48.875968955488574],[2.402534747465748,48.87600863425187],[2.4051170766789363,48.876761173279576],[2.405458020413276,48.87491686746512],[2.4047005044564433,48.87294081735298]]],"type":"Polygon"},"properties":{"id_bv":"20-20","arrondissement":"20","num_bv":20,"geo_point_2d":{"lon":2.4041761832909003,"lat":48.874932568901556},"created_user":null,"created_date":null,"last_edited_user":null,"last_edited_date":null,"st_area_shape":58779.512007295365,"st_perimeter_shape":1076.6126076371168}},{"type":"Feature","geometry":{"coordinates":[[[2.408879267601145,48.85823532461304],[2.4085450825645776,48.85714195006346],[2.40830732496037,48.85728344327257],[2.4076850141319515,48.85675087828048],[2.4068125824649944,48.85712281696138],[2.4075620360640517,48.85773951108178],[2.4067341802937587,48.8582649117153],[2.407934764245027,48.85908142260088],[2.408640928099394,48.858513467310225],[2.408879267601145,48.85823532461304]]],"type":"Polygon"},"properties":{"id_bv":"20-39","arrondissement":"20","num_bv":39,"geo_point_2d":{"lon":2.4078685811686955,"lat":48.857918870533226},"created_user":null,"created_date":null,"last_edited_user":null,"last_edited_date":null,"st_area_shape":23356.500953423965,"st_perimeter_shape":714.4013980438153}},{"type":"Feature","geometry":{"coordinates":[[[2.386939941917388,48.82805565211605],[2.3900968415836266,48.825816818651305],[2.3900946652280517,48.82574192309457],[2.388838181335423,48.82508746246978],[2.3826819197803633,48.82288569553168],[2.3826314835532045,48.82289924146588],[2.380718237390472,48.825442615688424],[2.380721567488824,48.82545880726902],[2.3782688604388063,48.826429913599945],[2.378225297857112,48.82643676787994],[2.3776546007053545,48.82636958768098],[2.377545892422564,48.826337543849284],[2.377550758138551,48.82639149469279],[2.3720644907860593,48.827548691909094],[2.3720563830997023,48.82757289822608],[2.3721022234372904,48.827654053673925],[2.3721296022047413,48.82766204444432],[2.374343452694544,48.827248102403],[2.3750576361326914,48.82744140996534],[2.376934135555745,48.82790947442662],[2.3776539975930864,48.827883786211416],[2.380033078830841,48.82886763311726],[2.3800782311514093,48.82886000846882],[2.3804604242179197,48.82844242603469],[2.3828050871275583,48.829448769286145],[2.3835694622494548,48.8298031627312],[2.3843137798761966,48.8301256686486],[2.3843633216828715,48.83014746537671],[2.384470255745605,48.83013939261962],[2.384547804040174,48.83008778566162],[2.386939941917388,48.82805565211605]]],"type":"Polygon"},"properties":{"id_bv":"13-71","arrondissement":"13","num_bv":71,"geo_point_2d":{"lon":2.3831723161065153,"lat":48.82661620018673},"created_user":null,"created_date":null,"last_edited_user":null,"last_edited_date":null,"st_area_shape":414738.6772794449,"st_perimeter_shape":3344.8429827221967}},{"type":"Feature","geometry":{"coordinates":[[[2.371567568042119,48.82238662084831],[2.371579052040142,48.82236317148692],[2.371592370618129,48.82199256500825],[2.371939095191879,48.82130184615288],[2.371837932026317,48.8209327433988],[2.3722159973810335,48.820754938686235],[2.372684294044799,48.819839749694275],[2.3735569260973817,48.819426390369195],[2.37356302472689,48.819392738772684],[2.370501176953328,48.81838062966306],[2.370454532232875,48.81839439103202],[2.3690116384965254,48.82010225138636],[2.369138989421598,48.82036458233705],[2.369659324145734,48.82057611896849],[2.3693825392645227,48.82134676862742],[2.370365754626293,48.82168208707297],[2.370589754943739,48.82145187893816],[2.3715983397416074,48.821788182301404],[2.371444504090551,48.821998646503474],[2.3707187838604176,48.821758700776364],[2.370700099832089,48.821758915433534],[2.370539108161991,48.82197799374469],[2.3705215861679774,48.82197795726928],[2.3674269452713683,48.82111217851134],[2.367765207476321,48.82227892707668],[2.3669890231695163,48.822661632130036],[2.367361010738042,48.82285434687766],[2.3673821265294945,48.82284514374128],[2.3686575360016593,48.82298632037058],[2.368665484740597,48.82295169046438],[2.368701076213163,48.82292673718846],[2.371567568042119,48.82238662084831]]],"type":"Polygon"},"properties":{"id_bv":"13-21","arrondissement":"13","num_bv":21,"geo_point_2d":{"lon":2.3703508040243255,"lat":48.82079461039732},"created_user":null,"created_date":null,"last_edited_user":null,"last_edited_date":null,"st_area_shape":106949.17210068539,"st_perimeter_shape":2144.896312379912}},{"type":"Feature","geometry":{"coordinates":[[[2.341209662432508,48.82110836204865],[2.341343952946616,48.821116592770835],[2.3415309217768905,48.82046057790944],[2.3428273504055697,48.820460044562004],[2.3428149763890693,48.82059277107119],[2.3426269037948737,48.82117974705666],[2.342640017443227,48.82121181281308],[2.3438731611563144,48.820367269463546],[2.3441763850605892,48.82003995096501],[2.3446441699524008,48.81952346734022],[2.3440706940162235,48.817493630763884],[2.343966130370345,48.81585441533098],[2.343821528026774,48.815862581497],[2.34308699687923,48.81613476078777],[2.3417452182027154,48.8163864183958],[2.3336997462991245,48.816805076987286],[2.3318454486052316,48.81707218862434],[2.332485911568798,48.818254451370606],[2.3292886643982764,48.818948191664724],[2.3293031236402735,48.81899217887976],[2.330012466809005,48.821198317414606],[2.330430438732461,48.82239925677604],[2.3303605865004546,48.82241452744403],[2.330440051965693,48.822449004088206],[2.3309594920261514,48.82395714812],[2.3319698855762376,48.82375831115891],[2.3372734910783763,48.824340989599925],[2.339871735900458,48.82464448554732],[2.341209662432508,48.82110836204865]]],"type":"Polygon"},"properties":{"id_bv":"14-41","arrondissement":"14","num_bv":41,"geo_point_2d":{"lon":2.336902311646325,"lat":48.82014524236109},"created_user":null,"created_date":null,"last_edited_user":null,"last_edited_date":null,"st_area_shape":741795.9211285065,"st_perimeter_shape":3858.4824402506883}},{"type":"Feature","geometry":{"coordinates":[[[2.372821928424582,48.85503615232838],[2.372908591823141,48.85507204094583],[2.373039637499851,48.85494519344106],[2.37264687146589,48.854779724636124],[2.372653657543316,48.85476905973928],[2.375080728941517,48.853213752804265],[2.3752471179599155,48.85327900178891],[2.3754452882735664,48.85331883257085],[2.377010827408782,48.853283707231625],[2.3770962091562455,48.8532824735586],[2.376730532524359,48.85268742071026],[2.376614996211398,48.852656326293506],[2.3766246423336232,48.85250993773173],[2.375901758721477,48.851334169729824],[2.373776774577021,48.85186648031982],[2.3722705080941195,48.85230956254639],[2.371844283715622,48.85243647813846],[2.37129276961722,48.8526804601039],[2.3703486675472596,48.85325566610918],[2.3703138040388145,48.85325504465834],[2.370267155474131,48.85328694740195],[2.371398699497218,48.85433693845645],[2.3726753258970508,48.85511534688765],[2.372821928424582,48.85503615232838]]],"type":"Polygon"},"properties":{"id_bv":"11-11","arrondissement":"11","num_bv":11,"geo_point_2d":{"lon":2.3736024262805104,"lat":48.85305101765446},"created_user":null,"created_date":null,"last_edited_user":null,"last_edited_date":null,"st_area_shape":96579.45789798691,"st_perimeter_shape":1454.1774742889907}},{"type":"Feature","geometry":{"coordinates":[[[2.3418232705205466,48.888424253239855],[2.3430561347918655,48.888463729483526],[2.343712966324978,48.888848007922846],[2.3437489983728006,48.88883450508008],[2.3443702159144477,48.88760379255493],[2.3444117267222455,48.88759644211839],[2.345166987759327,48.88781521814466],[2.345156223580065,48.88753263135151],[2.344938308446467,48.887522448794776],[2.3449141757404255,48.88750217274704],[2.3449299422217207,48.88646007468089],[2.3441379350807336,48.88626477749652],[2.34402561666142,48.885778769703556],[2.3419372851628695,48.885619264516556],[2.3388460980643297,48.886403039334624],[2.3391009852872435,48.88671831289511],[2.3394307033197608,48.88699586267808],[2.3393923623869353,48.88703270974042],[2.3396917796666457,48.88703339095155],[2.339757718670115,48.88824304999681],[2.3401923415223145,48.889699825749005],[2.3427985219910212,48.88979373222779],[2.3418232705205466,48.888424253239855]]],"type":"Polygon"},"properties":{"id_bv":"18-3","arrondissement":"18","num_bv":3,"geo_point_2d":{"lon":2.3419534045147956,"lat":48.88748029716187},"created_user":null,"created_date":null,"last_edited_user":null,"last_edited_date":null,"st_area_shape":133354.21963493328,"st_perimeter_shape":1810.9057074524371}},{"type":"Feature","geometry":{"coordinates":[[[2.299444605726826,48.84053187604603],[2.3002981167382566,48.83943377933975],[2.298552933913667,48.838558902594265],[2.2976090109782983,48.83800899850088],[2.295834069173964,48.83926419303156],[2.2963838728053423,48.83956226532908],[2.2964027225912464,48.83958893460999],[2.296637392657972,48.83985077679949],[2.2994088603404994,48.84067406742875],[2.299444605726826,48.84053187604603]]],"type":"Polygon"},"properties":{"id_bv":"15-63","arrondissement":"15","num_bv":63,"geo_point_2d":{"lon":2.2981321964076837,"lat":48.83938473155239},"created_user":null,"created_date":null,"last_edited_user":null,"last_edited_date":null,"st_area_shape":50022.57907684589,"st_perimeter_shape":909.8260036287534}},{"type":"Feature","geometry":{"coordinates":[[[2.4002577912147993,48.864824667824024],[2.399069100883167,48.86486670212666],[2.3991523464403084,48.864730441039505],[2.4003979091921583,48.864236337903904],[2.399881227913972,48.86416059313306],[2.3998580127094002,48.86405408740434],[2.4003831531035034,48.86385241003445],[2.400497770026798,48.86392483257667],[2.402226424961303,48.86327168663743],[2.40271734704207,48.86300186211927],[2.4032216172424317,48.8626250228939],[2.4034282672582927,48.86243349692774],[2.4017133626367433,48.86161698039375],[2.399980513251644,48.8631739381381],[2.3997716740323853,48.86329193944978],[2.3997028447275364,48.86332821990765],[2.3985587083431485,48.864808592371034],[2.398463205698416,48.864933821286996],[2.3981924742629355,48.86528277391531],[2.3985030415789845,48.86532547905399],[2.3988084394642115,48.86528344769198],[2.3993684795602355,48.865900254023536],[2.4002577912147993,48.864824667824024]]],"type":"Polygon"},"properties":{"id_bv":"20-1","arrondissement":"20","num_bv":1,"geo_point_2d":{"lon":2.4007714928316006,"lat":48.8634639899691},"created_user":null,"created_date":null,"last_edited_user":null,"last_edited_date":null,"st_area_shape":51557.788952559866,"st_perimeter_shape":1495.2492806568575}},{"type":"Feature","geometry":{"coordinates":[[[2.306398945429289,48.88139104330342],[2.3065782389341574,48.88148887466983],[2.3075528968040713,48.882004421758076],[2.307597211688436,48.88200171564786],[2.30868765053181,48.8808569958085],[2.310035632231071,48.88075125969611],[2.3100190179651436,48.88058693895721],[2.3100167478729374,48.880564587273525],[2.3099535565287046,48.88051393130719],[2.3090166229941063,48.88039136897241],[2.3029244158975235,48.87909746774266],[2.3028410282055756,48.87913147536266],[2.3035594809725093,48.87970153632161],[2.303566528326114,48.87972749531406],[2.3028599827326297,48.8803591062807],[2.302875612757291,48.88039723833513],[2.3037331934805323,48.88083046955341],[2.303740303592927,48.880862053320804],[2.3026767993112816,48.88172104893395],[2.3043636752084216,48.882176629475715],[2.306398945429289,48.88139104330342]]],"type":"Polygon"},"properties":{"id_bv":"17-44","arrondissement":"17","num_bv":44,"geo_point_2d":{"lon":2.3056749718477034,"lat":48.880739894421076},"created_user":null,"created_date":null,"last_edited_user":null,"last_edited_date":null,"st_area_shape":93646.33160131339,"st_perimeter_shape":1626.3447393814379}},{"type":"Feature","geometry":{"coordinates":[[[2.396700914268182,48.83958262698226],[2.396686566308585,48.839195930994755],[2.399414832764225,48.83821054065557],[2.399425739451224,48.838188164434094],[2.399216021059008,48.838076480802016],[2.3991815934847205,48.8380942159772],[2.3988311164834193,48.83797986575628],[2.3977097716760163,48.837321090850914],[2.3963982726268465,48.838523359574644],[2.3961803530114625,48.8388020421686],[2.394253157518762,48.83789616867057],[2.3936204567599986,48.83802232097473],[2.3931432821461494,48.838541231690336],[2.394272689456125,48.83932705790896],[2.3957559813091436,48.83957920031195],[2.396700914268182,48.83958262698226]]],"type":"Polygon"},"properties":{"id_bv":"12-21","arrondissement":"12","num_bv":21,"geo_point_2d":{"lon":2.396117921592672,"lat":48.83858936915114},"created_user":null,"created_date":null,"last_edited_user":null,"last_edited_date":null,"st_area_shape":50026.2155915076,"st_perimeter_shape":1227.2505742378282}},{"type":"Feature","geometry":{"coordinates":[[[2.35964660664775,48.87774385841131],[2.358667421646592,48.87610660865906],[2.358580029441508,48.876078245763345],[2.3582203738038623,48.87613428294921],[2.3581913791113975,48.876154510022445],[2.358107142186769,48.8761681779192],[2.356185376570959,48.876489267125706],[2.3558997268339956,48.87650138691946],[2.3552883756971275,48.87716566832638],[2.3559467224503168,48.87738861989715],[2.3569052036688367,48.87935738273842],[2.3569202821113167,48.879367385169],[2.3572832572226434,48.8792479236555],[2.3585247885141305,48.87918771273554],[2.3586071109505364,48.87957046886239],[2.358799821437471,48.87977669360757],[2.35964660664775,48.87774385841131]]],"type":"Polygon"},"properties":{"id_bv":"10-32","arrondissement":"10","num_bv":32,"geo_point_2d":{"lon":2.3577247342992536,"lat":48.877710131822816},"created_user":null,"created_date":null,"last_edited_user":null,"last_edited_date":null,"st_area_shape":76925.98071600197,"st_perimeter_shape":1203.4072057094934}},{"type":"Feature","geometry":{"coordinates":[[[2.33180168224411,48.85025534449274],[2.329906058062731,48.85026009488618],[2.329747860154314,48.850090326336755],[2.3280340705350073,48.84994948174124],[2.3277280410865693,48.850386566901584],[2.3277538512283615,48.85046838896092],[2.3270396253516514,48.851451868216564],[2.3270112376071372,48.85149095831741],[2.3272126734715655,48.85162055900053],[2.3283798729158223,48.85181926414831],[2.3284823426839565,48.8518518267281],[2.32865865875621,48.85188019527634],[2.3297642341418716,48.85206113757459],[2.33012356783883,48.85214477371338],[2.331948538818647,48.85244890297256],[2.3320127613844908,48.852417374846205],[2.3319130261124306,48.85142711263433],[2.332028538248227,48.851348552067314],[2.33180168224411,48.85025534449274]]],"type":"Polygon"},"properties":{"id_bv":"6-11","arrondissement":"6","num_bv":11,"geo_point_2d":{"lon":2.3297835111248135,"lat":48.85113916416883},"created_user":null,"created_date":null,"last_edited_user":null,"last_edited_date":null,"st_area_shape":70080.10269108933,"st_perimeter_shape":1108.4419118205085}},{"type":"Feature","geometry":{"coordinates":[[[2.4037608335094443,48.857561641763866],[2.4022292557745657,48.856565892557015],[2.4023027529571714,48.85648556130692],[2.401440505157486,48.85594583319977],[2.4007286822553526,48.85602222241848],[2.399965479845686,48.8568910476745],[2.3993305153324265,48.85757948191361],[2.401347185231531,48.85871757391164],[2.4018970272924873,48.85827402956931],[2.403089437990068,48.85813326691326],[2.4037608335094443,48.857561641763866]]],"type":"Polygon"},"properties":{"id_bv":"20-46","arrondissement":"20","num_bv":46,"geo_point_2d":{"lon":2.401452868000073,"lat":48.85734538062647},"created_user":null,"created_date":null,"last_edited_user":null,"last_edited_date":null,"st_area_shape":54460.24695938229,"st_perimeter_shape":937.3066484320241}},{"type":"Feature","geometry":{"coordinates":[[[2.3925443596763234,48.867034896745096],[2.3924329875077532,48.86696759058675],[2.390845597915169,48.86774897880668],[2.390530387410095,48.86777675282939],[2.3907271946901214,48.86732084486065],[2.3893345853175743,48.86718593897823],[2.389223532084644,48.86729533631444],[2.387295872456745,48.86663229885617],[2.38721451558192,48.866805696840856],[2.3876571778754663,48.86694178594792],[2.3870454691071816,48.86803150203497],[2.3909685867104247,48.868989653435555],[2.3914094298845763,48.86807186587942],[2.3918532063588356,48.867895188287775],[2.3925443596763234,48.867034896745096]]],"type":"Polygon"},"properties":{"id_bv":"20-68","arrondissement":"20","num_bv":68,"geo_point_2d":{"lon":2.389536537695623,"lat":48.86784408517716},"created_user":null,"created_date":null,"last_edited_user":null,"last_edited_date":null,"st_area_shape":49081.55980830667,"st_perimeter_shape":1255.2309677569965}},{"type":"Feature","geometry":{"coordinates":[[[2.3359160992412797,48.83324196689333],[2.3360924100995506,48.83319219685259],[2.336058325031734,48.8331385930693],[2.334088027643095,48.830141874893535],[2.3341170850090753,48.83010790272899],[2.334062935674325,48.83010088380458],[2.3337760145752733,48.82968019354387],[2.333758402077174,48.82968543411855],[2.333771704468957,48.82992311937097],[2.333624093888163,48.830360479336406],[2.333414878984136,48.830840597215705],[2.3316109391526325,48.83302518574881],[2.3313773637749087,48.83294864954559],[2.3306379673099973,48.83221285265113],[2.328299752660919,48.83292455566165],[2.3280398481883493,48.832919734800285],[2.3280190998610895,48.83292937192624],[2.328355057823119,48.8333665785848],[2.3284858615360076,48.83346155554698],[2.3286021780662916,48.83374189253141],[2.3290509534422896,48.834161574477605],[2.3291382011291666,48.834133400899816],[2.331514142280803,48.833259542772005],[2.3323040843744924,48.834195605165206],[2.33238951114122,48.834220227435345],[2.3359160992412797,48.83324196689333]]],"type":"Polygon"},"properties":{"id_bv":"14-4","arrondissement":"14","num_bv":4,"geo_point_2d":{"lon":2.332653340381735,"lat":48.83265286213103},"created_user":null,"created_date":null,"last_edited_user":null,"last_edited_date":null,"st_area_shape":110170.40918619248,"st_perimeter_shape":1952.451770109276}},{"type":"Feature","geometry":{"coordinates":[[[2.3828487643374925,48.89010254330848],[2.382866520016355,48.89007524599587],[2.379107482762311,48.88821097454356],[2.379107209368752,48.88817237148581],[2.3790599358219655,48.88818761358413],[2.3790135996176414,48.88817479984913],[2.376146164833797,48.88675138418188],[2.373450057838241,48.88542861093006],[2.3728933204607157,48.8851570882841],[2.372124507830663,48.8858539558105],[2.3739270522394587,48.88656851867379],[2.374436716071596,48.88675983837745],[2.3746450858378005,48.88692796557168],[2.3753773853024844,48.88727289717792],[2.3755633240158662,48.88758101041549],[2.376907312033061,48.88797462566797],[2.3782098502850535,48.88870543265863],[2.378248085645829,48.888714277291385],[2.378385473203874,48.888744762678456],[2.3784044441604544,48.88877267361264],[2.3781397468979018,48.88905065575459],[2.378449026156992,48.8891963905554],[2.3784471620531202,48.8892156830316],[2.378047846929328,48.88961289329916],[2.378056020933968,48.889632578744596],[2.3789752776886552,48.890226648325275],[2.3800596384349815,48.88988300950497],[2.3800882674082167,48.88988529091279],[2.3801916546860893,48.88994540345903],[2.3791754375994705,48.892296789691066],[2.382109696117444,48.89074218878241],[2.3828487643374925,48.89010254330848]]],"type":"Polygon"},"properties":{"id_bv":"19-66","arrondissement":"19","num_bv":66,"geo_point_2d":{"lon":2.378334648445474,"lat":48.88873630347248},"created_user":null,"created_date":null,"last_edited_user":null,"last_edited_date":null,"st_area_shape":113861.44647851976,"st_perimeter_shape":2544.647309738146}},{"type":"Feature","geometry":{"coordinates":[[[2.3303605865004546,48.82241452744403],[2.330430438732461,48.82239925677604],[2.330012466809005,48.821198317414606],[2.3293031236402735,48.81899217887976],[2.3292274593303053,48.818957749645634],[2.32374972846922,48.82019055346359],[2.3243042836562844,48.822320481115334],[2.3243137287111697,48.82233072897368],[2.3246691200949567,48.82225449940613],[2.3248227380069637,48.82293760774011],[2.324858945945105,48.82298185845038],[2.3248780445829538,48.822989651487056],[2.3266374189618726,48.822616473055234],[2.326577968293797,48.82299569316374],[2.325537219169838,48.82320072251353],[2.3255467838133432,48.82327809440855],[2.325589417962951,48.82344761355579],[2.3303605865004546,48.82241452744403]]],"type":"Polygon"},"properties":{"id_bv":"14-44","arrondissement":"14","num_bv":44,"geo_point_2d":{"lon":2.3271472743330595,"lat":48.8211979850513},"created_user":null,"created_date":null,"last_edited_user":null,"last_edited_date":null,"st_area_shape":159642.35181955065,"st_perimeter_shape":1832.170937996274}},{"type":"Feature","geometry":{"coordinates":[[[2.3025298520256863,48.83889118552876],[2.301780210756916,48.83860572204391],[2.3002625628821662,48.83910798046486],[2.3001057221965295,48.83897972822986],[2.3004300295368014,48.83867990718903],[2.3002280628489697,48.83857920238088],[2.298934981135203,48.837851217380106],[2.3000100904479086,48.83709330320326],[2.2991510885825615,48.83644166765711],[2.298068894031702,48.83674512962439],[2.2984422568047713,48.836988391409406],[2.297363394257695,48.83772321064814],[2.2977236430298076,48.83792885943931],[2.2976090109782983,48.83800899850088],[2.298552933913667,48.838558902594265],[2.3002981167382566,48.83943377933975],[2.300394038167187,48.8393106958771],[2.3004569087304456,48.83930125683182],[2.301810308757123,48.83972366550962],[2.3024292951381,48.839900717459535],[2.302506892592053,48.83987137653051],[2.3025298520256863,48.83889118552876]]],"type":"Polygon"},"properties":{"id_bv":"15-62","arrondissement":"15","num_bv":62,"geo_point_2d":{"lon":2.2997790391508266,"lat":48.83825329559114},"created_user":null,"created_date":null,"last_edited_user":null,"last_edited_date":null,"st_area_shape":45967.074955022006,"st_perimeter_shape":1436.3951534133773}},{"type":"Feature","geometry":{"coordinates":[[[2.352344072008572,48.84456668560603],[2.3523720117518674,48.844551391236216],[2.3540245028938775,48.84516082941608],[2.3543860605449147,48.84520012526334],[2.3544147464147662,48.845191017554306],[2.3546840367814172,48.84365136087303],[2.352767050381271,48.843693832440074],[2.352289847906319,48.843802514215625],[2.3496343959965027,48.844400462981035],[2.349277637936499,48.84449542286325],[2.3492479592342246,48.844503355678135],[2.349116526704235,48.84530189821289],[2.3491501119550406,48.845702957350404],[2.3491040157175758,48.84607428169468],[2.35043585776645,48.84582582509331],[2.3504420658949097,48.84580462401008],[2.3500850296523788,48.845378621309656],[2.350104708911732,48.845357638213045],[2.350320067996964,48.84529525011679],[2.351536171433077,48.84631348047938],[2.351558337452041,48.846323479188044],[2.351722118539482,48.84629467352674],[2.352344072008572,48.84456668560603]]],"type":"Polygon"},"properties":{"id_bv":"5-25","arrondissement":"5","num_bv":25,"geo_point_2d":{"lon":2.351748969331392,"lat":48.844771494387324},"created_user":null,"created_date":null,"last_edited_user":null,"last_edited_date":null,"st_area_shape":65445.554893454166,"st_perimeter_shape":1467.055317110724}},{"type":"Feature","geometry":{"coordinates":[[[2.3990481171665268,48.84765182287996],[2.3989859388781682,48.84740559020778],[2.3989998593529753,48.84736902223705],[2.402332964672632,48.84510553685254],[2.4023130989460806,48.84509734160389],[2.402268556540335,48.84499156974381],[2.402202042646666,48.844968311015684],[2.398251362492059,48.84531377646355],[2.3982164009736833,48.845361142370045],[2.3967830146644173,48.84738583192011],[2.397477206956555,48.84768318413866],[2.397524791849243,48.84781675753392],[2.3975422534637936,48.84781911183642],[2.3990481171665268,48.84765182287996]]],"type":"Polygon"},"properties":{"id_bv":"12-17","arrondissement":"12","num_bv":17,"geo_point_2d":{"lon":2.399180728133766,"lat":48.8462719375934},"created_user":null,"created_date":null,"last_edited_user":null,"last_edited_date":null,"st_area_shape":61352.07930249577,"st_perimeter_shape":1138.5630489091432}},{"type":"Feature","geometry":{"coordinates":[[[2.3445119250110493,48.882921080225536],[2.346609571569939,48.88209798372849],[2.346359135899745,48.880508119173825],[2.346217112306467,48.880173865814704],[2.346238397561243,48.88015722658663],[2.3475188932277202,48.87996897890265],[2.347531025080932,48.87994902947592],[2.3474210939502806,48.87955105020948],[2.346618806903312,48.87960741519501],[2.346011485289585,48.87964700085256],[2.3444435115165336,48.88002598185716],[2.344411899390155,48.88001393395923],[2.3443925824859915,48.88003491213576],[2.343757274430163,48.88018235467883],[2.344396212330952,48.88138018023705],[2.343760238453507,48.882791436557234],[2.3444694313889602,48.88293779904786],[2.3445119250110493,48.882921080225536]]],"type":"Polygon"},"properties":{"id_bv":"9-26","arrondissement":"9","num_bv":26,"geo_point_2d":{"lon":2.3453496133323815,"lat":48.8811524437218},"created_user":null,"created_date":null,"last_edited_user":null,"last_edited_date":null,"st_area_shape":57735.18814613568,"st_perimeter_shape":1185.6001645460897}},{"type":"Feature","geometry":{"coordinates":[[[2.4007766367016696,48.83466216473345],[2.4012641672148964,48.83415954098112],[2.4016654011631164,48.83416254440402],[2.4017080339104933,48.83414891643995],[2.4020244993482494,48.833560595589674],[2.400325173060084,48.8334559995141],[2.3990201513601925,48.833221902650045],[2.3977766836149974,48.83415072932975],[2.3976410380140276,48.83425910239921],[2.3976467823938985,48.8342919302734],[2.39868189726077,48.83519767155624],[2.4007766367016696,48.83466216473345]]],"type":"Polygon"},"properties":{"id_bv":"12-26","arrondissement":"12","num_bv":26,"geo_point_2d":{"lon":2.3996700469230405,"lat":48.83414186144502},"created_user":null,"created_date":null,"last_edited_user":null,"last_edited_date":null,"st_area_shape":40864.404891858656,"st_perimeter_shape":841.4568458121698}},{"type":"Feature","geometry":{"coordinates":[[[2.292548610903627,48.8656030848163],[2.29320379569588,48.86496094383248],[2.2937129527212967,48.86506433690271],[2.294647124573301,48.865344408660924],[2.294666961601574,48.86534550136403],[2.2948707936350243,48.86509129880595],[2.299846102021403,48.86528861657844],[2.2998974671901555,48.86534341222338],[2.299972198914738,48.86522542305337],[2.3002123383958835,48.865050857122256],[2.3013658248919198,48.86458199042241],[2.301304158055629,48.864500331914925],[2.301404410164505,48.864429512375814],[2.3015472969948463,48.864418474930865],[2.3016066564529987,48.86348107976069],[2.3000563717609563,48.86339312732689],[2.299211344309177,48.86327507887584],[2.2989171375227793,48.86322518021035],[2.297586863753108,48.86290783132015],[2.296416109943853,48.86251196655201],[2.295674892770844,48.86223736748301],[2.294249841653246,48.86156748753672],[2.2942344209942354,48.86147161641745],[2.294215845857669,48.8614835348154],[2.29409532715997,48.861478832655244],[2.2931567113147624,48.86079933869712],[2.292002825753701,48.859958892062195],[2.291886783294849,48.859961578045386],[2.2904352296438764,48.86088367754981],[2.289931042503753,48.86118456604249],[2.2898664798013386,48.861140764853396],[2.289861371633584,48.86122622169453],[2.288101503625634,48.862344642855604],[2.2882121650782525,48.862341829582796],[2.289976042817662,48.86373323561693],[2.289908038791845,48.863940272042754],[2.290146815997037,48.86411674006311],[2.289007319729855,48.86483752570923],[2.2890949902907844,48.86501109684825],[2.2894396047428986,48.86502304340311],[2.290392574412427,48.86572543928844],[2.2908114524018544,48.86635845514758],[2.292548610903627,48.8656030848163]]],"type":"Polygon"},"properties":{"id_bv":"16-64","arrondissement":"16","num_bv":64,"geo_point_2d":{"lon":2.2939888626705454,"lat":48.86343517871406},"created_user":null,"created_date":null,"last_edited_user":null,"last_edited_date":null,"st_area_shape":333343.82765760977,"st_perimeter_shape":2880.180811415691}},{"type":"Feature","geometry":{"coordinates":[[[2.3654181688077065,48.82443686988834],[2.364831735605877,48.82472764014349],[2.363830805174375,48.82449584595776],[2.363738321719722,48.824598327072785],[2.3636797631576516,48.8263298055807],[2.365110764858812,48.82654876686338],[2.36522624015429,48.82575818302673],[2.3654181688077065,48.82443686988834]]],"type":"Polygon"},"properties":{"id_bv":"13-17","arrondissement":"13","num_bv":17,"geo_point_2d":{"lon":2.3644964166005216,"lat":48.82549851909284},"created_user":null,"created_date":null,"last_edited_user":null,"last_edited_date":null,"st_area_shape":23346.192937234886,"st_perimeter_shape":681.3086731266578}},{"type":"Feature","geometry":{"coordinates":[[[2.4074286657438466,48.855848796708244],[2.408251331768721,48.85573556150896],[2.408124339380594,48.85562649917623],[2.4088774748102675,48.85492078102479],[2.4096912175430805,48.853328743247786],[2.4079898771804658,48.8530252001302],[2.406536958285171,48.85276889823736],[2.405425804843985,48.855854728743154],[2.405486217415416,48.856109111493645],[2.4058216076476278,48.856062893427044],[2.406227641834023,48.856247058089096],[2.4076179560569777,48.856416718907084],[2.4074286657438466,48.855848796708244]]],"type":"Polygon"},"properties":{"id_bv":"20-37","arrondissement":"20","num_bv":37,"geo_point_2d":{"lon":2.407385508290472,"lat":48.854529524626884},"created_user":null,"created_date":null,"last_edited_user":null,"last_edited_date":null,"st_area_shape":77597.79852109974,"st_perimeter_shape":1210.4473858773556}},{"type":"Feature","geometry":{"coordinates":[[[2.3014489943304266,48.84783278027385],[2.2978961022937434,48.845403377785495],[2.297665915208453,48.84524458101613],[2.2961864345266747,48.84581596180859],[2.2962881698715494,48.84593821741521],[2.295930089746652,48.84706455893642],[2.2977804999690425,48.84735673194807],[2.2979084970746837,48.84763243576248],[2.2990066140523893,48.84803964202267],[2.3014183095347733,48.84790287015123],[2.3014489943304266,48.84783278027385]]],"type":"Polygon"},"properties":{"id_bv":"15-5","arrondissement":"15","num_bv":5,"geo_point_2d":{"lon":2.2983328599736543,"lat":48.84680993106477},"created_user":null,"created_date":null,"last_edited_user":null,"last_edited_date":null,"st_area_shape":63009.64936622438,"st_perimeter_shape":1119.0363140086083}},{"type":"Feature","geometry":{"coordinates":[[[2.3477624746169266,48.870720555407736],[2.3478634290374396,48.87077832958908],[2.3478830425815014,48.87070637322552],[2.347999742313266,48.87068667488308],[2.347876200385917,48.87063013036058],[2.347847476304612,48.86969210644664],[2.347748888338119,48.86878345574462],[2.3458822233963454,48.8691567823677],[2.345856138771942,48.869152331066665],[2.345620939082493,48.868553014568555],[2.34539967583386,48.86774799937454],[2.3436943751163044,48.86813126239044],[2.3436754557054034,48.86810846823188],[2.3439731611929564,48.86742393051094],[2.341062350280722,48.86639109917988],[2.3410295392580847,48.86641160794637],[2.3418959612983814,48.868484305481545],[2.34190442977283,48.86860095179211],[2.3425915149273764,48.87011910575104],[2.3430471217122104,48.87142072352838],[2.3430665970286966,48.8714764788753],[2.3477624746169266,48.870720555407736]]],"type":"Polygon"},"properties":{"id_bv":"2-4","arrondissement":"2","num_bv":4,"geo_point_2d":{"lon":2.344398327707706,"lat":48.86929786124074},"created_user":null,"created_date":null,"last_edited_user":null,"last_edited_date":null,"st_area_shape":144070.63365720163,"st_perimeter_shape":1946.0229477760818}},{"type":"Feature","geometry":{"coordinates":[[[2.2992647335753698,48.85221710203516],[2.2992601825169894,48.85216536038972],[2.297479497379503,48.851637391479954],[2.2965807364423183,48.85232188893181],[2.2964143192276927,48.85205651206121],[2.2963611773219004,48.85222617054374],[2.2942071240924835,48.85364708386807],[2.295370426347934,48.854513328618914],[2.2954684843101685,48.854586121798675],[2.295559494403215,48.854582146445686],[2.297889725319635,48.85309543857499],[2.2992647335753698,48.85221710203516]]],"type":"Polygon"},"properties":{"id_bv":"15-20","arrondissement":"15","num_bv":20,"geo_point_2d":{"lon":2.2966164681859342,"lat":48.85304242055208},"created_user":null,"created_date":null,"last_edited_user":null,"last_edited_date":null,"st_area_shape":50822.892364914034,"st_perimeter_shape":1048.8944686497798}},{"type":"Feature","geometry":{"coordinates":[[[2.2961864345266747,48.84581596180859],[2.2956578363094335,48.84519984417723],[2.2947753576663095,48.84552746107945],[2.293106359246708,48.84363950947423],[2.292441442753491,48.84390054935769],[2.2931592433297485,48.84466958726887],[2.2915231853182867,48.845257731061714],[2.2914945805586386,48.845694448528],[2.2915006453633358,48.84570600262428],[2.2924730528556267,48.84567516313751],[2.2925354129136863,48.846898609421764],[2.293268239875913,48.846918995219916],[2.295913940140117,48.84706337566431],[2.295930089746652,48.84706455893642],[2.2962881698715494,48.84593821741521],[2.2961864345266747,48.84581596180859]]],"type":"Polygon"},"properties":{"id_bv":"15-7","arrondissement":"15","num_bv":7,"geo_point_2d":{"lon":2.2939411113001618,"lat":48.84576852129256},"created_user":null,"created_date":null,"last_edited_user":null,"last_edited_date":null,"st_area_shape":68228.29666292673,"st_perimeter_shape":1340.8801356637618}},{"type":"Feature","geometry":{"coordinates":[[[2.3487541537099808,48.84043573888582],[2.3492932901773185,48.84063579550519],[2.3494340400657037,48.840641734192694],[2.349704368981872,48.840641247040416],[2.3497901861723633,48.84002051525077],[2.3497705770684854,48.83979477150643],[2.349952015991573,48.839129911684275],[2.349249693392982,48.837655348753096],[2.3491444280019955,48.83743621459966],[2.3490260047466798,48.83744445951678],[2.3492564339500395,48.83894421678539],[2.349237418235024,48.838965255624814],[2.345883005231842,48.83925201197489],[2.345857410369692,48.839270306312144],[2.3460095405371804,48.840129888193445],[2.3459875569048405,48.84015364164903],[2.3457856640127814,48.84016927754827],[2.3451319763088057,48.840423777127654],[2.3453922858056466,48.84070924736401],[2.345425961854258,48.84071141024454],[2.346434618178422,48.840324137669185],[2.347451678919612,48.84092169141144],[2.347486556280253,48.84092499436177],[2.3487541537099808,48.84043573888582]]],"type":"Polygon"},"properties":{"id_bv":"5-12","arrondissement":"5","num_bv":12,"geo_point_2d":{"lon":2.347987703242748,"lat":48.83974192896719},"created_user":null,"created_date":null,"last_edited_user":null,"last_edited_date":null,"st_area_shape":54962.57851650562,"st_perimeter_shape":1378.1294768543726}},{"type":"Feature","geometry":{"coordinates":[[[2.4088196314574293,48.87032995881394],[2.4089193940837017,48.86910546398937],[2.408937143128018,48.86819181334808],[2.4086624902024716,48.86820293951483],[2.407553498936406,48.869191251729156],[2.4075773929876596,48.86936167634066],[2.4083555732572774,48.86938218922177],[2.407416234542868,48.87023248218008],[2.4074103611792927,48.87024090145666],[2.407651496812549,48.87034868333005],[2.4056438186456237,48.87206191339425],[2.4066445582018248,48.87234789756007],[2.4066616763572273,48.87234800759514],[2.4067119847134157,48.87222808441085],[2.406728324807162,48.87222779667204],[2.4085569164568192,48.872728716328375],[2.4088196314574293,48.87032995881394]]],"type":"Polygon"},"properties":{"id_bv":"20-28","arrondissement":"20","num_bv":28,"geo_point_2d":{"lon":2.4078392752923183,"lat":48.87086718265711},"created_user":null,"created_date":null,"last_edited_user":null,"last_edited_date":null,"st_area_shape":53380.16903394496,"st_perimeter_shape":1360.1720177419488}},{"type":"Feature","geometry":{"coordinates":[[[2.3620242065274133,48.83323400073957],[2.362004734774825,48.83321898443663],[2.361995696451969,48.83295813623781],[2.3619401740347223,48.83289681424567],[2.3608271392812714,48.833246242736394],[2.360946720866643,48.833690305719706],[2.358787968601794,48.83538332048885],[2.3595731387579013,48.83640443704977],[2.363186671065501,48.833623923968645],[2.363189227538944,48.833607247095735],[2.3620242065274133,48.83323400073957]]],"type":"Polygon"},"properties":{"id_bv":"13-5","arrondissement":"13","num_bv":5,"geo_point_2d":{"lon":2.360868036642417,"lat":48.83455678446062},"created_user":null,"created_date":null,"last_edited_user":null,"last_edited_date":null,"st_area_shape":46684.91393187171,"st_perimeter_shape":1057.4601417409394}},{"type":"Feature","geometry":{"coordinates":[[[2.351075227912586,48.87536043497272],[2.3510577289631978,48.875355355090946],[2.3510344313687033,48.875278385020046],[2.3510369644189564,48.87520070870147],[2.3531015828815343,48.8747258231586],[2.3524459494775978,48.873461006778285],[2.3523936768616833,48.873362831101566],[2.3504757421883724,48.87378979176767],[2.347907198536095,48.87350032205029],[2.347910598176332,48.87403430609585],[2.348241588728115,48.875797018883254],[2.34873374513677,48.8759096277684],[2.351075227912586,48.87536043497272]]],"type":"Polygon"},"properties":{"id_bv":"10-35","arrondissement":"10","num_bv":35,"geo_point_2d":{"lon":2.350183651008889,"lat":48.87454371225725},"created_user":null,"created_date":null,"last_edited_user":null,"last_edited_date":null,"st_area_shape":70746.73388227532,"st_perimeter_shape":1156.33021831888}},{"type":"Feature","geometry":{"coordinates":[[[2.398054210074583,48.87351692202319],[2.397656413290691,48.87353898443666],[2.3964417474775668,48.871676495559775],[2.3957222111942618,48.87162849027389],[2.3961525201399945,48.87273575334167],[2.395892166542904,48.87363599387579],[2.3958244594206772,48.87437806151391],[2.3953668962884707,48.87521837000141],[2.3954261885702417,48.87527438039499],[2.3973058089967374,48.875437652393366],[2.3979400117529113,48.875457405842],[2.3980777527163784,48.875465642114776],[2.398054210074583,48.87351692202319]]],"type":"Polygon"},"properties":{"id_bv":"20-15","arrondissement":"20","num_bv":15,"geo_point_2d":{"lon":2.3967978200096747,"lat":48.873949480848324},"created_user":null,"created_date":null,"last_edited_user":null,"last_edited_date":null,"st_area_shape":51893.74040670183,"st_perimeter_shape":1138.8114861155696}},{"type":"Feature","geometry":{"coordinates":[[[2.297479497379503,48.851637391479954],[2.2975478450666547,48.85157986405225],[2.2966552046942623,48.85128875917687],[2.295793960190527,48.850663499216935],[2.2965904442791203,48.850282937514734],[2.2984991970281676,48.850591926149825],[2.299217221487403,48.8500120462656],[2.298173188690066,48.849271333111965],[2.297692930569635,48.84887829684031],[2.294937115053485,48.84977212105511],[2.2950503140454974,48.849909332847204],[2.2937276945097436,48.85034624384589],[2.2947155437069515,48.851046534650344],[2.295131562162758,48.85115698690251],[2.2964143192276927,48.85205651206121],[2.2965807364423183,48.85232188893181],[2.297479497379503,48.851637391479954]]],"type":"Polygon"},"properties":{"id_bv":"15-19","arrondissement":"15","num_bv":19,"geo_point_2d":{"lon":2.296523993776469,"lat":48.85033345292611},"created_user":null,"created_date":null,"last_edited_user":null,"last_edited_date":null,"st_area_shape":59235.39108829641,"st_perimeter_shape":1403.9651967113996}},{"type":"Feature","geometry":{"coordinates":[[[2.3268981469062204,48.85141963894236],[2.3266282513280796,48.851250267750785],[2.3242170397275195,48.850268603817796],[2.323360316560059,48.84985081385371],[2.3205484432948995,48.84842205381338],[2.319042147072566,48.85170040486022],[2.319008431642478,48.851731551112174],[2.319063780427817,48.85238536034044],[2.3237172077727237,48.85310340299584],[2.3238517581962546,48.853968226315686],[2.3243847035957774,48.85453388263183],[2.324413426057747,48.85451161847479],[2.3259938211793068,48.85439875830071],[2.3268181555594376,48.85143180690347],[2.3268981469062204,48.85141963894236]]],"type":"Polygon"},"properties":{"id_bv":"7-8","arrondissement":"7","num_bv":8,"geo_point_2d":{"lon":2.3229476255983825,"lat":48.85158662253618},"created_user":null,"created_date":null,"last_edited_user":null,"last_edited_date":null,"st_area_shape":206841.58475743304,"st_perimeter_shape":2014.548438830218}},{"type":"Feature","geometry":{"coordinates":[[[2.3755432025828167,48.88019661482503],[2.3758193831772108,48.88006169328282],[2.37563091049197,48.87855914143478],[2.3781492614148454,48.878834114675215],[2.3779058299274154,48.878396240076256],[2.377977414723489,48.87789245681494],[2.3773952487288272,48.877485864386884],[2.3755752869520834,48.87753000878696],[2.3752887878233815,48.87676364717983],[2.3747558207103348,48.876588666750635],[2.374514983518393,48.87673375165162],[2.374308629735035,48.87692263212935],[2.374165913802639,48.87717066037654],[2.374131342353535,48.8771665252724],[2.3740893637470366,48.8777830507218],[2.374205888305546,48.87828222872715],[2.374355069408286,48.87921319743768],[2.374349016934295,48.879556407923026],[2.3742992925505426,48.88005071224695],[2.373867833779796,48.88096630160998],[2.37389460051809,48.88097038965139],[2.3755432025828167,48.88019661482503]]],"type":"Polygon"},"properties":{"id_bv":"19-6","arrondissement":"19","num_bv":6,"geo_point_2d":{"lon":2.37553762007867,"lat":48.87849896775241},"created_user":null,"created_date":null,"last_edited_user":null,"last_edited_date":null,"st_area_shape":65302.66375976269,"st_perimeter_shape":1476.4479049947915}},{"type":"Feature","geometry":{"coordinates":[[[2.2725655430558587,48.85657134285992],[2.2725819068122655,48.85655638706489],[2.2729870692706795,48.856451822027154],[2.27354894954104,48.85616146329116],[2.2731822660338805,48.85585567490477],[2.2731931073356604,48.855839998364345],[2.27376543376735,48.85560730594164],[2.2752080025375783,48.85446927310752],[2.2752370738213394,48.85446558284653],[2.2752416150282606,48.85426040234601],[2.269495395535672,48.855741872235555],[2.270620370636972,48.85629521184869],[2.270633799253096,48.85631451751042],[2.2704082008812385,48.85668582594018],[2.270572498086808,48.85697510093789],[2.2719030252237054,48.85705742366107],[2.2723854135212656,48.85716427332769],[2.272746845401996,48.85736034969992],[2.2732190621630197,48.857201730768644],[2.2732337749833866,48.85718524045308],[2.2725655430558587,48.85657134285992]]],"type":"Polygon"},"properties":{"id_bv":"16-17","arrondissement":"16","num_bv":17,"geo_point_2d":{"lon":2.272267632088093,"lat":48.855848172523814},"created_user":null,"created_date":null,"last_edited_user":null,"last_edited_date":null,"st_area_shape":56716.02050652697,"st_perimeter_shape":1302.4981966998607}},{"type":"Feature","geometry":{"coordinates":[[[2.3797617177023995,48.84518115940858],[2.3797933509555094,48.84517682301827],[2.3805704704261483,48.845515702561784],[2.3810362348370893,48.84531940196055],[2.3813464821928307,48.84543712995839],[2.3832053414429604,48.84489461146741],[2.3831796252918913,48.84484194738978],[2.382968620234902,48.84482060034654],[2.379970333113299,48.84369912494023],[2.3781975203590355,48.8446062596287],[2.378171085362172,48.844602629119564],[2.3779173104252287,48.844389188860504],[2.3753991334086932,48.84532798593308],[2.3753876011160338,48.84536018839815],[2.3760643279251905,48.845742909643256],[2.3761024287775556,48.84574405087099],[2.376936918317244,48.845329898914656],[2.3776420008526107,48.84549338212925],[2.3780618163716425,48.8460001831675],[2.3797617177023995,48.84518115940858]]],"type":"Polygon"},"properties":{"id_bv":"12-63","arrondissement":"12","num_bv":63,"geo_point_2d":{"lon":2.3793883167439565,"lat":48.84488176276923},"created_user":null,"created_date":null,"last_edited_user":null,"last_edited_date":null,"st_area_shape":62045.853102584966,"st_perimeter_shape":1392.5262205221222}},{"type":"Feature","geometry":{"coordinates":[[[2.2726160737134693,48.84987851053771],[2.271699816891943,48.849506238638874],[2.2717148978468082,48.84948873616354],[2.2716811539173825,48.84947757289396],[2.27104038749473,48.84834153317214],[2.270126872903933,48.84820555926974],[2.2684949865079775,48.84857016617161],[2.2673001045545385,48.84833910931879],[2.2674667781976017,48.84904710355943],[2.2671979645201823,48.84916462875259],[2.2672088616552353,48.849194047192675],[2.268276936598847,48.849568929144134],[2.268749122454859,48.84959618701577],[2.2714048802542646,48.85059663206175],[2.2714062702794364,48.850624313957724],[2.2714498641161076,48.8506108883977],[2.2726160737134693,48.84987851053771]]],"type":"Polygon"},"properties":{"id_bv":"16-28","arrondissement":"16","num_bv":28,"geo_point_2d":{"lon":2.269955856096187,"lat":48.849275971750764},"created_user":null,"created_date":null,"last_edited_user":null,"last_edited_date":null,"st_area_shape":55242.436737699056,"st_perimeter_shape":1084.688702781702}},{"type":"Feature","geometry":{"coordinates":[[[2.37227670799938,48.86179771482544],[2.3708500565612054,48.861412031342546],[2.370104331347669,48.86131807328628],[2.368941883719434,48.86080841430715],[2.3679710940496004,48.86074317976484],[2.3674216588735937,48.86055999105235],[2.3673345942072985,48.86059430403471],[2.367244316088272,48.8610073300032],[2.3670839912708495,48.86166309197901],[2.36713527144458,48.86171500899558],[2.367553775436266,48.86176339830739],[2.3674526933941378,48.8620824500747],[2.3712983442179394,48.86311007852137],[2.3715547564955637,48.862882860524685],[2.37227670799938,48.86179771482544]]],"type":"Polygon"},"properties":{"id_bv":"11-18","arrondissement":"11","num_bv":18,"geo_point_2d":{"lon":2.369565827743535,"lat":48.861838871011386},"created_user":null,"created_date":null,"last_edited_user":null,"last_edited_date":null,"st_area_shape":57686.29086881785,"st_perimeter_shape":1057.6552677588702}},{"type":"Feature","geometry":{"coordinates":[[[2.3619875678848823,48.8403586242545],[2.362048418581823,48.840286948452466],[2.361823891031399,48.83996540921399],[2.3586616602689996,48.83896493508572],[2.358567111014215,48.838988795513764],[2.35816170191471,48.83991117027721],[2.3571391572923543,48.83964458582804],[2.3565831056103512,48.83960288309131],[2.3565599160074977,48.83961988675346],[2.356013152373414,48.84099425833599],[2.3559518479949597,48.84116045621143],[2.355972738180622,48.841181082257414],[2.360387594030505,48.84035231765767],[2.3619875678848823,48.8403586242545]]],"type":"Polygon"},"properties":{"id_bv":"5-19","arrondissement":"5","num_bv":19,"geo_point_2d":{"lon":2.3586794961163227,"lat":48.840106040011264},"created_user":null,"created_date":null,"last_edited_user":null,"last_edited_date":null,"st_area_shape":50532.9193057856,"st_perimeter_shape":1178.5204207266493}},{"type":"Feature","geometry":{"coordinates":[[[2.34032765464984,48.85424047755401],[2.3400563368517875,48.853672652556455],[2.340475691988712,48.85304091773235],[2.340461668192328,48.85236012280427],[2.3403448211122395,48.852139010585034],[2.3397149081970805,48.851968770326415],[2.339325233594724,48.85221655393264],[2.3389193192166085,48.85243077158919],[2.336982311877714,48.85290317070488],[2.3369544933474007,48.853848586040186],[2.3369754907209788,48.85393171823543],[2.336824847630637,48.855012085403146],[2.3367603432659627,48.85541231983234],[2.337677582559376,48.85537753470622],[2.33801894607414,48.855161242317465],[2.3394558641352323,48.854997002752576],[2.339373451442305,48.85449683439194],[2.34032765464984,48.85424047755401]]],"type":"Polygon"},"properties":{"id_bv":"6-5","arrondissement":"6","num_bv":5,"geo_point_2d":{"lon":2.338590784456192,"lat":48.853728024214746},"created_user":null,"created_date":null,"last_edited_user":null,"last_edited_date":null,"st_area_shape":70298.77246581453,"st_perimeter_shape":1144.5628531755392}},{"type":"Feature","geometry":{"coordinates":[[[2.373867833779796,48.88096630160998],[2.3742992925505426,48.88005071224695],[2.374349016934295,48.879556407923026],[2.374355069408286,48.87921319743768],[2.374205888305546,48.87828222872715],[2.373516433394292,48.87819647503537],[2.3713199848123474,48.879045059562564],[2.372742105143113,48.880541533450945],[2.372846253981744,48.88082376982288],[2.373198161700644,48.881263832582974],[2.3732350255385857,48.88126624332391],[2.373867833779796,48.88096630160998]]],"type":"Polygon"},"properties":{"id_bv":"19-7","arrondissement":"19","num_bv":7,"geo_point_2d":{"lon":2.373178648205677,"lat":48.87955464739247},"created_user":null,"created_date":null,"last_edited_user":null,"last_edited_date":null,"st_area_shape":45127.82301377373,"st_perimeter_shape":885.9989646330063}},{"type":"Feature","geometry":{"coordinates":[[[2.376878809716701,48.88348832313725],[2.37571938347606,48.88285301938293],[2.3741906238709314,48.882038500096236],[2.373271892106861,48.88126865406773],[2.3732350255385857,48.88126624332391],[2.3703501252948014,48.882470983195915],[2.3703162582219104,48.88248817111069],[2.3702522455742443,48.882597735949595],[2.3735437165285176,48.88348008323726],[2.3768650047242144,48.88353535353997],[2.376878809716701,48.88348832313725]]],"type":"Polygon"},"properties":{"id_bv":"19-60","arrondissement":"19","num_bv":60,"geo_point_2d":{"lon":2.373403728512966,"lat":48.882616406133316},"created_user":null,"created_date":null,"last_edited_user":null,"last_edited_date":null,"st_area_shape":57757.54497647938,"st_perimeter_shape":1142.47918184614}},{"type":"Feature","geometry":{"coordinates":[[[2.3319119526746253,48.88213978257102],[2.3317161577512717,48.881208148462804],[2.331106224096343,48.881321928950264],[2.3286626641808783,48.88076513418767],[2.327053234390989,48.88076169672648],[2.327106012327189,48.88178590793771],[2.3281276233492574,48.881840578208795],[2.3296985364169203,48.8829104951679],[2.3310584504465184,48.88277959507227],[2.3319119526746253,48.88213978257102]]],"type":"Polygon"},"properties":{"id_bv":"9-16","arrondissement":"9","num_bv":16,"geo_point_2d":{"lon":2.329562000901364,"lat":48.88174024471226},"created_user":null,"created_date":null,"last_edited_user":null,"last_edited_date":null,"st_area_shape":54980.025154671835,"st_perimeter_shape":1008.9963782720318}},{"type":"Feature","geometry":{"coordinates":[[[2.377146633218405,48.867715293147846],[2.3783698978758,48.86803678489406],[2.379419768899795,48.86832700607497],[2.37943047946965,48.8683193695597],[2.3799088220848743,48.86768766695982],[2.379480205791183,48.86747379946577],[2.3803641565216527,48.86656105027715],[2.3791523861616843,48.8662491197442],[2.377891240489941,48.86601349005196],[2.377189945777075,48.86583940766688],[2.3749866551187204,48.868336692728164],[2.3761534770492787,48.86866357802498],[2.377146633218405,48.867715293147846]]],"type":"Polygon"},"properties":{"id_bv":"11-29","arrondissement":"11","num_bv":29,"geo_point_2d":{"lon":2.3777692727981794,"lat":48.86722857237594},"created_user":null,"created_date":null,"last_edited_user":null,"last_edited_date":null,"st_area_shape":64279.80069804104,"st_perimeter_shape":1208.6490660171432}},{"type":"Feature","geometry":{"coordinates":[[[2.309627014949799,48.89667148385222],[2.3135643663492016,48.894392656405046],[2.311360727002801,48.89347187733455],[2.3112543545628683,48.89344726079402],[2.3043821170367482,48.890310364154345],[2.3039629809498994,48.89047777568651],[2.30286870718445,48.891051294906035],[2.302699124239013,48.89112586363385],[2.3025216613054833,48.891141017095016],[2.302502476210261,48.89110150938947],[2.3022987618229482,48.89125754309499],[2.3015803922127143,48.89183123804954],[2.301611403417252,48.89190680503232],[2.3006585901232746,48.89262303605682],[2.3006294415832587,48.89264484087324],[2.300735936765519,48.892705529728474],[2.3060138640716428,48.895207682579894],[2.306734769723849,48.89556894007969],[2.307494473696935,48.89591462080966],[2.3082381503154767,48.89620433712408],[2.309464147823614,48.89664538810349],[2.309593220148013,48.896691076824176],[2.309627014949799,48.89667148385222]]],"type":"Polygon"},"properties":{"id_bv":"17-17","arrondissement":"17","num_bv":17,"geo_point_2d":{"lon":2.3069364064966766,"lat":48.89351854733197},"created_user":null,"created_date":null,"last_edited_user":null,"last_edited_date":null,"st_area_shape":308069.56318551546,"st_perimeter_shape":2391.9204066458988}},{"type":"Feature","geometry":{"coordinates":[[[2.348241588728115,48.875797018883254],[2.347910598176332,48.87403430609585],[2.347907198536095,48.87350032205029],[2.3479079387649557,48.872580892154815],[2.347900620332187,48.87150573834362],[2.3479456862528596,48.871486139024476],[2.347900826491783,48.871461501856835],[2.3478830425815014,48.87070637322552],[2.3478675902717634,48.87092094441679],[2.3478441588445835,48.8709315287928],[2.3476789470117048,48.87101008611634],[2.3466937026335395,48.872186844999035],[2.3451621776002143,48.872417126710666],[2.3451487208291426,48.872437231561],[2.3454719539146405,48.874121060568626],[2.345458964290544,48.87413781614777],[2.3455921052825057,48.87474437636009],[2.3455523440989787,48.87476457033977],[2.3454089873351203,48.874760333046744],[2.34549858636966,48.87564188153491],[2.346982011875505,48.87572292453213],[2.3479988634842752,48.875678837381535],[2.3483846206861454,48.87647675548849],[2.3486027018104383,48.87659462303224],[2.3485746274139303,48.87662488757967],[2.348654456327716,48.87662630942789],[2.348284130411281,48.87594435036902],[2.348241588728115,48.875797018883254]]],"type":"Polygon"},"properties":{"id_bv":"9-4","arrondissement":"9","num_bv":4,"geo_point_2d":{"lon":2.3467941863208215,"lat":48.873804199545155},"created_user":null,"created_date":null,"last_edited_user":null,"last_edited_date":null,"st_area_shape":81201.38559399366,"st_perimeter_shape":1655.1356459220851}},{"type":"Feature","geometry":{"coordinates":[[[2.4089907821057075,48.84032770749968],[2.408592871584455,48.83899627488219],[2.4059392518376432,48.83826445464067],[2.4059019834866677,48.83828035642175],[2.4059554961995775,48.838351488245316],[2.4059208487105606,48.838363841576985],[2.4051833330803487,48.8381400919811],[2.4051507257294613,48.83814212517305],[2.4044056644759766,48.8391766427325],[2.4043759240746714,48.8391875307036],[2.4041489026466927,48.83916322266216],[2.403917218513964,48.83914265567713],[2.4040725263856766,48.84002768679196],[2.404091077912202,48.840046647779836],[2.404389309404638,48.84005870234926],[2.405610801809102,48.840072111407785],[2.40682159984981,48.84014447903079],[2.408025661289564,48.84036927932295],[2.4089907821057075,48.84032770749968]]],"type":"Polygon"},"properties":{"id_bv":"12-39","arrondissement":"12","num_bv":39,"geo_point_2d":{"lon":2.406452866325055,"lat":48.839381601449965},"created_user":null,"created_date":null,"last_edited_user":null,"last_edited_date":null,"st_area_shape":60110.112367189555,"st_perimeter_shape":1068.0864338920694}},{"type":"Feature","geometry":{"coordinates":[[[2.2826128997345316,48.84351902965204],[2.2826130967385465,48.843496798441684],[2.285570810719825,48.84216811725908],[2.2857468774671017,48.84207025778147],[2.2876349223983006,48.84125241491277],[2.2879033724960007,48.84109156813917],[2.2878789978522778,48.84108719869863],[2.2850603199993227,48.841087865171474],[2.284565627129081,48.84105132150026],[2.28416703316778,48.84064354387652],[2.284030865430445,48.840714646241494],[2.282311894079879,48.84165695332645],[2.2816182955365654,48.8421434225095],[2.2806732775774883,48.84254026027283],[2.2818264889763213,48.84386452528319],[2.282580171042583,48.84352123739476],[2.2826128997345316,48.84351902965204]]],"type":"Polygon"},"properties":{"id_bv":"15-85","arrondissement":"15","num_bv":85,"geo_point_2d":{"lon":2.283710034825473,"lat":48.84211418168186},"created_user":null,"created_date":null,"last_edited_user":null,"last_edited_date":null,"st_area_shape":74864.56991493203,"st_perimeter_shape":1346.2230690334488}},{"type":"Feature","geometry":{"coordinates":[[[2.366306798429802,48.826999114299674],[2.3664254948022765,48.82674202763042],[2.365110764858812,48.82654876686338],[2.3636797631576516,48.8263298055807],[2.363738321719722,48.824598327072785],[2.363830805174375,48.82449584595776],[2.364831735605877,48.82472764014349],[2.3654181688077065,48.82443686988834],[2.3671461907592293,48.82374695578922],[2.368257290425739,48.82330694336315],[2.367361010738042,48.82285434687766],[2.3669890231695163,48.822661632130036],[2.366908101905836,48.82270276845125],[2.3668807774235328,48.82269484866982],[2.3668738702601564,48.82271775071253],[2.3650469356378547,48.82365642539278],[2.363292422656799,48.82324619839554],[2.362920731703504,48.823833676614534],[2.36399024250993,48.82416451037911],[2.3624708372509144,48.8249912835074],[2.363686000985643,48.826585553394075],[2.362447890879531,48.827616604786684],[2.36448429600429,48.828154293721894],[2.364860817504411,48.82858322169612],[2.365084721839711,48.828680977116754],[2.36532944864099,48.828436533335264],[2.364697288862516,48.82766557459757],[2.3650374974173576,48.82736994510218],[2.366179666795014,48.82722412220642],[2.366306798429802,48.826999114299674]]],"type":"Polygon"},"properties":{"id_bv":"13-15","arrondissement":"13","num_bv":15,"geo_point_2d":{"lon":2.364753328015823,"lat":48.82536941239313},"created_user":null,"created_date":null,"last_edited_user":null,"last_edited_date":null,"st_area_shape":82560.30607370041,"st_perimeter_shape":2420.128109765982}},{"type":"Feature","geometry":{"coordinates":[[[2.285702724038712,48.846802450803466],[2.2859238385941,48.84667437093396],[2.285889701518108,48.84664109659928],[2.2856455836828133,48.84640303854836],[2.2853438171126954,48.8464248689504],[2.284665195692588,48.84560652783924],[2.2854248348012614,48.845324051749365],[2.2850566811175765,48.84521424654412],[2.284148846433586,48.84479774401159],[2.283958466189433,48.844871135251054],[2.2837143395359765,48.84497224217561],[2.2823862786360314,48.84566686167835],[2.281580568305227,48.84622391168931],[2.2815736590112534,48.84624302940329],[2.281666785921132,48.84632543364783],[2.2828808993012784,48.846408291131524],[2.282905195156282,48.84642180584068],[2.2840009946802806,48.847770177415576],[2.2841448447846853,48.84777803887333],[2.284569366859834,48.847499346754084],[2.285702724038712,48.846802450803466]]],"type":"Polygon"},"properties":{"id_bv":"15-94","arrondissement":"15","num_bv":94,"geo_point_2d":{"lon":2.283947054138546,"lat":48.84621869310507},"created_user":null,"created_date":null,"last_edited_user":null,"last_edited_date":null,"st_area_shape":49063.970315131635,"st_perimeter_shape":1050.010209868992}},{"type":"Feature","geometry":{"coordinates":[[[2.3294837156849684,48.8421254903455],[2.329534566346963,48.842026027676965],[2.3315496156849984,48.841363583613294],[2.3313861708458368,48.84131083526233],[2.331031640169053,48.83913735187989],[2.331238951452648,48.83861346484923],[2.331231946381865,48.838367266925175],[2.3315068263915615,48.83806598623205],[2.331138756229244,48.83789528543649],[2.3310719464690384,48.837918286418564],[2.3307833342074886,48.838698975611955],[2.3302745247319545,48.838656285061866],[2.3281924012618327,48.8360660322289],[2.328159310201626,48.83606527526696],[2.3277989306552453,48.83618904811857],[2.3275545422476154,48.83626948473864],[2.3264819896148046,48.83833243824433],[2.3253638685835387,48.840495389523255],[2.3247481313524223,48.840768360004304],[2.324773895053103,48.841418545816424],[2.3265355144542763,48.840968126828834],[2.3276889669664973,48.84031213364687],[2.3293722899322833,48.84181459106125],[2.326258393360271,48.84278851274907],[2.3262474797967907,48.84281913401302],[2.326383637029376,48.842998516404776],[2.3264247807809038,48.84305223328565],[2.326464669975733,48.84303834324882],[2.3265974941154575,48.84306567082164],[2.3266426834954945,48.84297966083631],[2.329336025710529,48.84209296791867],[2.3294837156849684,48.8421254903455]]],"type":"Polygon"},"properties":{"id_bv":"14-30","arrondissement":"14","num_bv":30,"geo_point_2d":{"lon":2.328455739624339,"lat":48.8395127161735},"created_user":null,"created_date":null,"last_edited_user":null,"last_edited_date":null,"st_area_shape":175018.38487894196,"st_perimeter_shape":2726.8741721852994}},{"type":"Feature","geometry":{"coordinates":[[[2.348546545349102,48.84737416480551],[2.3486482166010565,48.8471694504664],[2.3488739102812257,48.84700779246194],[2.3490558257411087,48.84639280659184],[2.3491040157175758,48.84607428169468],[2.3491501119550406,48.845702957350404],[2.349116526704235,48.84530189821289],[2.3492479592342246,48.844503355678135],[2.3492168873618895,48.844511661336874],[2.3480793159955664,48.84443365911195],[2.345410461016584,48.84509998329376],[2.3451595890719212,48.845182339979154],[2.3437468735466642,48.845913488612354],[2.343050240593236,48.846076804238265],[2.3430382584901923,48.84611887348167],[2.3446176972481783,48.84647488264918],[2.3450135836143846,48.84726840359013],[2.347092444752609,48.8481586425462],[2.348493420895048,48.848543182777505],[2.3485381750047423,48.8478100312406],[2.348486345492109,48.84750705633324],[2.348546545349102,48.84737416480551]]],"type":"Polygon"},"properties":{"id_bv":"5-1","arrondissement":"5","num_bv":1,"geo_point_2d":{"lon":2.3469199291586276,"lat":48.846282092017866},"created_user":null,"created_date":null,"last_edited_user":null,"last_edited_date":null,"st_area_shape":114899.41437275907,"st_perimeter_shape":1475.715619955936}},{"type":"Feature","geometry":{"coordinates":[[[2.349424711147759,48.86066201068231],[2.348831526651105,48.85963252606965],[2.3482325077971433,48.85857795336532],[2.348146168250802,48.85854908341025],[2.344816022226976,48.8596241376016],[2.3454493485951935,48.860400360930406],[2.346042071361907,48.861025921733194],[2.3448031508419627,48.8616467371881],[2.344915170089349,48.86178691030179],[2.3459267749728263,48.86294796594621],[2.348610674695484,48.862342101831665],[2.3484117441229797,48.861966187245734],[2.348428921939967,48.86195787367453],[2.3490241438745634,48.86183298559813],[2.3492272767650255,48.862199286438845],[2.3495112858801757,48.862133932573116],[2.3495138001538614,48.86138355158978],[2.3491555651553933,48.86072566361291],[2.349424711147759,48.86066201068231]]],"type":"Polygon"},"properties":{"id_bv":"1-3","arrondissement":"1","num_bv":3,"geo_point_2d":{"lon":2.3472197047456778,"lat":48.86081934346501},"created_user":null,"created_date":null,"last_edited_user":null,"last_edited_date":null,"st_area_shape":111334.91774446117,"st_perimeter_shape":1534.903028869131}},{"type":"Feature","geometry":{"coordinates":[[[2.386185931402422,48.86054392723558],[2.388371273019986,48.860997282555154],[2.3889343431393626,48.85983291294859],[2.389541516582466,48.85855995090259],[2.3896208403138095,48.858501446556524],[2.3894211562435297,48.85841339812927],[2.3875921992399998,48.85804085735051],[2.3868691954583237,48.859346999931084],[2.386226727071222,48.859187453217515],[2.3844782505641473,48.860679319292025],[2.385742282801544,48.86102255567667],[2.385888043268287,48.8610584492329],[2.386185931402422,48.86054392723558]]],"type":"Polygon"},"properties":{"id_bv":"11-41","arrondissement":"11","num_bv":41,"geo_point_2d":{"lon":2.3873785001445835,"lat":48.8596924777193},"created_user":null,"created_date":null,"last_edited_user":null,"last_edited_date":null,"st_area_shape":64135.31730702833,"st_perimeter_shape":1206.795871408919}},{"type":"Feature","geometry":{"coordinates":[[[2.3113253026732345,48.859936919744854],[2.3123263137336796,48.859056954112624],[2.313780611019517,48.858990449313566],[2.314902320668089,48.85994535773477],[2.314936109751423,48.85995211733875],[2.316293514010465,48.8587945579386],[2.315442497159915,48.85828014889071],[2.3153929953076102,48.857952970497955],[2.3168710861465205,48.85574014543277],[2.3199522139907867,48.85496783338819],[2.319101235767219,48.85277139610211],[2.319063780427817,48.85238536034044],[2.319008431642478,48.851731551112174],[2.319042147072566,48.85170040486022],[2.3148015744467814,48.8518258083189],[2.3145531756340665,48.85181569055888],[2.314499227646052,48.851798058943956],[2.3147223760633886,48.85360623091373],[2.3146399253480308,48.85366046027987],[2.309555360972739,48.85395164193951],[2.3098924977773456,48.85707009146685],[2.3098139683200745,48.85710222217968],[2.309900777754625,48.85715652584729],[2.3101701928543186,48.85981861121594],[2.310172794617879,48.85984549797013],[2.3100947456000087,48.85990074494031],[2.310180383105935,48.85992204783691],[2.3102444524841426,48.859940856564286],[2.3113253026732345,48.859936919744854]]],"type":"Polygon"},"properties":{"id_bv":"7-3","arrondissement":"7","num_bv":3,"geo_point_2d":{"lon":2.314244300373007,"lat":48.85564337281468},"created_user":null,"created_date":null,"last_edited_user":null,"last_edited_date":null,"st_area_shape":411432.91280282853,"st_perimeter_shape":3214.4791016566824}},{"type":"Feature","geometry":{"coordinates":[[[2.284579933091599,48.853487432821936],[2.287902913969115,48.85216214178738],[2.2880751242052755,48.85235119416722],[2.291907684697447,48.85096954379594],[2.2925092273499965,48.850748186339885],[2.291140341236994,48.850469221443724],[2.291102865986855,48.85035954164162],[2.290180061240627,48.8502186931025],[2.2892084847388348,48.849968373132285],[2.2885021318678818,48.84990803650469],[2.288421664666984,48.8493486676735],[2.287512931229936,48.84912913460368],[2.2861072472605364,48.849643690270284],[2.2856963350551993,48.85062171421797],[2.2855937719590433,48.85067806928329],[2.2854914360941008,48.85073204860109],[2.2840853827475214,48.8507184417576],[2.2822518156848863,48.851924538323615],[2.282254746250383,48.85198614150226],[2.2844198802198763,48.85349159850149],[2.2845375695877705,48.85350433301901],[2.284579933091599,48.853487432821936]]],"type":"Polygon"},"properties":{"id_bv":"15-14","arrondissement":"15","num_bv":14,"geo_point_2d":{"lon":2.2868486030147332,"lat":48.85130670047488},"created_user":null,"created_date":null,"last_edited_user":null,"last_edited_date":null,"st_area_shape":162671.22283081495,"st_perimeter_shape":1923.285548959279}},{"type":"Feature","geometry":{"coordinates":[[[2.32267983305815,48.88935381306997],[2.323476488803657,48.888905694267294],[2.3236102958700773,48.88858740020204],[2.322153000250402,48.887489680385386],[2.3197551766613103,48.88888025748671],[2.320688859601973,48.88993978486301],[2.3208896962289938,48.89045941024322],[2.3218618415422623,48.88980603607125],[2.32267983305815,48.88935381306997]]],"type":"Polygon"},"properties":{"id_bv":"17-35","arrondissement":"17","num_bv":35,"geo_point_2d":{"lon":2.321674439856097,"lat":48.88888199073324},"created_user":null,"created_date":null,"last_edited_user":null,"last_edited_date":null,"st_area_shape":45859.27633409898,"st_perimeter_shape":885.8455413588897}},{"type":"Feature","geometry":{"coordinates":[[[2.4135482014366527,48.8381969242143],[2.4135704606904342,48.838181936676236],[2.4122305646810402,48.8345660455475],[2.4112769666476632,48.833934938821436],[2.4111895903385676,48.8338594837503],[2.411155269544603,48.833871994925815],[2.406723961586297,48.83548238227631],[2.4066918414369596,48.83547886833005],[2.4063820832260574,48.834995789706156],[2.405761888181224,48.83497620498794],[2.4054888146214743,48.83513934614561],[2.4054760489697045,48.83515729065411],[2.4056315671520196,48.83593375726637],[2.4067476532313226,48.83694815526164],[2.4076775258498335,48.83719735759568],[2.407673686076138,48.83731177607771],[2.40769362632956,48.83732581402627],[2.408109347563857,48.83742821812483],[2.4083571822704974,48.838179433312554],[2.4104721366719946,48.837877513843324],[2.412754592198923,48.83828984242311],[2.4135482014366527,48.8381969242143]]],"type":"Polygon"},"properties":{"id_bv":"12-44","arrondissement":"12","num_bv":44,"geo_point_2d":{"lon":2.409901212614237,"lat":48.836250052405504},"created_user":null,"created_date":null,"last_edited_user":null,"last_edited_date":null,"st_area_shape":177690.74001493206,"st_perimeter_shape":1860.4087802010492}},{"type":"Feature","geometry":{"coordinates":[[[2.2818881204984334,48.85560824161563],[2.2818980519836645,48.85556542787857],[2.283547409542543,48.85456180709144],[2.283607826223801,48.854525240222586],[2.2826465975437085,48.85381470784278],[2.280987722727938,48.85284870529485],[2.28085484556328,48.85284464925096],[2.278289125768457,48.854304947048206],[2.276498169945036,48.854910468367116],[2.276902983647052,48.85537998618696],[2.2780603178670025,48.85582550467372],[2.279844913931447,48.85624135832043],[2.2798555531947806,48.856293803691955],[2.280863514526933,48.85564042610661],[2.2808942988520657,48.85563103563794],[2.2809941351424303,48.85564121374862],[2.2810696108033572,48.85565592747815],[2.2819456877513806,48.85647722173471],[2.282073615131716,48.85654008730765],[2.2826412228611006,48.856227831982345],[2.2819595652320834,48.85569265158819],[2.2818881204984334,48.85560824161563]]],"type":"Polygon"},"properties":{"id_bv":"16-20","arrondissement":"16","num_bv":20,"geo_point_2d":{"lon":2.2802895899261055,"lat":48.85474747660252},"created_user":null,"created_date":null,"last_edited_user":null,"last_edited_date":null,"st_area_shape":107917.86507766448,"st_perimeter_shape":1538.3180499754535}},{"type":"Feature","geometry":{"coordinates":[[[2.40394353609128,48.863462738098335],[2.403966222938583,48.863474113534174],[2.404548702805135,48.86300891678581],[2.4048021864773235,48.86288086232793],[2.4049920333532735,48.86279278234877],[2.4058935079211428,48.862513292022236],[2.406348998119993,48.86234345162721],[2.4054870635179806,48.861488934004974],[2.4041800035118,48.860207646375805],[2.403855600661375,48.86006485092411],[2.403288489074827,48.86027566717871],[2.4017133626367433,48.86161698039375],[2.4034282672582927,48.86243349692774],[2.4032216172424317,48.8626250228939],[2.40271734704207,48.86300186211927],[2.4034306988519614,48.86367707148188],[2.40394353609128,48.863462738098335]]],"type":"Polygon"},"properties":{"id_bv":"20-3","arrondissement":"20","num_bv":3,"geo_point_2d":{"lon":2.403971047344922,"lat":48.86181974369524},"created_user":null,"created_date":null,"last_edited_user":null,"last_edited_date":null,"st_area_shape":66100.52293112683,"st_perimeter_shape":1145.2732950963455}},{"type":"Feature","geometry":{"coordinates":[[[2.3803883956871146,48.89404274126538],[2.3787188344707975,48.89273545505627],[2.377129712519591,48.893527163069116],[2.379390328555525,48.8955833514273],[2.3814347321348315,48.89444936950628],[2.3814116700524535,48.89441891459761],[2.380701785544802,48.894291497637006],[2.3803883956871146,48.89404274126538]]],"type":"Polygon"},"properties":{"id_bv":"19-44","arrondissement":"19","num_bv":44,"geo_point_2d":{"lon":2.3791473171521815,"lat":48.89414542306152},"created_user":null,"created_date":null,"last_edited_user":null,"last_edited_date":null,"st_area_shape":44181.84198448374,"st_perimeter_shape":908.0559583422987}},{"type":"Feature","geometry":{"coordinates":[[[2.379849200430042,48.87469969294012],[2.379956804773211,48.87411966989517],[2.379268270658148,48.87399735152177],[2.379296704409643,48.87387570387656],[2.3793129107246807,48.87387194325498],[2.3799976872975557,48.87389781168553],[2.380062079391674,48.87352086527684],[2.3827462553222705,48.873612633232554],[2.382890838741176,48.87347473187755],[2.382839730369308,48.87342673170009],[2.382054456491928,48.87329689225912],[2.3799724478062227,48.872865252474035],[2.377004840021177,48.87205763697204],[2.37613481694027,48.87283987722268],[2.3762095002929113,48.872842360991505],[2.376463730951798,48.87339111291051],[2.377034449853085,48.87378611001668],[2.376910487388443,48.87401507939757],[2.377819843299428,48.87416633975994],[2.3788129349911546,48.87445861346141],[2.3793453706310252,48.8746110163561],[2.3794541524507404,48.87469830310241],[2.379849200430042,48.87469969294012]]],"type":"Polygon"},"properties":{"id_bv":"19-14","arrondissement":"19","num_bv":14,"geo_point_2d":{"lon":2.378680393234013,"lat":48.873337499074644},"created_user":null,"created_date":null,"last_edited_user":null,"last_edited_date":null,"st_area_shape":61357.48664628557,"st_perimeter_shape":1399.5207409956288}},{"type":"Feature","geometry":{"coordinates":[[[2.319281129721216,48.84782218624213],[2.318131548904953,48.84737343727649],[2.3167012083503793,48.84686626914721],[2.314308107073003,48.84612681115503],[2.3142181718614325,48.846699827575826],[2.3136304831961,48.847695333452066],[2.3135742255521983,48.84776225149567],[2.3157238749524565,48.848286720567025],[2.3157420413635696,48.84831287356943],[2.3153314699233367,48.84941627283368],[2.3153724015493236,48.84944281875038],[2.317914887112526,48.8501323387519],[2.319201502979438,48.84783739374337],[2.319281129721216,48.84782218624213]]],"type":"Polygon"},"properties":{"id_bv":"7-9","arrondissement":"7","num_bv":9,"geo_point_2d":{"lon":2.3165194615009606,"lat":48.84810014325112},"created_user":null,"created_date":null,"last_edited_user":null,"last_edited_date":null,"st_area_shape":93912.9791866011,"st_perimeter_shape":1384.2848982496287}},{"type":"Feature","geometry":{"coordinates":[[[2.3633142692011138,48.83332290820192],[2.365223840268783,48.83194973897266],[2.365941489837267,48.83066123238743],[2.365736610140258,48.83050973165511],[2.364933130788947,48.83076580791452],[2.3645150260377563,48.83096151160397],[2.364091599897408,48.831211932005715],[2.36360968407745,48.83150424082496],[2.3612107168310112,48.8309718891509],[2.360140917933346,48.83187817652596],[2.360138328646532,48.831900228725296],[2.3611570289589148,48.832253683797155],[2.3608699598314398,48.83248244997057],[2.3608982828101372,48.83254939031624],[2.3619401740347223,48.83289681424567],[2.363269036652454,48.833354422329094],[2.3633142692011138,48.83332290820192]]],"type":"Polygon"},"properties":{"id_bv":"13-10","arrondissement":"13","num_bv":10,"geo_point_2d":{"lon":2.3630568764700843,"lat":48.831935435350175},"created_user":null,"created_date":null,"last_edited_user":null,"last_edited_date":null,"st_area_shape":65401.97764409878,"st_perimeter_shape":1217.1833623751666}},{"type":"Feature","geometry":{"coordinates":[[[2.3043668624233464,48.85350945402542],[2.301043226443816,48.85127707164347],[2.3010331018302597,48.85121156873419],[2.3009843968965464,48.85124224198468],[2.30088438889854,48.85118386386602],[2.299319221088512,48.85218281376109],[2.2992601825169894,48.85216536038972],[2.2992647335753698,48.85221710203516],[2.297889725319635,48.85309543857499],[2.295559494403215,48.854582146445686],[2.2954684843101685,48.854586121798675],[2.2955079721641622,48.85461589012111],[2.2950449973454123,48.85491843346981],[2.2898488039891975,48.85824351178975],[2.2919035602384406,48.85988500016258],[2.291886783294849,48.859961578045386],[2.292002825753701,48.859958892062195],[2.2931567113147624,48.86079933869712],[2.2931598566494817,48.86072594124513],[2.3043668624233464,48.85350945402542]]],"type":"Polygon"},"properties":{"id_bv":"7-25","arrondissement":"7","num_bv":25,"geo_point_2d":{"lon":2.297040760051482,"lat":48.85593905056616},"created_user":null,"created_date":null,"last_edited_user":null,"last_edited_date":null,"st_area_shape":418204.9353304809,"st_perimeter_shape":3045.662666948195}},{"type":"Feature","geometry":{"coordinates":[[[2.333758402077174,48.82968543411855],[2.3328189263329153,48.829665955271786],[2.332826686984227,48.82896396892592],[2.3300631547398436,48.82889864909571],[2.3280050047626406,48.82879085462116],[2.3288862848097085,48.82977687069349],[2.329108954611496,48.8300743812629],[2.3292185753591528,48.83019836606025],[2.333624093888163,48.830360479336406],[2.333771704468957,48.82992311937097],[2.333758402077174,48.82968543411855]]],"type":"Polygon"},"properties":{"id_bv":"14-5","arrondissement":"14","num_bv":5,"geo_point_2d":{"lon":2.33096368668508,"lat":48.829591016209505},"created_user":null,"created_date":null,"last_edited_user":null,"last_edited_date":null,"st_area_shape":51035.995602727744,"st_perimeter_shape":1081.987979226048}},{"type":"Feature","geometry":{"coordinates":[[[2.320951613263138,48.82587681592328],[2.3215110499914173,48.82564733089386],[2.3215137991844337,48.825657660570364],[2.32166529150475,48.8253902288892],[2.321711157686841,48.82532650451071],[2.3217528486774754,48.82530362962353],[2.323902873689089,48.82484269313055],[2.3233564364246737,48.82373178225678],[2.323257530181433,48.823750390161976],[2.3231322980956866,48.82354968434716],[2.323115783856024,48.82355077085819],[2.321284878727237,48.823948916109885],[2.3211656568383026,48.82400217972561],[2.3210666241127744,48.823997764563146],[2.3202389600868147,48.82417417087316],[2.3198790337655355,48.82343907785535],[2.3198610616629423,48.823438316391574],[2.3193137773015926,48.823588203272195],[2.3179572944717495,48.82379600185573],[2.317787843276222,48.8238381938568],[2.3177478689594673,48.82387962152217],[2.319321231747471,48.824583008206325],[2.3183462618598707,48.824806667995084],[2.318338302854078,48.824841273040796],[2.319389617652865,48.82594765458886],[2.3194776842978415,48.8260483142078],[2.3194678477189,48.826078203951816],[2.3195495249349793,48.82611530491683],[2.319617462989621,48.82617521594909],[2.320951613263138,48.82587681592328]]],"type":"Polygon"},"properties":{"id_bv":"14-43","arrondissement":"14","num_bv":43,"geo_point_2d":{"lon":2.3208257275446362,"lat":48.82468735703652},"created_user":null,"created_date":null,"last_edited_user":null,"last_edited_date":null,"st_area_shape":74103.21861034624,"st_perimeter_shape":1396.5407987538456}},{"type":"Feature","geometry":{"coordinates":[[[2.398622977128022,48.855163291867164],[2.3987623642930385,48.85508032595327],[2.3989737108520606,48.854906532815725],[2.3977548520826675,48.85436983371058],[2.3984080928798273,48.853256596537655],[2.3971588269570248,48.852993002298575],[2.3971341984050856,48.85302476106947],[2.3960937275003893,48.854362883438505],[2.3951246532139976,48.855595691942845],[2.3945145055766734,48.85650553315588],[2.394572006127272,48.85656756519059],[2.3953530410583954,48.85669239913294],[2.3971311027832654,48.85683964136232],[2.398034529930396,48.855514380270755],[2.398622977128022,48.855163291867164]]],"type":"Polygon"},"properties":{"id_bv":"20-48","arrondissement":"20","num_bv":48,"geo_point_2d":{"lon":2.3967924372112153,"lat":48.85516048749001},"created_user":null,"created_date":null,"last_edited_user":null,"last_edited_date":null,"st_area_shape":69966.1704279042,"st_perimeter_shape":1229.6480028636397}},{"type":"Feature","geometry":{"coordinates":[[[2.3017432791899672,48.863448733195334],[2.301814025872627,48.86266783401794],[2.30081309578605,48.859773888330494],[2.3005552095026873,48.85903302425297],[2.3001709553827956,48.85914214743305],[2.2986905818267096,48.858864572109155],[2.2986701108667913,48.85884047984144],[2.300009665972169,48.858020288039036],[2.3000403543407906,48.85776292999572],[2.3000101770331356,48.85776190088497],[2.2942344209942354,48.86147161641745],[2.294249841653246,48.86156748753672],[2.295674892770844,48.86223736748301],[2.296416109943853,48.86251196655201],[2.297586863753108,48.86290783132015],[2.2989171375227793,48.86322518021035],[2.299211344309177,48.86327507887584],[2.3000563717609563,48.86339312732689],[2.3016066564529987,48.86348107976069],[2.301670062581479,48.86348591143492],[2.3017432791899672,48.863448733195334]]],"type":"Polygon"},"properties":{"id_bv":"7-23","arrondissement":"7","num_bv":23,"geo_point_2d":{"lon":2.2986271485507057,"lat":48.86123612345296},"created_user":null,"created_date":null,"last_edited_user":null,"last_edited_date":null,"st_area_shape":183022.35259773573,"st_perimeter_shape":2017.6694218267521}},{"type":"Feature","geometry":{"coordinates":[[[2.3054352097711055,48.86351015593454],[2.3054699338630926,48.86116298918393],[2.306250719319924,48.8595773871346],[2.306296758709217,48.85947884838324],[2.3062867130491163,48.85946085074937],[2.3051054370687276,48.85921939983719],[2.3047256965489935,48.85930907929114],[2.3037290863077406,48.85900431262208],[2.3035291096827515,48.85883065730991],[2.3033172528788786,48.85876038247971],[2.30081309578605,48.859773888330494],[2.301814025872627,48.86266783401794],[2.3017432791899672,48.863448733195334],[2.3018076836395873,48.863491665309525],[2.305150174226797,48.863554961785916],[2.3053678212165947,48.863556572392845],[2.3054352097711055,48.86351015593454]]],"type":"Polygon"},"properties":{"id_bv":"7-21","arrondissement":"7","num_bv":21,"geo_point_2d":{"lon":2.3035251262239647,"lat":48.86119302294389},"created_user":null,"created_date":null,"last_edited_user":null,"last_edited_date":null,"st_area_shape":151559.68252465967,"st_perimeter_shape":1610.303162788691}},{"type":"Feature","geometry":{"coordinates":[[[2.3857805674619694,48.87832148282518],[2.3858865768708393,48.878245362356154],[2.3857907471842608,48.8776642214267],[2.3856159347713386,48.877569175222526],[2.3855376048305654,48.87688706473191],[2.3852876004979486,48.87688585856957],[2.383794698731774,48.8770945786457],[2.383612921506652,48.87671545941222],[2.3828857375474986,48.876822686015146],[2.3817691528493192,48.877172783195846],[2.3812484272706897,48.87773654763712],[2.380731243977676,48.87778908334339],[2.3803121423459555,48.87883635379349],[2.3824789894118386,48.878808122069074],[2.3837075752208627,48.87922112476225],[2.384192641888945,48.87929386302593],[2.384948997017457,48.879003777391006],[2.385509521523931,48.87876797183658],[2.385657385629453,48.879341068742434],[2.3860201347382315,48.8793646188195],[2.3857805674619694,48.87832148282518]]],"type":"Polygon"},"properties":{"id_bv":"19-17","arrondissement":"19","num_bv":17,"geo_point_2d":{"lon":2.383439003418001,"lat":48.878048590885676},"created_user":null,"created_date":null,"last_edited_user":null,"last_edited_date":null,"st_area_shape":80617.56436052211,"st_perimeter_shape":1339.4123978336463}},{"type":"Feature","geometry":{"coordinates":[[[2.37473635807391,48.86500427250389],[2.3756343829829856,48.86380190346099],[2.3763773976194504,48.86284432619283],[2.37632325439867,48.86279296401055],[2.3756748764369844,48.862954454664035],[2.374010760752453,48.862130620401025],[2.3720193769490576,48.86391625233139],[2.3732470762152897,48.864424190482545],[2.372963485607924,48.864743473609785],[2.374686128086232,48.865060432109075],[2.37473635807391,48.86500427250389]]],"type":"Polygon"},"properties":{"id_bv":"11-25","arrondissement":"11","num_bv":25,"geo_point_2d":{"lon":2.3741815590205704,"lat":48.86363482370879},"created_user":null,"created_date":null,"last_edited_user":null,"last_edited_date":null,"st_area_shape":54431.40772127045,"st_perimeter_shape":1011.5302677518629}},{"type":"Feature","geometry":{"coordinates":[[[2.3818972932349225,48.861491921759004],[2.381059094477876,48.86121910824833],[2.381044697961029,48.86119317942543],[2.3811173252460858,48.86112065864005],[2.381114219252801,48.8611016933811],[2.378715639835267,48.860339786651245],[2.37862103349599,48.86028631140044],[2.377354011033987,48.86164501565234],[2.3796153612958175,48.86270287953526],[2.379293016228219,48.863062074231166],[2.3810305179099367,48.86387002876081],[2.3815611412150917,48.8629373077312],[2.3818972932349225,48.861491921759004]]],"type":"Polygon"},"properties":{"id_bv":"11-36","arrondissement":"11","num_bv":36,"geo_point_2d":{"lon":2.3798965019595335,"lat":48.86193165410634},"created_user":null,"created_date":null,"last_edited_user":null,"last_edited_date":null,"st_area_shape":69382.33422771032,"st_perimeter_shape":1144.3906870769697}},{"type":"Feature","geometry":{"coordinates":[[[2.3277989306552453,48.83618904811857],[2.3275580807757077,48.83588546821307],[2.3275683285869357,48.835876183166484],[2.3290008081281046,48.835296015199425],[2.329682134520294,48.83483368079506],[2.3296839867519923,48.8348140210349],[2.3291382011291666,48.834133400899816],[2.3290509534422896,48.834161574477605],[2.3268706119274416,48.83496697288717],[2.323470008404826,48.83622480359444],[2.323484032537278,48.836227251855746],[2.3229949302092283,48.83745964859521],[2.32303630733658,48.8375179757424],[2.3264819896148046,48.83833243824433],[2.3275545422476154,48.83626948473864],[2.3277989306552453,48.83618904811857]]],"type":"Polygon"},"properties":{"id_bv":"14-29","arrondissement":"14","num_bv":29,"geo_point_2d":{"lon":2.326090824184675,"lat":48.83635597060921},"created_user":null,"created_date":null,"last_edited_user":null,"last_edited_date":null,"st_area_shape":97893.60540325342,"st_perimeter_shape":1480.030568361692}},{"type":"Feature","geometry":{"coordinates":[[[2.3176265906052578,48.8869285676088],[2.3183977832088773,48.88653887923973],[2.3196278592692776,48.88570863483403],[2.321450536005057,48.88459225700226],[2.320663614897227,48.884158656086186],[2.3204306061717705,48.8836662193637],[2.3191348240368885,48.883488049980954],[2.3191247601090494,48.88342830944774],[2.319084415831664,48.883433186415395],[2.318544035705347,48.88398351695532],[2.316638582389706,48.88583304697519],[2.3163499216181114,48.886076256291325],[2.3176265906052578,48.8869285676088]]],"type":"Polygon"},"properties":{"id_bv":"17-5","arrondissement":"17","num_bv":5,"geo_point_2d":{"lon":2.318833376585647,"lat":48.885125540027815},"created_user":null,"created_date":null,"last_edited_user":null,"last_edited_date":null,"st_area_shape":66673.40557888483,"st_perimeter_shape":1111.172832592926}},{"type":"Feature","geometry":{"coordinates":[[[2.400944740481975,48.84120515736264],[2.402329215394744,48.84108170238349],[2.404663883882548,48.84088858790353],[2.404389309404638,48.84005870234926],[2.404091077912202,48.840046647779836],[2.4040725263856766,48.84002768679196],[2.403917218513964,48.83914265567713],[2.4025708997716175,48.83910927767611],[2.402542788408233,48.83912136498284],[2.40254815275941,48.83925018382626],[2.4006962336706565,48.83923558226284],[2.400667692339706,48.839187027570986],[2.4003217365448997,48.83951425112201],[2.4003222801927304,48.83953272311723],[2.4002436455975222,48.83958060386448],[2.4003045320388052,48.839627856641755],[2.400581433234603,48.84044115630784],[2.4008416210306947,48.841162344054666],[2.400944740481975,48.84120515736264]]],"type":"Polygon"},"properties":{"id_bv":"12-40","arrondissement":"12","num_bv":40,"geo_point_2d":{"lon":2.4023802035847965,"lat":48.84014484398522},"created_user":null,"created_date":null,"last_edited_user":null,"last_edited_date":null,"st_area_shape":57114.56217380857,"st_perimeter_shape":995.8377097683034}},{"type":"Feature","geometry":{"coordinates":[[[2.356764761355029,48.873761771950974],[2.355889590263704,48.87223746795244],[2.3558168497151524,48.87221428188437],[2.3543858583414154,48.87277406081084],[2.354405245830584,48.87281075133847],[2.3524459494775978,48.873461006778285],[2.3531015828815343,48.8747258231586],[2.3552920660464505,48.87422172468358],[2.355421105537999,48.874047996859844],[2.356764761355029,48.873761771950974]]],"type":"Polygon"},"properties":{"id_bv":"10-36","arrondissement":"10","num_bv":36,"geo_point_2d":{"lon":2.3546119352249253,"lat":48.87353546740766},"created_user":null,"created_date":null,"last_edited_user":null,"last_edited_date":null,"st_area_shape":47450.51107701682,"st_perimeter_shape":918.2905574339018}},{"type":"Feature","geometry":{"coordinates":[[[2.2674957879479587,48.83842605071823],[2.265357227805475,48.836319333722464],[2.2630262875811282,48.833986691186404],[2.262974056491159,48.83393493659639],[2.2551760320986003,48.83483272375075],[2.2546314713636257,48.83548837964484],[2.254574277925727,48.835578417004264],[2.257290231198442,48.83630251338817],[2.2579083589435163,48.836721269346775],[2.2595927268112157,48.83648275462999],[2.2602095847831096,48.8367987989546],[2.2614817699520064,48.83675219153271],[2.261944327954082,48.83703915857821],[2.2628876784902694,48.83704318226839],[2.263154530993297,48.83727442626571],[2.263776030021285,48.83742997603962],[2.265720773110806,48.83892005317068],[2.2674957879479587,48.83842605071823]]],"type":"Polygon"},"properties":{"id_bv":"16-46","arrondissement":"16","num_bv":46,"geo_point_2d":{"lon":2.261401268153537,"lat":48.83596272914231},"created_user":null,"created_date":null,"last_edited_user":null,"last_edited_date":null,"st_area_shape":214680.12126515084,"st_perimeter_shape":2389.0154657877993}},{"type":"Feature","geometry":{"coordinates":[[[2.319859818339615,48.894579288510116],[2.317947509968883,48.89193107905723],[2.3161379969466545,48.89290222768851],[2.316041995764684,48.89321898821808],[2.3148794288766164,48.893958129908064],[2.3148830766199175,48.893998089768786],[2.3203246488022136,48.8952747696357],[2.319859818339615,48.894579288510116]]],"type":"Polygon"},"properties":{"id_bv":"17-27","arrondissement":"17","num_bv":27,"geo_point_2d":{"lon":2.317691215119834,"lat":48.89370422679168},"created_user":null,"created_date":null,"last_edited_user":null,"last_edited_date":null,"st_area_shape":64330.681676139226,"st_perimeter_shape":1164.0064878895469}},{"type":"Feature","geometry":{"coordinates":[[[2.3220060994347693,48.894404935916604],[2.3217005711111027,48.89402456090375],[2.321705505707233,48.89399493725635],[2.3227537432255283,48.89364737383276],[2.3228006413328024,48.89365490648966],[2.3228550674264596,48.89361163842635],[2.3234358127944352,48.89349237635715],[2.323447432412156,48.89347113252638],[2.323184007566632,48.89343470433429],[2.322656486948572,48.89349852616002],[2.321172957783307,48.893933791838634],[2.321129823720639,48.893919171630124],[2.319055181087906,48.89131952010321],[2.318517943250239,48.89162953719024],[2.318042509402947,48.891899759707094],[2.317947509968883,48.89193107905723],[2.319859818339615,48.894579288510116],[2.3205289819487187,48.89439406560184],[2.3211283538104786,48.89504800193787],[2.32117040570988,48.89504401170192],[2.3220060994347693,48.894404935916604]]],"type":"Polygon"},"properties":{"id_bv":"17-26","arrondissement":"17","num_bv":26,"geo_point_2d":{"lon":2.319986714518697,"lat":48.89327306233934},"created_user":null,"created_date":null,"last_edited_user":null,"last_edited_date":null,"st_area_shape":46955.57875323201,"st_perimeter_shape":1369.8741175971295}},{"type":"Feature","geometry":{"coordinates":[[[2.3260264809111297,48.88992104964007],[2.3260478909316396,48.889899163625664],[2.325785207521577,48.8890560884433],[2.3258006186462272,48.88903215148826],[2.326004050406045,48.88897007943572],[2.3260427685267486,48.88890514829833],[2.325614573851401,48.887592315908314],[2.325524783843123,48.88756469989669],[2.3246526115472164,48.88800409066261],[2.324592985337154,48.888004722917614],[2.3230306177596525,48.88695687375161],[2.322153000250402,48.887489680385386],[2.3236102958700773,48.88858740020204],[2.323476488803657,48.888905694267294],[2.325188037509662,48.8901759675334],[2.325221055328868,48.89018113317198],[2.3260264809111297,48.88992104964007]]],"type":"Polygon"},"properties":{"id_bv":"17-30","arrondissement":"17","num_bv":30,"geo_point_2d":{"lon":2.3244673463969554,"lat":48.888547005028336},"created_user":null,"created_date":null,"last_edited_user":null,"last_edited_date":null,"st_area_shape":47604.758019229164,"st_perimeter_shape":1074.1824979354628}},{"type":"Feature","geometry":{"coordinates":[[[2.321011561651204,48.82759201963755],[2.3202704875850624,48.82686626325879],[2.319617462989621,48.82617521594909],[2.3195495249349793,48.82611530491683],[2.3194678477189,48.826078203951816],[2.3138723836341635,48.82689478473782],[2.3138669293945924,48.8269289514235],[2.3172229126524533,48.82916742684692],[2.3172278050774557,48.82918235115304],[2.317321598626394,48.8292247435709],[2.321011561651204,48.82759201963755]]],"type":"Polygon"},"properties":{"id_bv":"14-50","arrondissement":"14","num_bv":50,"geo_point_2d":{"lon":2.317679598484372,"lat":48.827478280134315},"created_user":null,"created_date":null,"last_edited_user":null,"last_edited_date":null,"st_area_shape":98616.43489653768,"st_perimeter_shape":1314.388651027542}},{"type":"Feature","geometry":{"coordinates":[[[2.3302696120174136,48.88766935295806],[2.330001295215866,48.88748224314184],[2.328405334725206,48.88632207404141],[2.3283697993960057,48.886315813236],[2.327900812196909,48.8866945654851],[2.3278633815111243,48.886694823021855],[2.326673225770568,48.88590497842681],[2.3266237410107156,48.88590467045567],[2.3262686364331957,48.886550195461766],[2.3262402657482117,48.88655724754024],[2.3260458422117445,48.88653128687686],[2.325595506212729,48.8875293292634],[2.325524783843123,48.88756469989669],[2.325614573851401,48.887592315908314],[2.3260427685267486,48.88890514829833],[2.326004050406045,48.88897007943572],[2.326075726833497,48.8889994681885],[2.3262579024422037,48.88955174756942],[2.3263329021758543,48.889577435230905],[2.3302696120174136,48.88766935295806]]],"type":"Polygon"},"properties":{"id_bv":"18-31","arrondissement":"18","num_bv":31,"geo_point_2d":{"lon":2.327495455190662,"lat":48.88768161076068},"created_user":null,"created_date":null,"last_edited_user":null,"last_edited_date":null,"st_area_shape":74461.60889953726,"st_perimeter_shape":1203.3541619047037}},{"type":"Feature","geometry":{"coordinates":[[[2.336982311877714,48.85290317070488],[2.3389193192166085,48.85243077158919],[2.3384266279942274,48.85170356400375],[2.3383777425415873,48.85169854059553],[2.335347635014502,48.85138570638768],[2.3343892668407396,48.851485143105315],[2.334364527228496,48.851468235165974],[2.3340936278413262,48.85032178003644],[2.3340669536955723,48.850302956407205],[2.33180168224411,48.85025534449274],[2.332028538248227,48.851348552067314],[2.3319130261124306,48.85142711263433],[2.3320127613844908,48.852417374846205],[2.331948538818647,48.85244890297256],[2.3330444496446017,48.852636072459916],[2.3336800561464695,48.85264724835374],[2.334407390189965,48.852797715279166],[2.334503379690238,48.85277608277702],[2.3356016583101233,48.85303167563852],[2.3358149762826916,48.853089030991654],[2.336080078376944,48.85312598003374],[2.336982311877714,48.85290317070488]]],"type":"Polygon"},"properties":{"id_bv":"6-1","arrondissement":"6","num_bv":1,"geo_point_2d":{"lon":2.3347747681445385,"lat":48.851843655729034},"created_user":null,"created_date":null,"last_edited_user":null,"last_edited_date":null,"st_area_shape":91811.04246228235,"st_perimeter_shape":1477.920382561272}},{"type":"Feature","geometry":{"coordinates":[[[2.3965530016811725,48.8813824752875],[2.3967773612051744,48.881262885676186],[2.396019566671273,48.88041445447933],[2.3965829156486915,48.880403129917056],[2.396389005640538,48.87967595214339],[2.3961179547135893,48.87924042802604],[2.392702795724597,48.879109519417796],[2.392191185358966,48.87925397054228],[2.39216927232178,48.87924531925698],[2.391310517899588,48.87950847949771],[2.3903358884990484,48.87990361358186],[2.3907206656184945,48.880252367928165],[2.3915124868327937,48.880732613628936],[2.3915693618431155,48.88084258562051],[2.3929118851766646,48.88176418504681],[2.3926090864453644,48.88184332246619],[2.3925315450956255,48.882028809129224],[2.392662132867924,48.88214964419122],[2.3927737403758815,48.88284756420172],[2.3946403623003816,48.88366223793903],[2.3947188253973115,48.88338516126793],[2.3948810947480803,48.88323572669467],[2.3952486296793034,48.882754837322544],[2.3961237403341658,48.882349455838195],[2.3958971135536737,48.881867330262146],[2.3965530016811725,48.8813824752875]]],"type":"Polygon"},"properties":{"id_bv":"19-28","arrondissement":"19","num_bv":28,"geo_point_2d":{"lon":2.393977487313267,"lat":48.880932995498},"created_user":null,"created_date":null,"last_edited_user":null,"last_edited_date":null,"st_area_shape":138527.46285375263,"st_perimeter_shape":1657.7120238699408}},{"type":"Feature","geometry":{"coordinates":[[[2.281656581647519,48.83613501319512],[2.2817463183252817,48.83610581696092],[2.2813989475778707,48.835965547908536],[2.2814155782941117,48.83589390828896],[2.2813304886855668,48.835894961082474],[2.28127516617448,48.83587536226318],[2.2810234014271624,48.83536609617311],[2.281053767286774,48.83531703160321],[2.28235542983346,48.83494484890587],[2.2839872199443376,48.8343341185718],[2.2806273617066033,48.83199848200078],[2.2805840048505046,48.831968201772106],[2.280484045324643,48.83195770730633],[2.2790205764427123,48.8324805390944],[2.278078917727879,48.83335182048782],[2.2770338692064787,48.83376596968691],[2.277214930592777,48.83413243313231],[2.2765389356833188,48.834746800663325],[2.277645512791229,48.837238423651705],[2.2789168341087978,48.83700524652893],[2.281260420793022,48.83829302277256],[2.2817722219733807,48.83789504399366],[2.281406444971504,48.83743368193893],[2.281769568896486,48.83739466706419],[2.281656581647519,48.83613501319512]]],"type":"Polygon"},"properties":{"id_bv":"15-75","arrondissement":"15","num_bv":75,"geo_point_2d":{"lon":2.279888612742484,"lat":48.834923058608254},"created_user":null,"created_date":null,"last_edited_user":null,"last_edited_date":null,"st_area_shape":201437.9884825438,"st_perimeter_shape":2084.2213152802847}},{"type":"Feature","geometry":{"coordinates":[[[2.3432727766014914,48.884380818875975],[2.343291547361057,48.88435627391363],[2.3444268646451984,48.88394549463123],[2.3452603646363435,48.88309300138212],[2.344528897493038,48.88295058844841],[2.3445119250110493,48.882921080225536],[2.3444694313889602,48.88293779904786],[2.343760238453507,48.882791436557234],[2.341981420567591,48.88243466096969],[2.341921997087892,48.88243510328364],[2.341738991377956,48.883446985539535],[2.341805148341597,48.883610637048335],[2.3416222345724154,48.88393846688042],[2.3398431015275523,48.88416910164154],[2.339814104214513,48.884199586418404],[2.3402833300585595,48.884602462664134],[2.3405230023356354,48.884695618062665],[2.340567068453418,48.88490093213867],[2.340600547244053,48.884905945922206],[2.3410353126985344,48.884752678256646],[2.3413339692276294,48.88422338447164],[2.341366969466337,48.8842133757078],[2.3414274843284866,48.884225458331564],[2.3419372851628695,48.885619264516556],[2.34402561666142,48.885778769703556],[2.3432727766014914,48.884380818875975]]],"type":"Polygon"},"properties":{"id_bv":"18-22","arrondissement":"18","num_bv":22,"geo_point_2d":{"lon":2.342731473664406,"lat":48.88405849053319},"created_user":null,"created_date":null,"last_edited_user":null,"last_edited_date":null,"st_area_shape":66592.26733159172,"st_perimeter_shape":1464.3392966069346}},{"type":"Feature","geometry":{"coordinates":[[[2.3217823666320245,48.83397091803054],[2.3209798917443383,48.833057877082474],[2.3204788940842422,48.832349339274145],[2.320479838904738,48.83233600962727],[2.3205655142690156,48.83230223201491],[2.3202850833397415,48.83170441029013],[2.3200060936773887,48.831833321832406],[2.318876453662903,48.83236279682578],[2.317345988074477,48.83343691980179],[2.3182308439009183,48.8339153167271],[2.3182750789451725,48.834019608293495],[2.320325635589741,48.83509576416472],[2.3203544358893167,48.83510644326915],[2.3203609221562793,48.835082305916764],[2.321797037461087,48.83438841782683],[2.3217823666320245,48.83397091803054]]],"type":"Polygon"},"properties":{"id_bv":"14-19","arrondissement":"14","num_bv":19,"geo_point_2d":{"lon":2.3197907933361335,"lat":48.83351187848814},"created_user":null,"created_date":null,"last_edited_user":null,"last_edited_date":null,"st_area_shape":64122.657286233916,"st_perimeter_shape":1043.8957420832867}},{"type":"Feature","geometry":{"coordinates":[[[2.3323417054817948,48.89444679676696],[2.332519808454928,48.89446932658047],[2.3326916638209365,48.89424760586753],[2.334834447200417,48.894704481066384],[2.335346164786045,48.894826228797406],[2.3353803101002653,48.89481656713626],[2.3353599238211724,48.894753496083105],[2.335380526968214,48.894729916002404],[2.335347663392714,48.894723156869],[2.3353332436529577,48.89469112573498],[2.3349975071495686,48.893818987833775],[2.3349615340781775,48.89381065908707],[2.3327180621644708,48.894148129632924],[2.3325839606214345,48.89404502053609],[2.332586371141407,48.89402423533898],[2.3325649974435607,48.89402783761138],[2.330771029537404,48.89240296541313],[2.3305586642140823,48.89244504756554],[2.3305069037064676,48.8924219387435],[2.3304961566718494,48.89245469139411],[2.3275167326748725,48.893048419034336],[2.3274295224667414,48.893050246808635],[2.3294585606720255,48.89346210070617],[2.329842898610943,48.89422285715943],[2.3298832874339497,48.89422737924068],[2.330455365683699,48.894051746142466],[2.3315593586118144,48.8952051662272],[2.3315890235691876,48.89520863141716],[2.3323417054817948,48.89444679676696]]],"type":"Polygon"},"properties":{"id_bv":"18-41","arrondissement":"18","num_bv":41,"geo_point_2d":{"lon":2.331354946253474,"lat":48.893727104069065},"created_user":null,"created_date":null,"last_edited_user":null,"last_edited_date":null,"st_area_shape":57206.16217696731,"st_perimeter_shape":1587.5216354009758}},{"type":"Feature","geometry":{"coordinates":[[[2.3670839912708495,48.86166309197901],[2.367244316088272,48.8610073300032],[2.367181716798842,48.8609627889379],[2.3624108313701013,48.861623572659724],[2.362381705060034,48.8616027801831],[2.362319908932201,48.86163989699571],[2.361439253982781,48.86175487450497],[2.361415555592188,48.86177801683447],[2.3625207928085525,48.86272089433704],[2.362566836564749,48.863021357178404],[2.362582276995102,48.86301774131057],[2.3635845341335724,48.86252353313122],[2.3644931975729913,48.86265103606277],[2.364512278663311,48.86263556702356],[2.364627192202715,48.86215264145582],[2.364650966118171,48.86214041516179],[2.366612333833556,48.8631772162457],[2.3667167965589964,48.863153547916966],[2.366727994664646,48.863134801878154],[2.3670839912708495,48.86166309197901]]],"type":"Polygon"},"properties":{"id_bv":"3-4","arrondissement":"3","num_bv":4,"geo_point_2d":{"lon":2.3647447982161194,"lat":48.861987257256374},"created_user":null,"created_date":null,"last_edited_user":null,"last_edited_date":null,"st_area_shape":56315.63781894739,"st_perimeter_shape":1263.0268696746743}},{"type":"Feature","geometry":{"coordinates":[[[2.356984684490453,48.86696501766621],[2.3580956339203425,48.866990678460056],[2.358546345718503,48.867419968433865],[2.359381847905908,48.867286202774324],[2.359260450742655,48.86690499907696],[2.3582977357670702,48.865840090102445],[2.3583050132286294,48.86582242555218],[2.360398896372155,48.865406082442846],[2.360206521746534,48.86522482760486],[2.3596484444115795,48.86470594164756],[2.359563550513028,48.86469364393525],[2.3595408873473755,48.86471489736518],[2.3561537027737374,48.86542870838141],[2.3532573437887705,48.86484456180086],[2.3532531252892634,48.864826079961],[2.3515470942909498,48.8644377612989],[2.3519899893445464,48.865248167242825],[2.3519337592373275,48.865314778478634],[2.352035272431427,48.86531948398506],[2.352517166861943,48.86619163055929],[2.3524743230920513,48.86625471524005],[2.3525669796643096,48.86628392263758],[2.3533093485060563,48.867601934254935],[2.3545678684057876,48.86727887585706],[2.356984684490453,48.86696501766621]]],"type":"Polygon"},"properties":{"id_bv":"3-15","arrondissement":"3","num_bv":15,"geo_point_2d":{"lon":2.355706761913453,"lat":48.866032626899},"created_user":null,"created_date":null,"last_edited_user":null,"last_edited_date":null,"st_area_shape":121319.46213899883,"st_perimeter_shape":1934.7768244578965}},{"type":"Feature","geometry":{"coordinates":[[[2.352289847906319,48.843802514215625],[2.352040866957282,48.84217821919723],[2.3519594286807393,48.84167368057677],[2.349688926791306,48.84148084705332],[2.3496458260513107,48.84149468508266],[2.349772466588083,48.842292641063544],[2.3492555160903454,48.844474126173424],[2.349277637936499,48.84449542286325],[2.3496343959965027,48.844400462981035],[2.352289847906319,48.843802514215625]]],"type":"Polygon"},"properties":{"id_bv":"5-13","arrondissement":"5","num_bv":13,"geo_point_2d":{"lon":2.350777855209652,"lat":48.842933044470634},"created_user":null,"created_date":null,"last_edited_user":null,"last_edited_date":null,"st_area_shape":53220.32773456282,"st_perimeter_shape":981.2363296076512}},{"type":"Feature","geometry":{"coordinates":[[[2.3029244158975235,48.87909746774266],[2.303135298068582,48.87910334684887],[2.303201444416298,48.87909048552489],[2.3050752798806524,48.8781395994776],[2.306723283084461,48.87733849103206],[2.3075490219398302,48.876674463375],[2.307867538949745,48.87639069142855],[2.307945098319289,48.876316153816404],[2.307300342291091,48.875396329187126],[2.3064652166407513,48.87511058381511],[2.3049940604708152,48.87515903003361],[2.304836095763954,48.87547119032812],[2.3042600756063814,48.87542782051556],[2.3004889726104407,48.877051036990245],[2.3004711147770767,48.87707106615407],[2.300825771899519,48.878634491987484],[2.300873567216778,48.878644343675596],[2.3009053021849444,48.87871500384126],[2.3009204788650295,48.87870489307305],[2.3010068332955225,48.87874429908422],[2.301025502866057,48.8787194892299],[2.3011147236296674,48.878696398004394],[2.3027958980718846,48.879066703049936],[2.3028410282055756,48.87913147536266],[2.3029244158975235,48.87909746774266]]],"type":"Polygon"},"properties":{"id_bv":"8-16","arrondissement":"8","num_bv":16,"geo_point_2d":{"lon":2.304076394607418,"lat":48.877047025243805},"created_user":null,"created_date":null,"last_edited_user":null,"last_edited_date":null,"st_area_shape":145388.70126186596,"st_perimeter_shape":1542.7694678603827}},{"type":"Feature","geometry":{"coordinates":[[[2.326292580575602,48.83417776411257],[2.3249374331466197,48.83233070404406],[2.324953457542978,48.832302747529624],[2.3249093678121744,48.83229908555492],[2.3248579425377978,48.83222628329736],[2.322743804963969,48.83267020412726],[2.3225146526939593,48.83243064793247],[2.3209798917443383,48.833057877082474],[2.3217823666320245,48.83397091803054],[2.321797037461087,48.83438841782683],[2.3203609221562793,48.835082305916764],[2.3203544358893167,48.83510644326915],[2.320529127313245,48.835212446386706],[2.321949780893153,48.834483493926086],[2.326292580575602,48.83417776411257]]],"type":"Polygon"},"properties":{"id_bv":"14-18","arrondissement":"14","num_bv":18,"geo_point_2d":{"lon":2.3235208975357695,"lat":48.83349120946258},"created_user":null,"created_date":null,"last_edited_user":null,"last_edited_date":null,"st_area_shape":65957.89220657798,"st_perimeter_shape":1337.84078830891}},{"type":"Feature","geometry":{"coordinates":[[[2.3548971071623392,48.8358981110544],[2.354872648702823,48.83589641783808],[2.353690881796635,48.83502950117391],[2.3535550487310064,48.83492917375878],[2.3535573786053927,48.83491245719676],[2.3550093198999136,48.83273359606681],[2.3555097177526925,48.83217532296097],[2.35560703809451,48.831499695860884],[2.3555344798245703,48.83149678576869],[2.3520215335390176,48.83656526865146],[2.351887746310059,48.83677204493661],[2.351919824212084,48.83681895255851],[2.3544034770019944,48.837608117683686],[2.355247599779489,48.837875263050854],[2.3554281480522055,48.83769279240193],[2.3548971071623392,48.8358981110544]]],"type":"Polygon"},"properties":{"id_bv":"13-1","arrondissement":"13","num_bv":1,"geo_point_2d":{"lon":2.353885337082059,"lat":48.83590662868419},"created_user":null,"created_date":null,"last_edited_user":null,"last_edited_date":null,"st_area_shape":57103.55159096046,"st_perimeter_shape":1715.015716935851}},{"type":"Feature","geometry":{"coordinates":[[[2.285924495854368,48.835831544080825],[2.2860788359189668,48.83554848877615],[2.2854339040542353,48.835258041943064],[2.284723066099675,48.83585201862199],[2.2814155782941117,48.83589390828896],[2.2813989475778707,48.835965547908536],[2.2817463183252817,48.83610581696092],[2.2849765986720163,48.837382732730816],[2.2856931150492197,48.83761027588945],[2.287672416750974,48.83813439249798],[2.288048424604664,48.838231986113556],[2.288229939096817,48.83791046955076],[2.285924495854368,48.835831544080825]]],"type":"Polygon"},"properties":{"id_bv":"15-73","arrondissement":"15","num_bv":73,"geo_point_2d":{"lon":2.285247740879658,"lat":48.83669591035004},"created_user":null,"created_date":null,"last_edited_user":null,"last_edited_date":null,"st_area_shape":60872.287561808305,"st_perimeter_shape":1301.2564564148088}},{"type":"Feature","geometry":{"coordinates":[[[2.3451319763088057,48.840423777127654],[2.3457856640127814,48.84016927754827],[2.3459875569048405,48.84015364164903],[2.3460095405371804,48.840129888193445],[2.345857410369692,48.839270306312144],[2.345883005231842,48.83925201197489],[2.349237418235024,48.838965255624814],[2.3492564339500395,48.83894421678539],[2.3490260047466798,48.83744445951678],[2.3491444280019955,48.83743621459966],[2.3490191200444595,48.83723110928087],[2.349004232099996,48.8370816100934],[2.347084311632952,48.8373172143442],[2.3421524559151177,48.838361049161215],[2.3420643784007003,48.83832523041473],[2.342067930335598,48.83836613696755],[2.340790640236063,48.83864050758944],[2.3407354428158906,48.83870513406758],[2.3408575454734484,48.839016610954644],[2.3432127894646038,48.84113888795981],[2.3451319763088057,48.840423777127654]]],"type":"Polygon"},"properties":{"id_bv":"5-11","arrondissement":"5","num_bv":11,"geo_point_2d":{"lon":2.3450394601438957,"lat":48.838919194459},"created_user":null,"created_date":null,"last_edited_user":null,"last_edited_date":null,"st_area_shape":142321.53692547453,"st_perimeter_shape":1773.8484064113295}},{"type":"Feature","geometry":{"coordinates":[[[2.303027775494819,48.8421663390407],[2.302718595843372,48.84196373726057],[2.302792142833099,48.84167026778992],[2.3005316397865516,48.84091339367578],[2.299444605726826,48.84053187604603],[2.2994088603404994,48.84067406742875],[2.2991479214319503,48.841568737470936],[2.298933763916036,48.842199250102425],[2.30021784555731,48.842591566567016],[2.300449376453153,48.84210481677726],[2.3024441833194826,48.842717136684584],[2.3025238898303293,48.842741577659936],[2.3026298067838864,48.84271633654288],[2.302666372781412,48.84269332713792],[2.303027775494819,48.8421663390407]]],"type":"Polygon"},"properties":{"id_bv":"15-1","arrondissement":"15","num_bv":1,"geo_point_2d":{"lon":2.300818054815797,"lat":48.84175069481524},"created_user":null,"created_date":null,"last_edited_user":null,"last_edited_date":null,"st_area_shape":40678.231116686824,"st_perimeter_shape":935.4180678507691}},{"type":"Feature","geometry":{"coordinates":[[[2.287672416750974,48.83813439249798],[2.2856931150492197,48.83761027588945],[2.2849765986720163,48.837382732730816],[2.2817463183252817,48.83610581696092],[2.281656581647519,48.83613501319512],[2.281769568896486,48.83739466706419],[2.281406444971504,48.83743368193893],[2.2817722219733807,48.83789504399366],[2.281260420793022,48.83829302277256],[2.2822708390973316,48.83897587930936],[2.282369650791236,48.83891280738558],[2.282606871207763,48.83897839872344],[2.282938215686843,48.83910664650373],[2.283374017503993,48.83867842556245],[2.2866594886050176,48.83799903986054],[2.2873219491138155,48.83818081527298],[2.287672416750974,48.83813439249798]]],"type":"Polygon"},"properties":{"id_bv":"15-74","arrondissement":"15","num_bv":74,"geo_point_2d":{"lon":2.2833993122917833,"lat":48.837736814619056},"created_user":null,"created_date":null,"last_edited_user":null,"last_edited_date":null,"st_area_shape":62530.34930112632,"st_perimeter_shape":1334.1337481417297}},{"type":"Feature","geometry":{"coordinates":[[[2.358017332712864,48.82391417959394],[2.3580435969616054,48.82389055995081],[2.3583463696249147,48.822945527356254],[2.356538842665244,48.82291339508724],[2.3555355242084075,48.82287182446674],[2.355401095475479,48.82311893068857],[2.3552770206053024,48.8231681493918],[2.355367006377301,48.8235272748429],[2.355321433878386,48.82405320086041],[2.355363780508685,48.824214736010326],[2.355262050235884,48.82437645405374],[2.3552992104890618,48.82475022129353],[2.3541533141880313,48.82524885991467],[2.354110199146782,48.82582192800043],[2.3569699329640206,48.825995510480034],[2.356969672515945,48.82606864358481],[2.356989325462415,48.826074378447665],[2.3573324574547447,48.826098143401225],[2.358017332712864,48.82391417959394]]],"type":"Polygon"},"properties":{"id_bv":"13-41","arrondissement":"13","num_bv":41,"geo_point_2d":{"lon":2.356400106678533,"lat":48.82447625429807},"created_user":null,"created_date":null,"last_edited_user":null,"last_edited_date":null,"st_area_shape":71415.60430610647,"st_perimeter_shape":1193.8756557455752}},{"type":"Feature","geometry":{"coordinates":[[[2.290870539387741,48.84894395378002],[2.2901974135158905,48.84809757855184],[2.2900803517489328,48.84804617694308],[2.290057090322625,48.84809858066599],[2.289731468994541,48.84796659184196],[2.2891827521974437,48.8475231597514],[2.289277946886528,48.84734598024461],[2.289073050680356,48.84710530875724],[2.2867592749253784,48.84803038965842],[2.286467603439448,48.847715169741996],[2.286330106460243,48.8477456942932],[2.28633483040115,48.84775658230196],[2.287512931229936,48.84912913460368],[2.288421664666984,48.8493486676735],[2.289123990964416,48.84951860160063],[2.290870539387741,48.84894395378002]]],"type":"Polygon"},"properties":{"id_bv":"15-11","arrondissement":"15","num_bv":11,"geo_point_2d":{"lon":2.28870882422701,"lat":48.84843288598795},"created_user":null,"created_date":null,"last_edited_user":null,"last_edited_date":null,"st_area_shape":46931.49301104592,"st_perimeter_shape":962.0115085312066}},{"type":"Feature","geometry":{"coordinates":[[[2.337187806941201,48.86659452207954],[2.337250976260346,48.86667904423451],[2.3397320002128956,48.866090402143065],[2.341185286708358,48.86574868166627],[2.34026320902319,48.86446267825983],[2.3397495506480945,48.86352967868287],[2.3392254064390308,48.86235188134613],[2.3391736913891465,48.86223515184304],[2.3392035381403855,48.86219371911222],[2.339388912961706,48.86213791993454],[2.339426846169742,48.86208867507954],[2.339134156863452,48.86152367417942],[2.3390450175080097,48.86150212275469],[2.335158238685509,48.8627600787532],[2.335111806043125,48.86282556401668],[2.3353192125364246,48.86328396959282],[2.3345218159051555,48.86370087884947],[2.3348037463225557,48.86398737010465],[2.335407193894919,48.8641007828878],[2.3351576870080764,48.864618787676015],[2.3355958382494735,48.866081992006144],[2.3355928304467346,48.866190739395456],[2.335932237302413,48.866888725712066],[2.3359393439687564,48.86689757871714],[2.337187806941201,48.86659452207954]]],"type":"Polygon"},"properties":{"id_bv":"1-7","arrondissement":"1","num_bv":7,"geo_point_2d":{"lon":2.337710091017504,"lat":48.86435641599653},"created_user":null,"created_date":null,"last_edited_user":null,"last_edited_date":null,"st_area_shape":173066.7404827701,"st_perimeter_shape":1791.3193434237212}},{"type":"Feature","geometry":{"coordinates":[[[2.383612921506652,48.87671545941222],[2.384523357117605,48.876579144708565],[2.3856787211505806,48.87426794110192],[2.385328433816684,48.874091297129716],[2.381972502227606,48.87572645765121],[2.3818583893396488,48.87558890004432],[2.3813478591574184,48.87625271417617],[2.380731243977676,48.87778908334339],[2.3812484272706897,48.87773654763712],[2.3817691528493192,48.877172783195846],[2.3828857375474986,48.876822686015146],[2.383612921506652,48.87671545941222]]],"type":"Polygon"},"properties":{"id_bv":"19-13","arrondissement":"19","num_bv":13,"geo_point_2d":{"lon":2.3832916366172383,"lat":48.87591828599298},"created_user":null,"created_date":null,"last_edited_user":null,"last_edited_date":null,"st_area_shape":57214.90915470803,"st_perimeter_shape":1211.495611611657}},{"type":"Feature","geometry":{"coordinates":[[[2.3882632175123466,48.83803154587354],[2.388234831171689,48.83676555301861],[2.3865607274082055,48.83590463351013],[2.3846390857442556,48.83488686118358],[2.3845900307954935,48.83492290540077],[2.382514141698578,48.83644762914055],[2.382510704468717,48.836470276285056],[2.3835868398867346,48.8371426461002],[2.383715103364018,48.837115222571136],[2.386827388916398,48.83918227194827],[2.3882632175123466,48.83803154587354]]],"type":"Polygon"},"properties":{"id_bv":"12-61","arrondissement":"12","num_bv":61,"geo_point_2d":{"lon":2.3857302622987615,"lat":48.83696042780623},"created_user":null,"created_date":null,"last_edited_user":null,"last_edited_date":null,"st_area_shape":103729.46352873844,"st_perimeter_shape":1321.7474149800491}},{"type":"Feature","geometry":{"coordinates":[[[2.3971341984050856,48.85302476106947],[2.3963008768958716,48.85278553415449],[2.3967573153874,48.85114678792716],[2.394437128042275,48.85077124465984],[2.3940455317788096,48.85140895305179],[2.3937870010443243,48.85131101982512],[2.3932299087449724,48.8522651984473],[2.39322785956437,48.852276742916736],[2.393469424218034,48.85234470851439],[2.393070937435044,48.853001913694996],[2.3926822376931725,48.853559880453346],[2.3929666229610835,48.853622687079614],[2.3929254952697656,48.85372489638464],[2.394651893115492,48.85411257387951],[2.3947056564705926,48.8540234208531],[2.3960937275003893,48.854362883438505],[2.3971341984050856,48.85302476106947]]],"type":"Polygon"},"properties":{"id_bv":"11-47","arrondissement":"11","num_bv":47,"geo_point_2d":{"lon":2.3949935261917608,"lat":48.85261652463118},"created_user":null,"created_date":null,"last_edited_user":null,"last_edited_date":null,"st_area_shape":83288.56680762695,"st_perimeter_shape":1261.011886576099}},{"type":"Feature","geometry":{"coordinates":[[[2.345720926931067,48.89341940742199],[2.3452247731227858,48.89251805596943],[2.3449530699724965,48.892298044491575],[2.3442988938434794,48.89108761099719],[2.343813751622175,48.89118880737521],[2.3417222642722257,48.89129028312809],[2.3416944962325923,48.89131198404538],[2.342384245750612,48.892757730840785],[2.3423741936556275,48.892780647035444],[2.34202133166111,48.89286841972633],[2.3417515506443207,48.89325805329495],[2.3425033138574647,48.89335875518107],[2.3438559232291003,48.892589965460864],[2.3443112487328035,48.89252367749495],[2.344898302960922,48.89355314028822],[2.345720926931067,48.89341940742199]]],"type":"Polygon"},"properties":{"id_bv":"18-1","arrondissement":"18","num_bv":1,"geo_point_2d":{"lon":2.343528800374262,"lat":48.89223582819368},"created_user":null,"created_date":null,"last_edited_user":null,"last_edited_date":null,"st_area_shape":44544.56893835095,"st_perimeter_shape":1127.5700736031963}},{"type":"Feature","geometry":{"coordinates":[[[2.3988804180117267,48.86746573433035],[2.3971148538294167,48.86666615726004],[2.3964313666891774,48.86754522266943],[2.3945158351377223,48.869961443049014],[2.3952691946201714,48.86999513656238],[2.395781954506898,48.87006866482596],[2.3971155682914507,48.86895441223112],[2.398081792206872,48.86819228973402],[2.3988804180117267,48.86746573433035]]],"type":"Polygon"},"properties":{"id_bv":"20-8","arrondissement":"20","num_bv":8,"geo_point_2d":{"lon":2.3967156753400896,"lat":48.86838297695191},"created_user":null,"created_date":null,"last_edited_user":null,"last_edited_date":null,"st_area_shape":47170.4186788702,"st_perimeter_shape":1032.182075533754}},{"type":"Feature","geometry":{"coordinates":[[[2.368420448138422,48.85573699486861],[2.368461673886465,48.85578271418754],[2.3685175691185365,48.85572257822957],[2.3691098298432642,48.85318823915355],[2.3691124568339057,48.853128965896204],[2.3690083679397724,48.853023351976596],[2.367642113723267,48.85323420435253],[2.366415350198212,48.85335979635907],[2.36587526011459,48.85345254185687],[2.3647927948395133,48.85366177970189],[2.364535760872514,48.853998592956806],[2.3629384953431996,48.85456106851879],[2.3633167295334636,48.8550673984599],[2.364298624062387,48.85645676827177],[2.3648366452119385,48.85630934927833],[2.368420448138422,48.85573699486861]]],"type":"Polygon"},"properties":{"id_bv":"4-6","arrondissement":"4","num_bv":6,"geo_point_2d":{"lon":2.366255700689756,"lat":48.85472695274182},"created_user":null,"created_date":null,"last_edited_user":null,"last_edited_date":null,"st_area_shape":110593.47623297594,"st_perimeter_shape":1358.5810126326558}},{"type":"Feature","geometry":{"coordinates":[[[2.35988147676225,48.826153504257874],[2.3599548603234766,48.82615306511117],[2.3610842334924396,48.824719411913016],[2.358017332712864,48.82391417959394],[2.3573324574547447,48.826098143401225],[2.3573163739328526,48.82616870738905],[2.35988147676225,48.826153504257874]]],"type":"Polygon"},"properties":{"id_bv":"13-69","arrondissement":"13","num_bv":69,"geo_point_2d":{"lon":2.359020520385069,"lat":48.82518424362148},"created_user":null,"created_date":null,"last_edited_user":null,"last_edited_date":null,"st_area_shape":45948.308814944205,"st_perimeter_shape":871.6440262825218}},{"type":"Feature","geometry":{"coordinates":[[[2.303219596312261,48.84188712266992],[2.3042254991094095,48.84044511865804],[2.304190739042653,48.840396096932125],[2.3024292951381,48.839900717459535],[2.301810308757123,48.83972366550962],[2.3004569087304456,48.83930125683182],[2.300394038167187,48.8393106958771],[2.3002981167382566,48.83943377933975],[2.299444605726826,48.84053187604603],[2.3005316397865516,48.84091339367578],[2.302792142833099,48.84167026778992],[2.302718595843372,48.84196373726057],[2.303027775494819,48.8421663390407],[2.303219596312261,48.84188712266992]]],"type":"Polygon"},"properties":{"id_bv":"15-2","arrondissement":"15","num_bv":2,"geo_point_2d":{"lon":2.301893905740918,"lat":48.84056863750405},"created_user":null,"created_date":null,"last_edited_user":null,"last_edited_date":null,"st_area_shape":52157.26878419453,"st_perimeter_shape":1015.3595110649849}},{"type":"Feature","geometry":{"coordinates":[[[2.3538503794639327,48.8414494525539],[2.355740727885202,48.84170590819166],[2.355759807987341,48.84169308620427],[2.3559009779749123,48.84128427736106],[2.3559518479949597,48.84116045621143],[2.356013152373414,48.84099425833599],[2.354322956356805,48.8405419085386],[2.3539321022014916,48.84065128877934],[2.353925034879781,48.84066348645527],[2.3528038924069197,48.84044833556556],[2.3517685871292398,48.8407169701861],[2.351047793308567,48.84042936483897],[2.35043379237905,48.840631403959286],[2.3496691650699515,48.84146912254258],[2.349688926791306,48.84148084705332],[2.3519594286807393,48.84167368057677],[2.352040866957282,48.84217821919723],[2.353644026096021,48.84226172791271],[2.3538503794639327,48.8414494525539]]],"type":"Polygon"},"properties":{"id_bv":"5-15","arrondissement":"5","num_bv":15,"geo_point_2d":{"lon":2.352864467009964,"lat":48.8412339021585},"created_user":null,"created_date":null,"last_edited_user":null,"last_edited_date":null,"st_area_shape":55151.54315871601,"st_perimeter_shape":1214.28135184844}},{"type":"Feature","geometry":{"coordinates":[[[2.290630045176872,48.84200174150389],[2.291359724509565,48.84140853972132],[2.2912745752439427,48.84096784873232],[2.2912615526189,48.840900582359104],[2.2910390631084074,48.84077412023785],[2.290939093215183,48.84070581324841],[2.29048737594842,48.840174398681015],[2.2889891369469337,48.84077347807787],[2.288808923458374,48.84067044789573],[2.2879033724960007,48.84109156813917],[2.2876349223983006,48.84125241491277],[2.288905011031359,48.84164127550176],[2.2884034348704687,48.841948539367465],[2.289494604046464,48.84258338458211],[2.289826948611656,48.842444652691064],[2.290475044365948,48.842127367974584],[2.291777204376185,48.84268072481647],[2.2919075799716992,48.842540102399575],[2.290630045176872,48.84200174150389]]],"type":"Polygon"},"properties":{"id_bv":"15-89","arrondissement":"15","num_bv":89,"geo_point_2d":{"lon":2.2898140081574527,"lat":48.84141112901788},"created_user":null,"created_date":null,"last_edited_user":null,"last_edited_date":null,"st_area_shape":40933.87095912161,"st_perimeter_shape":1086.8078272924645}},{"type":"Feature","geometry":{"coordinates":[[[2.3664647771657408,48.865376721663026],[2.366744279216843,48.86501204781187],[2.367398493543925,48.865186085928386],[2.368301027124632,48.864601375974395],[2.368475041578217,48.86463092401786],[2.3694343816188237,48.86361807122567],[2.3706337173519487,48.864085650423725],[2.3712983442179394,48.86311007852137],[2.3674526933941378,48.8620824500747],[2.367553775436266,48.86176339830739],[2.36713527144458,48.86171500899558],[2.3670839912708495,48.86166309197901],[2.366727994664646,48.863134801878154],[2.3667167965589964,48.863153547916966],[2.366612333833556,48.8631772162457],[2.366681000940464,48.86321347338035],[2.3653582684651364,48.86538476854437],[2.3653169659507003,48.86544743786713],[2.365356777499734,48.86544460470684],[2.3654015174689853,48.86544295332097],[2.3657863300473205,48.86552767417267],[2.3664647771657408,48.865376721663026]]],"type":"Polygon"},"properties":{"id_bv":"11-20","arrondissement":"11","num_bv":20,"geo_point_2d":{"lon":2.3680241142020533,"lat":48.863647653705826},"created_user":null,"created_date":null,"last_edited_user":null,"last_edited_date":null,"st_area_shape":79378.2631328534,"st_perimeter_shape":1474.6507142750704}},{"type":"Feature","geometry":{"coordinates":[[[2.302502476210261,48.89110150938947],[2.30388516100413,48.890060353288256],[2.303867984821048,48.89002824363095],[2.300363840975296,48.88832973891366],[2.2988990719322535,48.88968981469835],[2.3022987618229482,48.89125754309499],[2.302502476210261,48.89110150938947]]],"type":"Polygon"},"properties":{"id_bv":"17-36","arrondissement":"17","num_bv":36,"geo_point_2d":{"lon":2.3013616900579885,"lat":48.88981863475874},"created_user":null,"created_date":null,"last_edited_user":null,"last_edited_date":null,"st_area_shape":56917.86807768608,"st_perimeter_shape":989.1646868926382}},{"type":"Feature","geometry":{"coordinates":[[[2.3366078493516906,48.85500073783294],[2.336824847630637,48.855012085403146],[2.3369754907209788,48.85393171823543],[2.3369544933474007,48.853848586040186],[2.336982311877714,48.85290317070488],[2.336080078376944,48.85312598003374],[2.3358149762826916,48.853089030991654],[2.3356016583101233,48.85303167563852],[2.335604774386886,48.85309704011903],[2.3334741558972834,48.85337800543983],[2.332788831470918,48.85364476421347],[2.3303311908635833,48.85426994587292],[2.3304324328600563,48.85444497563087],[2.3307761524506674,48.85510656077309],[2.3315951568976945,48.85619896638575],[2.331719218342766,48.85630013237145],[2.3339457871115696,48.855508287147096],[2.336427846826122,48.854676046025986],[2.3366078493516906,48.85500073783294]]],"type":"Polygon"},"properties":{"id_bv":"6-9","arrondissement":"6","num_bv":9,"geo_point_2d":{"lon":2.333766853464855,"lat":48.8544764211413},"created_user":null,"created_date":null,"last_edited_user":null,"last_edited_date":null,"st_area_shape":103612.47717901792,"st_perimeter_shape":1453.8727431547122}},{"type":"Feature","geometry":{"coordinates":[[[2.332880752875314,48.85932625189746],[2.3324533916143837,48.858531314601564],[2.332485929062129,48.858495441102946],[2.333211106403554,48.85827558058752],[2.3332407402377138,48.85823670844992],[2.33175283808072,48.85641539957592],[2.3297992519502975,48.857234761134976],[2.3239079374498437,48.85932802616263],[2.3245760517743954,48.86001911740697],[2.326049330752435,48.86144438150407],[2.3261774211362534,48.86147267325273],[2.3278838117103233,48.860880357528714],[2.3298807882488104,48.86014606993422],[2.332837396393224,48.859383673861856],[2.332880752875314,48.85932625189746]]],"type":"Polygon"},"properties":{"id_bv":"7-4","arrondissement":"7","num_bv":4,"geo_point_2d":{"lon":2.3288241216709484,"lat":48.85903496445241},"created_user":null,"created_date":null,"last_edited_user":null,"last_edited_date":null,"st_area_shape":186410.1809525221,"st_perimeter_shape":1894.80794928167}},{"type":"Feature","geometry":{"coordinates":[[[2.366883990811585,48.87449168382545],[2.3702403533284864,48.87359969639554],[2.37043813674507,48.873408153016854],[2.370249597538701,48.8725293093004],[2.369927050635919,48.871868390809816],[2.3703166863892577,48.87129634466818],[2.370746837044222,48.87075458926267],[2.3726443648690534,48.870616166151635],[2.3728697656461883,48.87059552578752],[2.372923676353533,48.87056977060258],[2.3728103511402705,48.87053660012821],[2.3724054591916905,48.87041163008137],[2.372449120111267,48.87032810274055],[2.3716063080782956,48.8700784997648],[2.3715340566632976,48.8701454116227],[2.3695769762367025,48.86954144827159],[2.369337408815337,48.86945354390055],[2.36793095543102,48.87174748240029],[2.3678559835799238,48.87175937863069],[2.3678772696277455,48.871806637007396],[2.3665461870944293,48.8725665504719],[2.3666399638992663,48.87262986987658],[2.3666410139034357,48.87267032670214],[2.3649068679618015,48.873698937712206],[2.3638398309729793,48.873973056970904],[2.363994319078012,48.87406815977295],[2.3646050092458823,48.87391119251356],[2.3649593815858236,48.873745867575806],[2.3664463089293823,48.87409041482665],[2.366883990811585,48.87449168382545]]],"type":"Polygon"},"properties":{"id_bv":"10-11","arrondissement":"10","num_bv":11,"geo_point_2d":{"lon":2.368699082641515,"lat":48.87222519867954},"created_user":null,"created_date":null,"last_edited_user":null,"last_edited_date":null,"st_area_shape":117765.64298981993,"st_perimeter_shape":2024.452117123445}},{"type":"Feature","geometry":{"coordinates":[[[2.3227846278684043,48.85815902429506],[2.3211156837751297,48.8564708298279],[2.3199522139907867,48.85496783338819],[2.3168710861465205,48.85574014543277],[2.3153929953076102,48.857952970497955],[2.315442497159915,48.85828014889071],[2.316293514010465,48.8587945579386],[2.3175506086714703,48.857735257306445],[2.3181622436170093,48.85752259057689],[2.3182011880689632,48.85752442051839],[2.3195492338423422,48.859339562488856],[2.3195790515935846,48.85934911857086],[2.3227846278684043,48.85815902429506]]],"type":"Polygon"},"properties":{"id_bv":"7-1","arrondissement":"7","num_bv":1,"geo_point_2d":{"lon":2.3190408354283982,"lat":48.85717940155402},"created_user":null,"created_date":null,"last_edited_user":null,"last_edited_date":null,"st_area_shape":140693.9033856061,"st_perimeter_shape":1744.0354430875896}},{"type":"Feature","geometry":{"coordinates":[[[2.3317161577512717,48.881208148462804],[2.331508836513119,48.88015491285957],[2.331525046058934,48.88013539339297],[2.333827596517056,48.8795960118299],[2.333851902978158,48.87956818318406],[2.3333052429254186,48.8791415805735],[2.332487379494387,48.879338493861155],[2.3324600497548427,48.87932364185],[2.331954303929457,48.878022184386595],[2.3325008126060656,48.876779958108074],[2.3325181337029015,48.87674051355412],[2.3322165263096077,48.87662621741865],[2.331759115289285,48.87791498237621],[2.3317311157487843,48.87792583934463],[2.3308113771132937,48.87797011739718],[2.3297810816552564,48.8791352992251],[2.329487478350675,48.87909418603606],[2.3286626641808783,48.88076513418767],[2.331106224096343,48.881321928950264],[2.3317161577512717,48.881208148462804]]],"type":"Polygon"},"properties":{"id_bv":"9-8","arrondissement":"9","num_bv":8,"geo_point_2d":{"lon":2.330974894017156,"lat":48.87958370354415},"created_user":null,"created_date":null,"last_edited_user":null,"last_edited_date":null,"st_area_shape":73837.06733671189,"st_perimeter_shape":1575.9184735662766}},{"type":"Feature","geometry":{"coordinates":[[[2.379107209368752,48.88817237148581],[2.3799189667642904,48.88791155474223],[2.3799407382238145,48.88789444005353],[2.3800418411690645,48.887588363587824],[2.380604841338723,48.8871288730235],[2.3821347636428363,48.885876812844565],[2.3821822233348198,48.885865971770855],[2.3821955410564346,48.885860808218766],[2.3794849185657054,48.88481541784737],[2.3791508524668994,48.88493008127004],[2.379088401996633,48.88491348862193],[2.379082244038533,48.88494811040225],[2.3786242338639543,48.885112900942055],[2.3777162316057714,48.88600835668773],[2.376146164833797,48.88675138418188],[2.3790135996176414,48.88817479984913],[2.3790599358219655,48.88818761358413],[2.379107209368752,48.88817237148581]]],"type":"Polygon"},"properties":{"id_bv":"19-58","arrondissement":"19","num_bv":58,"geo_point_2d":{"lon":2.3792407944206944,"lat":48.88646515010467},"created_user":null,"created_date":null,"last_edited_user":null,"last_edited_date":null,"st_area_shape":83924.51737016399,"st_perimeter_shape":1190.0360234237621}},{"type":"Feature","geometry":{"coordinates":[[[2.346334739071434,48.834630760633665],[2.3460463221888355,48.834552381524354],[2.3454131911380616,48.83423761040844],[2.344469881680926,48.83167909762958],[2.3444235745498796,48.83167989428071],[2.344307993559485,48.83135386605075],[2.341215598594589,48.832259541196564],[2.3411478108343187,48.832279472914685],[2.341147695819885,48.832518372392954],[2.341265089196561,48.833171377125645],[2.3413142518927375,48.83318534170648],[2.344902881315368,48.834202512944834],[2.3455132978565145,48.83440285801443],[2.345581420545425,48.83442654241864],[2.3461796134499466,48.83482600317391],[2.346334739071434,48.834630760633665]]],"type":"Polygon"},"properties":{"id_bv":"13-64","arrondissement":"13","num_bv":64,"geo_point_2d":{"lon":2.343432504779347,"lat":48.83284915607019},"created_user":null,"created_date":null,"last_edited_user":null,"last_edited_date":null,"st_area_shape":59443.30234459209,"st_perimeter_shape":1201.2477407068818}},{"type":"Feature","geometry":{"coordinates":[[[2.3534480695723543,48.8647709943845],[2.353063611866455,48.86400056701096],[2.3528577513642666,48.863717129790786],[2.352833375615658,48.863550819635094],[2.3539991917959666,48.86325410707822],[2.3535004644181785,48.862832417767244],[2.3536119211900073,48.861827243868674],[2.35332941610004,48.8612747524783],[2.350238115946907,48.86197265120179],[2.3502037843418,48.86202936288266],[2.3509435535311263,48.86335951834741],[2.350908321196735,48.86341925876844],[2.3508735843885225,48.86342762763833],[2.3509804491479183,48.86346190210479],[2.3515470942909498,48.8644377612989],[2.3532531252892634,48.864826079961],[2.3534480695723543,48.8647709943845]]],"type":"Polygon"},"properties":{"id_bv":"3-9","arrondissement":"3","num_bv":9,"geo_point_2d":{"lon":2.352185902234271,"lat":48.86291371796749},"created_user":null,"created_date":null,"last_edited_user":null,"last_edited_date":null,"st_area_shape":63729.774338019015,"st_perimeter_shape":1158.5392313606762}},{"type":"Feature","geometry":{"coordinates":[[[2.270572498086808,48.85697510093789],[2.2704082008812385,48.85668582594018],[2.270633799253096,48.85631451751042],[2.270620370636972,48.85629521184869],[2.269495395535672,48.855741872235555],[2.269222038334745,48.854716683161655],[2.267458554370029,48.85523710487805],[2.2661975877910447,48.85551588348461],[2.2647608821606333,48.85584060658064],[2.2650026149640534,48.85601680769773],[2.265248137529163,48.85614599861859],[2.266201272841343,48.85658759356743],[2.2672973394912743,48.85688371936201],[2.2692544080419728,48.85729527821621],[2.269291892922992,48.85717705166019],[2.2703843519546587,48.85731604572684],[2.270572498086808,48.85697510093789]]],"type":"Polygon"},"properties":{"id_bv":"16-18","arrondissement":"16","num_bv":18,"geo_point_2d":{"lon":2.268116974614887,"lat":48.85614067652818},"created_user":null,"created_date":null,"last_edited_user":null,"last_edited_date":null,"st_area_shape":66326.87913951889,"st_perimeter_shape":1158.5995007657816}},{"type":"Feature","geometry":{"coordinates":[[[2.27255788579488,48.85125100526028],[2.2713135571095657,48.85071134379706],[2.271318967737757,48.85068071743142],[2.2714062702794364,48.850624313957724],[2.2714048802542646,48.85059663206175],[2.268749122454859,48.84959618701577],[2.268276936598847,48.849568929144134],[2.2672088616552353,48.849194047192675],[2.2671979645201823,48.84916462875259],[2.2671640512616373,48.849179445835055],[2.2667654253321503,48.84903763870124],[2.266717255538954,48.84905658001663],[2.2672618599137158,48.84985029872048],[2.267255982241806,48.849866196774954],[2.268260479649713,48.849727912698434],[2.268415151163171,48.849807278694605],[2.2684245398925347,48.849825773984634],[2.2680884808876836,48.850069069006786],[2.2683027195433407,48.85097604926109],[2.2702114019630177,48.851856691267265],[2.2697993048198772,48.85256057622468],[2.271005103343526,48.85311696969764],[2.2720874421004242,48.85275973650806],[2.272110760865384,48.85273960134667],[2.2725294045361997,48.85126506452112],[2.27255788579488,48.85125100526028]]],"type":"Polygon"},"properties":{"id_bv":"16-29","arrondissement":"16","num_bv":29,"geo_point_2d":{"lon":2.270206746304,"lat":48.85119186709759},"created_user":null,"created_date":null,"last_edited_user":null,"last_edited_date":null,"st_area_shape":71844.74410612471,"st_perimeter_shape":1469.432791039325}},{"type":"Feature","geometry":{"coordinates":[[[2.3809714729684126,48.83289141908378],[2.384331113693116,48.83024233595878],[2.3843137798761966,48.8301256686486],[2.3835694622494548,48.8298031627312],[2.3828050871275583,48.829448769286145],[2.3804604242179197,48.82844242603469],[2.3800782311514093,48.82886000846882],[2.380033078830841,48.82886763311726],[2.3776539975930864,48.827883786211416],[2.376934135555745,48.82790947442662],[2.3750576361326914,48.82744140996534],[2.374523978197849,48.82916600775692],[2.375604970820416,48.82967286408391],[2.375617722865592,48.829691722111036],[2.3745447135054416,48.83096713621484],[2.3729905803203284,48.83167328617794],[2.3731135842005107,48.83179519112131],[2.3714386505968177,48.83257234372002],[2.3709353286733883,48.83302003209605],[2.376644961171444,48.83632174490653],[2.3767754896007323,48.83630808469427],[2.377082373459227,48.83602320751352],[2.3809714729684126,48.83289141908378]]],"type":"Polygon"},"properties":{"id_bv":"13-34","arrondissement":"13","num_bv":34,"geo_point_2d":{"lon":2.3775243057002293,"lat":48.83170265223661},"created_user":null,"created_date":null,"last_edited_user":null,"last_edited_date":null,"st_area_shape":474163.479624519,"st_perimeter_shape":3081.058865748735}},{"type":"Feature","geometry":{"coordinates":[[[2.335024120154015,48.89167989363248],[2.337290270210942,48.89142659482185],[2.336608363261871,48.890283442004225],[2.3366246628596508,48.890255452674154],[2.3388573767395324,48.88993806804419],[2.3388692383784018,48.88991546334485],[2.335761830327073,48.889697640021815],[2.335803031771084,48.8903023646],[2.3357793030774276,48.89033280733833],[2.334326851660693,48.89052644956811],[2.33429074081555,48.89051788239389],[2.3334423031311653,48.88912655399934],[2.3333295943326093,48.88915010402126],[2.333200419208465,48.889515068811846],[2.332854904921947,48.88999272872398],[2.3328412110180152,48.89001145463166],[2.333257436409281,48.890587280932394],[2.333483490586927,48.890678873029614],[2.333670685463998,48.89182971314639],[2.335024120154015,48.89167989363248]]],"type":"Polygon"},"properties":{"id_bv":"18-37","arrondissement":"18","num_bv":37,"geo_point_2d":{"lon":2.3352152660189587,"lat":48.890689150524416},"created_user":null,"created_date":null,"last_edited_user":null,"last_edited_date":null,"st_area_shape":52214.72381289325,"st_perimeter_shape":1488.312929603956}},{"type":"Feature","geometry":{"coordinates":[[[2.2955079721641622,48.85461589012111],[2.2954684843101685,48.854586121798675],[2.295370426347934,48.854513328618914],[2.295109941527488,48.854651902740414],[2.294092416192159,48.853920299822015],[2.2939810961405693,48.853779344816594],[2.2928438315437467,48.85311780354053],[2.2911758234521327,48.85205609503244],[2.287593455104688,48.85568156078532],[2.2875491219941066,48.85572642573072],[2.288108786406075,48.8561274437772],[2.288980682125785,48.85753585517501],[2.2898488039891975,48.85824351178975],[2.2950449973454123,48.85491843346981],[2.2955079721641622,48.85461589012111]]],"type":"Polygon"},"properties":{"id_bv":"15-16","arrondissement":"15","num_bv":16,"geo_point_2d":{"lon":2.2911549174841146,"lat":48.85514185621588},"created_user":null,"created_date":null,"last_edited_user":null,"last_edited_date":null,"st_area_shape":192268.95406524334,"st_perimeter_shape":1846.3246718739993}},{"type":"Feature","geometry":{"coordinates":[[[2.280656111381392,48.85873982949893],[2.2822323727893945,48.858761040905],[2.2825895426518956,48.858223131722305],[2.28128051090498,48.85798441269065],[2.2796625492902187,48.8576869032253],[2.279427575245234,48.85754276948052],[2.2778083577880444,48.85770328174274],[2.277764875416254,48.8577045239366],[2.277730831270658,48.85775927730126],[2.277565664866436,48.85793070869788],[2.276866422474164,48.85800737701999],[2.2771379277659687,48.85901247683581],[2.2775898116755964,48.85914676531122],[2.2780736113772027,48.8588447059458],[2.2783273189127287,48.859044566853854],[2.2786981542984313,48.859094710482886],[2.279272797247015,48.859813264288306],[2.279667563723614,48.859916381615],[2.2799961575824406,48.85956652033115],[2.2807309936523597,48.85954967316727],[2.280656111381392,48.85873982949893]]],"type":"Polygon"},"properties":{"id_bv":"16-13","arrondissement":"16","num_bv":13,"geo_point_2d":{"lon":2.2794664484460645,"lat":48.85853262052187},"created_user":null,"created_date":null,"last_edited_user":null,"last_edited_date":null,"st_area_shape":58793.21088078181,"st_perimeter_shape":1198.8517619989393}},{"type":"Feature","geometry":{"coordinates":[[[2.264277314417024,48.85228187358843],[2.264018033202044,48.851930542582544],[2.26331596704152,48.852369724315245],[2.2624722172151235,48.852616613497446],[2.26244353583061,48.8526110576106],[2.2623414166685363,48.85178392272695],[2.262572767125347,48.85151555756612],[2.2622165798568803,48.850337999054325],[2.260948577502958,48.84904118506144],[2.260960664063604,48.84863297068095],[2.2609453673533464,48.848611638544334],[2.259699256799669,48.848346403503896],[2.2558127736259945,48.84908603112481],[2.2557911464284093,48.84911773688692],[2.2583393778159984,48.85073816685822],[2.260097131035309,48.85345291940316],[2.2601310739324503,48.853461213664964],[2.2626915812711745,48.85281965485337],[2.26366976727485,48.852681499843825],[2.264277314417024,48.85228187358843]]],"type":"Polygon"},"properties":{"id_bv":"16-24","arrondissement":"16","num_bv":24,"geo_point_2d":{"lon":2.2600539533648902,"lat":48.850703708741065},"created_user":null,"created_date":null,"last_edited_user":null,"last_edited_date":null,"st_area_shape":153029.31609991702,"st_perimeter_shape":1988.8351934919795}},{"type":"Feature","geometry":{"coordinates":[[[2.358269904186226,48.863372381664774],[2.358689689340861,48.863184373607226],[2.3597939268852985,48.86260887064901],[2.3572607910862544,48.86038501338285],[2.3569193548751013,48.8600888522301],[2.356879088434669,48.860071520350544],[2.3550976191975113,48.86067297628293],[2.3535492866310803,48.861200674004166],[2.353537330099441,48.86123614262842],[2.354801555860426,48.861820670575156],[2.3545790854557547,48.86267832876002],[2.3554509076361048,48.86296890331724],[2.3573183316055624,48.86243268718511],[2.3581325087863725,48.86341018718759],[2.358269904186226,48.863372381664774]]],"type":"Polygon"},"properties":{"id_bv":"3-11","arrondissement":"3","num_bv":11,"geo_point_2d":{"lon":2.3567104594108836,"lat":48.86175908691339},"created_user":null,"created_date":null,"last_edited_user":null,"last_edited_date":null,"st_area_shape":84451.4349822272,"st_perimeter_shape":1339.4532343626156}},{"type":"Feature","geometry":{"coordinates":[[[2.3558997268339956,48.87650138691946],[2.356185376570959,48.876489267125706],[2.358107142186769,48.8761681779192],[2.3575465263066584,48.87516418348865],[2.356764761355029,48.873761771950974],[2.355421105537999,48.874047996859844],[2.3552920660464505,48.87422172468358],[2.3531015828815343,48.8747258231586],[2.3510369644189564,48.87520070870147],[2.3510344313687033,48.875278385020046],[2.3510577289631978,48.875355355090946],[2.351075227912586,48.87536043497272],[2.3552964080507586,48.87609524800176],[2.3555738209756973,48.87653466921352],[2.3558997268339956,48.87650138691946]]],"type":"Polygon"},"properties":{"id_bv":"10-33","arrondissement":"10","num_bv":33,"geo_point_2d":{"lon":2.3552538478826133,"lat":48.875237764599504},"created_user":null,"created_date":null,"last_edited_user":null,"last_edited_date":null,"st_area_shape":79794.86163053977,"st_perimeter_shape":1323.247027401898}},{"type":"Feature","geometry":{"coordinates":[[[2.3288423564203584,48.830149991563225],[2.329108954611496,48.8300743812629],[2.3288862848097085,48.82977687069349],[2.3280050047626406,48.82879085462116],[2.3272702353725476,48.82784532674766],[2.3270869733334463,48.827457862256544],[2.326748282649772,48.826813476853985],[2.32602996169349,48.82650812664191],[2.3255468039037037,48.82702203768718],[2.325220440686545,48.8271641249388],[2.3265973871569545,48.827812468505385],[2.326440527418359,48.82804813832193],[2.3260320217316552,48.82922207795107],[2.3251189546169413,48.829827242553584],[2.326048619094051,48.829833646980006],[2.3259454669060595,48.83010375059085],[2.3269338982316468,48.830718297399805],[2.3288423564203584,48.830149991563225]]],"type":"Polygon"},"properties":{"id_bv":"14-8","arrondissement":"14","num_bv":8,"geo_point_2d":{"lon":2.327016873176972,"lat":48.8289776913219},"created_user":null,"created_date":null,"last_edited_user":null,"last_edited_date":null,"st_area_shape":58465.85632022301,"st_perimeter_shape":1317.6099262772673}},{"type":"Feature","geometry":{"coordinates":[[[2.3534901048395285,48.88775528836117],[2.3535045891741455,48.88775001737826],[2.353439171870349,48.886766584726495],[2.3544693175821383,48.88621011876014],[2.3539821070358524,48.885125465327164],[2.3524413389902454,48.885115853305365],[2.3495216009610584,48.8853251587886],[2.3497363368882263,48.88557921353149],[2.3507363827391643,48.88669687550535],[2.3509690096099836,48.88712897620254],[2.3510581961722057,48.88728217691533],[2.351543587645907,48.88831778038001],[2.3516798451317666,48.88817878643047],[2.3517103059785587,48.88817386117447],[2.353509678904722,48.88835884950303],[2.3534901048395285,48.88775528836117]]],"type":"Polygon"},"properties":{"id_bv":"18-57","arrondissement":"18","num_bv":57,"geo_point_2d":{"lon":2.352221910021461,"lat":48.886469398096686},"created_user":null,"created_date":null,"last_edited_user":null,"last_edited_date":null,"st_area_shape":80427.55364318812,"st_perimeter_shape":1250.2771671324908}},{"type":"Feature","geometry":{"coordinates":[[[2.3762291073446487,48.88414952990444],[2.379088401996633,48.88491348862193],[2.3791508524668994,48.88493008127004],[2.3794849185657054,48.88481541784737],[2.3788675192320095,48.88458090000424],[2.3787226964454824,48.88452152693904],[2.376878809716701,48.88348832313725],[2.3768650047242144,48.88353535353997],[2.3735437165285176,48.88348008323726],[2.3702522455742443,48.882597735949595],[2.3702502511975543,48.88265136230011],[2.3701991981187964,48.88273002239805],[2.3693468252160117,48.88313080518561],[2.3691897042100267,48.88326411131643],[2.369032984236669,48.883406569103734],[2.368802876979266,48.883867275155644],[2.370281814217346,48.88385248618299],[2.3728933204607157,48.8851570882841],[2.373450057838241,48.88542861093006],[2.374880106364863,48.88428314434728],[2.3762291073446487,48.88414952990444]]],"type":"Polygon"},"properties":{"id_bv":"19-59","arrondissement":"19","num_bv":59,"geo_point_2d":{"lon":2.3732757536786346,"lat":48.88393815550276},"created_user":null,"created_date":null,"last_edited_user":null,"last_edited_date":null,"st_area_shape":88036.05130932997,"st_perimeter_shape":1859.5920594805477}},{"type":"Feature","geometry":{"coordinates":[[[2.39666030184413,48.88378922577525],[2.398366258681284,48.884127883261],[2.3999873118063983,48.883852301837905],[2.401104435415842,48.882847167975726],[2.396951744124793,48.88217265971834],[2.3965340847782577,48.88202262053982],[2.396755239357047,48.88150614288652],[2.3965530016811725,48.8813824752875],[2.3958971135536737,48.881867330262146],[2.3961237403341658,48.882349455838195],[2.3952486296793034,48.882754837322544],[2.3948810947480803,48.88323572669467],[2.3947188253973115,48.88338516126793],[2.3946403623003816,48.88366223793903],[2.3943530490360487,48.88448014461298],[2.394540623569922,48.88452778983848],[2.3947408641860726,48.88456967836834],[2.3965974052332815,48.884112056028336],[2.39666030184413,48.88378922577525]]],"type":"Polygon"},"properties":{"id_bv":"19-20","arrondissement":"19","num_bv":20,"geo_point_2d":{"lon":2.3973808831237218,"lat":48.883224623536975},"created_user":null,"created_date":null,"last_edited_user":null,"last_edited_date":null,"st_area_shape":80895.633491776,"st_perimeter_shape":1443.9444467181345}},{"type":"Feature","geometry":{"coordinates":[[[2.3668807774235328,48.82269484866982],[2.365605813307236,48.822322916476146],[2.364754085478252,48.820239050795124],[2.3646299428210353,48.82023879683672],[2.3645913060038004,48.82028385369122],[2.3625016618042634,48.82285267019272],[2.362497471632192,48.82289437446739],[2.362416109721387,48.8229962835312],[2.3633093136450927,48.82320770865342],[2.363292422656799,48.82324619839554],[2.3650469356378547,48.82365642539278],[2.3668738702601564,48.82271775071253],[2.3668807774235328,48.82269484866982]]],"type":"Polygon"},"properties":{"id_bv":"13-19","arrondissement":"13","num_bv":19,"geo_point_2d":{"lon":2.3645009790449913,"lat":48.822317193793246},"created_user":null,"created_date":null,"last_edited_user":null,"last_edited_date":null,"st_area_shape":55143.09114968441,"st_perimeter_shape":1082.2283995284574}},{"type":"Feature","geometry":{"coordinates":[[[2.388377526395847,48.87956655841854],[2.3883402310366213,48.8794313191968],[2.3882046366089047,48.87857136179472],[2.387924599964319,48.87755452599961],[2.387825954502256,48.876844095854075],[2.3875265429571613,48.87612368348526],[2.3874205969947386,48.87616205997771],[2.3875452790437377,48.87644290728929],[2.3873822502424185,48.87669887007986],[2.386181495650077,48.87688734716357],[2.3855376048305654,48.87688706473191],[2.3856159347713386,48.877569175222526],[2.3857907471842608,48.8776642214267],[2.3858865768708393,48.878245362356154],[2.3857805674619694,48.87832148282518],[2.3860201347382315,48.8793646188195],[2.385657385629453,48.879341068742434],[2.385509521523931,48.87876797183658],[2.384948997017457,48.879003777391006],[2.384192641888945,48.87929386302593],[2.385793040665238,48.87947787382981],[2.3864510254339337,48.879534414359284],[2.388377526395847,48.87956655841854]]],"type":"Polygon"},"properties":{"id_bv":"19-16","arrondissement":"19","num_bv":16,"geo_point_2d":{"lon":2.3868337094113725,"lat":48.87823624331125},"created_user":null,"created_date":null,"last_edited_user":null,"last_edited_date":null,"st_area_shape":56529.267252885526,"st_perimeter_shape":1398.7201111022487}},{"type":"Feature","geometry":{"coordinates":[[[2.307801871510375,48.83769229463098],[2.307982454716157,48.8375516391399],[2.310081426320009,48.83636173835147],[2.309915056603753,48.83615483690539],[2.3099546718395128,48.836035408532865],[2.3094059757517775,48.83534061293634],[2.3092800313560256,48.83538937547287],[2.3085528056454248,48.83450945167328],[2.308429558811852,48.83451044613925],[2.30677285138427,48.836179192166476],[2.306765212200914,48.836225611249915],[2.3068022302530435,48.83638357112971],[2.306660275527281,48.836507800626755],[2.3065742076664253,48.836542633522406],[2.306529723765058,48.83659852700651],[2.307617237686606,48.83777923935952],[2.3076984031073597,48.83777510257084],[2.307801871510375,48.83769229463098]]],"type":"Polygon"},"properties":{"id_bv":"15-43","arrondissement":"15","num_bv":43,"geo_point_2d":{"lon":2.308264066808907,"lat":48.83620329331579},"created_user":null,"created_date":null,"last_edited_user":null,"last_edited_date":null,"st_area_shape":49284.89030207234,"st_perimeter_shape":929.6811196361353}},{"type":"Feature","geometry":{"coordinates":[[[2.3458872264989554,48.83037818805699],[2.3458532890512305,48.830317051937215],[2.34560192896162,48.82802066443489],[2.34554273977536,48.82790473759694],[2.3449386508454153,48.82777936259222],[2.342902344141261,48.828294364584146],[2.342884425195598,48.8283016580906],[2.34279434413857,48.82854342857949],[2.34264446552014,48.82854936545843],[2.3423672510256908,48.828209435444286],[2.341841284999345,48.827160198768],[2.341715080840818,48.8271648176604],[2.3416444614654384,48.8271683286113],[2.3416432989548666,48.82803681588244],[2.341570747088687,48.82852274269909],[2.341373344162327,48.82940612935573],[2.3412974944740146,48.830062357961346],[2.34128316117691,48.83026761048646],[2.3416507260247306,48.83026232516439],[2.3416712292485,48.83024559815847],[2.341709152157045,48.82892381535694],[2.341838014302915,48.82871503957183],[2.3426606321384837,48.82865253524182],[2.3447743962020393,48.82905148343283],[2.3458538934956303,48.830400024193786],[2.3458872264989554,48.83037818805699]]],"type":"Polygon"},"properties":{"id_bv":"13-53","arrondissement":"13","num_bv":53,"geo_point_2d":{"lon":2.343786009537323,"lat":48.828649901004695},"created_user":null,"created_date":null,"last_edited_user":null,"last_edited_date":null,"st_area_shape":38583.041068300176,"st_perimeter_shape":1646.8308465990062}},{"type":"Feature","geometry":{"coordinates":[[[2.3377583435216867,48.84928227362583],[2.3384594041323044,48.849164667572126],[2.3390584228296962,48.848867935998584],[2.3401341636073525,48.84760903414723],[2.3404312911105465,48.84684474892963],[2.3405715799584663,48.846847671733954],[2.3390095952954364,48.8439898804181],[2.339035487083763,48.843923728755875],[2.3390866182320513,48.843894003110805],[2.3389411511567366,48.84386370117898],[2.337289762434945,48.84085496764632],[2.3371943765820014,48.84078445236398],[2.3369734155273596,48.840707431150435],[2.3368544883814337,48.840685246511356],[2.3367921761761994,48.84062711952528],[2.3367744101454817,48.84066589520152],[2.3366351896360853,48.84070731697509],[2.3362703985458557,48.8408550810093],[2.3330723596190808,48.844172949230796],[2.3315012244961726,48.845821348158914],[2.3315810604533227,48.84711169331505],[2.3315270997142106,48.84716075234288],[2.3315847927720528,48.84715823360361],[2.331675960410489,48.84846999213089],[2.3317578150877347,48.84843874241928],[2.332673699699254,48.84869179437416],[2.3352962340478545,48.849196463826516],[2.3356447175299078,48.849244923209184],[2.3374826256419934,48.8493063717046],[2.3377583435216867,48.84928227362583]]],"type":"Polygon"},"properties":{"id_bv":"6-10","arrondissement":"6","num_bv":10,"geo_point_2d":{"lon":2.336015077087455,"lat":48.845781634151805},"created_user":null,"created_date":null,"last_edited_user":null,"last_edited_date":null,"st_area_shape":413231.0432916794,"st_perimeter_shape":2593.4586619212673}},{"type":"Feature","geometry":{"coordinates":[[[2.367723477242569,48.858496511855904],[2.3678514606172603,48.858437112446374],[2.368181366116787,48.85706862136956],[2.368470533771809,48.85587124082814],[2.3684099652874644,48.855830265122414],[2.36720002195806,48.856026917205845],[2.367169067118709,48.856058477183836],[2.3672225028291662,48.85673037542284],[2.36722740379435,48.85683812363921],[2.3672060704295927,48.85685591238039],[2.3645789284689873,48.85737220686944],[2.3645538479245216,48.8574015606561],[2.36468012632725,48.85801422923978],[2.364654629799577,48.858043249863066],[2.3644871589667638,48.85807758088426],[2.364412512287317,48.85811263406416],[2.3634299949698847,48.859393008453964],[2.3634617439423398,48.85943758803232],[2.3645223053619944,48.85941110533276],[2.364549888324198,48.85941972096133],[2.3645739613357892,48.85992466694811],[2.3646029732790375,48.859926667352916],[2.367723477242569,48.858496511855904]]],"type":"Polygon"},"properties":{"id_bv":"3-7","arrondissement":"3","num_bv":7,"geo_point_2d":{"lon":2.3661748123031017,"lat":48.85800473629029},"created_user":null,"created_date":null,"last_edited_user":null,"last_edited_date":null,"st_area_shape":74940.95661620071,"st_perimeter_shape":1370.8791654446836}},{"type":"Feature","geometry":{"coordinates":[[[2.2661749475421686,48.85187005448782],[2.266222495107452,48.85187207826716],[2.2661936028867715,48.851488977186676],[2.266533060926641,48.850998416663145],[2.2671906893816547,48.850882353265014],[2.2672073781554714,48.85086394116558],[2.267255982241806,48.849866196774954],[2.2672618599137158,48.84985029872048],[2.266717255538954,48.84905658001663],[2.2666983556987783,48.849028101779595],[2.2650615452162515,48.84889192953364],[2.2651029066317943,48.84996737883678],[2.264028350362024,48.85118723759107],[2.26412693423896,48.851857735277584],[2.264018033202044,48.851930542582544],[2.264277314417024,48.85228187358843],[2.264796131539354,48.853002095140916],[2.264830518827608,48.85301166879523],[2.2661749475421686,48.85187005448782]]],"type":"Polygon"},"properties":{"id_bv":"16-26","arrondissement":"16","num_bv":26,"geo_point_2d":{"lon":2.2656106099610263,"lat":48.85076767111993},"created_user":null,"created_date":null,"last_edited_user":null,"last_edited_date":null,"st_area_shape":63091.86017089756,"st_perimeter_shape":1151.1155925804896}},{"type":"Feature","geometry":{"coordinates":[[[2.314710579407627,48.88635646200576],[2.314898383673744,48.88641521801116],[2.3152022493715294,48.88616990481706],[2.315231339871369,48.886162658910216],[2.3153870070245346,48.886261019441775],[2.3163182679899785,48.88554627166345],[2.316321546098992,48.885523540903414],[2.3154885544557113,48.88506168108467],[2.31547405354113,48.88504328329351],[2.3154914123644432,48.884860140122655],[2.313668595667499,48.88380810728951],[2.3136624632795604,48.88378110744192],[2.31357025823929,48.88382667144056],[2.3135882789904882,48.88387373341466],[2.3136350366616196,48.8839858226949],[2.3122523491236313,48.885060369445966],[2.3122611707332186,48.8850783393053],[2.312993891291463,48.88554355042579],[2.31395424809491,48.88600005626786],[2.313795428315337,48.88633957523107],[2.3140849808050614,48.886476830906844],[2.314710579407627,48.88635646200576]]],"type":"Polygon"},"properties":{"id_bv":"17-12","arrondissement":"17","num_bv":12,"geo_point_2d":{"lon":2.3142739500706777,"lat":48.88524223721443},"created_user":null,"created_date":null,"last_edited_user":null,"last_edited_date":null,"st_area_shape":44617.40055405451,"st_perimeter_shape":919.5078198426207}},{"type":"Feature","geometry":{"coordinates":[[[2.3702428387918664,48.88159692421619],[2.3702753940195116,48.87807254506598],[2.3703362119745615,48.87805172616892],[2.370274381805497,48.87799601827312],[2.3703259516539625,48.8779511349671],[2.3720696956282428,48.8764842150421],[2.372172871328585,48.87647295065268],[2.372077944853361,48.87642899698543],[2.372315045820276,48.876222624848424],[2.3723023756050456,48.87618617588047],[2.369872093174448,48.87614237465674],[2.369841181214017,48.87613043336439],[2.3697408559495226,48.8759973083348],[2.3697066611377444,48.87597960567648],[2.368543923487344,48.87599732828192],[2.3685092650360886,48.87598674915564],[2.366883990811585,48.87449168382545],[2.3664463089293823,48.87409041482665],[2.3658310348838385,48.87548995772357],[2.36785997498181,48.87667277482608],[2.368709318332346,48.876332502753705],[2.369917996527451,48.877626637212444],[2.369680400294647,48.877708918233274],[2.369509727671945,48.87811012441271],[2.3697516340918092,48.87854528267084],[2.3689870804118263,48.87898929407996],[2.3682471627225583,48.87941796740489],[2.3699561570558947,48.88141033571609],[2.3702189562289284,48.881607812672065],[2.3702428387918664,48.88159692421619]]],"type":"Polygon"},"properties":{"id_bv":"10-16","arrondissement":"10","num_bv":16,"geo_point_2d":{"lon":2.3691328256913957,"lat":48.87740642604178},"created_user":null,"created_date":null,"last_edited_user":null,"last_edited_date":null,"st_area_shape":89880.64558895875,"st_perimeter_shape":2368.5281441523175}},{"type":"Feature","geometry":{"coordinates":[[[2.347084311632952,48.8373172143442],[2.349004232099996,48.8370816100934],[2.34847673112239,48.83597408514687],[2.346822431164445,48.836058219363565],[2.346615170009541,48.835992356241825],[2.34526070646654,48.83616910085467],[2.3450275109995404,48.83514898776826],[2.344406534952404,48.83532525363133],[2.3436861609429127,48.83740240801935],[2.3421088881860723,48.838149519478186],[2.3420514255537674,48.83817671326014],[2.3420643784007003,48.83832523041473],[2.3421524559151177,48.838361049161215],[2.347084311632952,48.8373172143442]]],"type":"Polygon"},"properties":{"id_bv":"13-66","arrondissement":"13","num_bv":66,"geo_point_2d":{"lon":2.3457130815272276,"lat":48.83682720981352},"created_user":null,"created_date":null,"last_edited_user":null,"last_edited_date":null,"st_area_shape":69820.84704948867,"st_perimeter_shape":1465.6909920365345}},{"type":"Feature","geometry":{"coordinates":[[[2.339375574908818,48.83228488755578],[2.339396083262393,48.832218856516576],[2.337901784569351,48.83149845530779],[2.3354156034452473,48.83054962914343],[2.335418507205192,48.83052637847957],[2.3356303006282357,48.830373736169676],[2.3343589400827867,48.82985718501324],[2.334332957038816,48.82986687595569],[2.3342301811155157,48.83011984018998],[2.3341170850090753,48.83010790272899],[2.334088027643095,48.830141874893535],[2.336058325031734,48.8331385930693],[2.3361765514664143,48.833167995912554],[2.339375574908818,48.83228488755578]]],"type":"Polygon"},"properties":{"id_bv":"14-34","arrondissement":"14","num_bv":34,"geo_point_2d":{"lon":2.3364736934245602,"lat":48.83171872500456},"created_user":null,"created_date":null,"last_edited_user":null,"last_edited_date":null,"st_area_shape":57033.578607652504,"st_perimeter_shape":1160.4521535228785}},{"type":"Feature","geometry":{"coordinates":[[[2.312250342661037,48.841272654901516],[2.313407220091943,48.84102154536817],[2.313539015609861,48.84116580031506],[2.3140482662982955,48.84066495163519],[2.3149271553269113,48.84039059690997],[2.3147428217437707,48.839656098272336],[2.3145902320688707,48.8387713756377],[2.312333557231474,48.83888546141917],[2.3112602639417394,48.83810980728631],[2.3111262187198043,48.838158171578286],[2.310557736560671,48.83895998606428],[2.3095232400572248,48.83947719034647],[2.309526924519341,48.83950020668324],[2.310228980902331,48.84001277095646],[2.3120350249441173,48.8413801260292],[2.312250342661037,48.841272654901516]]],"type":"Polygon"},"properties":{"id_bv":"15-37","arrondissement":"15","num_bv":37,"geo_point_2d":{"lon":2.312409476869937,"lat":48.83979778434645},"created_user":null,"created_date":null,"last_edited_user":null,"last_edited_date":null,"st_area_shape":81788.03577614407,"st_perimeter_shape":1217.1039449532661}},{"type":"Feature","geometry":{"coordinates":[[[2.2927248279784576,48.88952884825218],[2.29471892929367,48.88754428034037],[2.2924363558911636,48.88615678202032],[2.2924736960952825,48.88612664569407],[2.292383356389959,48.88612407663114],[2.2910920046344843,48.88534155681916],[2.291029215613782,48.885329976640605],[2.28954963602421,48.88573633429081],[2.2865428437594444,48.886943624217096],[2.286618256679634,48.8870191966272],[2.291500472251857,48.88944062715562],[2.2926819318588922,48.889571650299196],[2.2927248279784576,48.88952884825218]]],"type":"Polygon"},"properties":{"id_bv":"17-57","arrondissement":"17","num_bv":57,"geo_point_2d":{"lon":2.290962305054378,"lat":48.88741211111515},"created_user":null,"created_date":null,"last_edited_user":null,"last_edited_date":null,"st_area_shape":150213.94807335403,"st_perimeter_shape":1563.9782847587974}},{"type":"Feature","geometry":{"coordinates":[[[2.372706269127648,48.85928911705403],[2.37189023459345,48.85814137550332],[2.3719042170973403,48.85812126662386],[2.3708192057886377,48.857757716927395],[2.370661778316479,48.85790149443326],[2.371152678239035,48.8586656403857],[2.371830865631806,48.860183648830606],[2.369146823364449,48.85952999965457],[2.368941883719434,48.86080841430715],[2.370104331347669,48.86131807328628],[2.3708500565612054,48.861412031342546],[2.37227670799938,48.86179771482544],[2.372769268636182,48.86192681457609],[2.373210454448655,48.861549849773816],[2.372706269127648,48.85928911705403]]],"type":"Polygon"},"properties":{"id_bv":"11-16","arrondissement":"11","num_bv":16,"geo_point_2d":{"lon":2.371334244085883,"lat":48.86023233642448},"created_user":null,"created_date":null,"last_edited_user":null,"last_edited_date":null,"st_area_shape":71243.14472178882,"st_perimeter_shape":1490.707312356419}},{"type":"Feature","geometry":{"coordinates":[[[2.404927787179186,48.868955204428225],[2.404266273268666,48.86856513155204],[2.4034577180124286,48.8680373206244],[2.4033881178671566,48.86773708425549],[2.4022500034623184,48.86724712576934],[2.4015328493335324,48.868226429947],[2.401417229884907,48.86834031312943],[2.4021058492623477,48.86904504529459],[2.4026946036203785,48.86976841251241],[2.4036030660351937,48.86983064123066],[2.404041533007505,48.871298558942584],[2.404371825986458,48.87100586062655],[2.4043432840512837,48.870273022200855],[2.404927787179186,48.868955204428225]]],"type":"Polygon"},"properties":{"id_bv":"20-24","arrondissement":"20","num_bv":24,"geo_point_2d":{"lon":2.4032490163104487,"lat":48.86894057484153},"created_user":null,"created_date":null,"last_edited_user":null,"last_edited_date":null,"st_area_shape":48690.9903033374,"st_perimeter_shape":1110.840839300012}},{"type":"Feature","geometry":{"coordinates":[[[2.283636632852243,48.85456147520724],[2.283547409542543,48.85456180709144],[2.2818980519836645,48.85556542787857],[2.2818881204984334,48.85560824161563],[2.2819595652320834,48.85569265158819],[2.2826412228611006,48.856227831982345],[2.282073615131716,48.85654008730765],[2.2832455587205684,48.85722793832395],[2.2836155038991706,48.857501414195326],[2.283607357952088,48.85753835239099],[2.28128051090498,48.85798441269065],[2.2825895426518956,48.858223131722305],[2.284706245875516,48.85857883904677],[2.284732608047251,48.85859816100268],[2.2851843037469415,48.85729547350886],[2.2850454155234328,48.85701457490609],[2.285690381329463,48.856209367211605],[2.283636632852243,48.85456147520724]]],"type":"Polygon"},"properties":{"id_bv":"16-15","arrondissement":"16","num_bv":15,"geo_point_2d":{"lon":2.283760837207401,"lat":48.85662358176084},"created_user":null,"created_date":null,"last_edited_user":null,"last_edited_date":null,"st_area_shape":74383.73713434712,"st_perimeter_shape":1439.2427621529953}},{"type":"Feature","geometry":{"coordinates":[[[2.388996427603682,48.864616263005],[2.3888738805468996,48.864441246915824],[2.3885457525452862,48.86417893275503],[2.389151404919043,48.8639231922786],[2.3890612127244664,48.86383370334662],[2.388457034864634,48.86336737184982],[2.3885846119576426,48.86329639286246],[2.387446609943054,48.8629006428842],[2.387265149018252,48.863118011434814],[2.384957355647203,48.865132485725965],[2.3876802740041163,48.865788708281876],[2.38782510543467,48.86571257624191],[2.388250860844757,48.864950308108206],[2.388996427603682,48.864616263005]]],"type":"Polygon"},"properties":{"id_bv":"20-62","arrondissement":"20","num_bv":62,"geo_point_2d":{"lon":2.387262650354602,"lat":48.86443765406574},"created_user":null,"created_date":null,"last_edited_user":null,"last_edited_date":null,"st_area_shape":51633.96613840346,"st_perimeter_shape":989.8788232850641}},{"type":"Feature","geometry":{"coordinates":[[[2.3704705523035763,48.89451739652936],[2.370737698840192,48.894444096895064],[2.370702993490755,48.894260651363716],[2.37026709889809,48.8941084030315],[2.3702552598248774,48.894089260823165],[2.3723722881377722,48.89224990641618],[2.371129109685024,48.889473195115556],[2.3682141896676496,48.889820437855796],[2.3681889749718192,48.88985332164576],[2.368206366998935,48.88990821273436],[2.370002100603659,48.89401473728336],[2.370417210606234,48.89453195486249],[2.3704705523035763,48.89451739652936]]],"type":"Polygon"},"properties":{"id_bv":"19-53","arrondissement":"19","num_bv":53,"geo_point_2d":{"lon":2.370346959650195,"lat":48.89152607577456},"created_user":null,"created_date":null,"last_edited_user":null,"last_edited_date":null,"st_area_shape":92801.11624906572,"st_perimeter_shape":1431.0293856215733}},{"type":"Feature","geometry":{"coordinates":[[[2.3712725923994826,48.89576170842499],[2.3713443453767886,48.89573859673704],[2.3662717948204293,48.894405908564],[2.363445076117474,48.89317013821885],[2.36193027392594,48.893232213501236],[2.3614093228842252,48.893254904416466],[2.3621736687508785,48.89530372482115],[2.362149984613643,48.895316913088],[2.3615708062378293,48.89537733220705],[2.3615476875561026,48.89539244341476],[2.3628810631258776,48.896898743577495],[2.3712725923994826,48.89576170842499]]],"type":"Polygon"},"properties":{"id_bv":"18-63","arrondissement":"18","num_bv":63,"geo_point_2d":{"lon":2.365025331428608,"lat":48.89517632161063},"created_user":null,"created_date":null,"last_edited_user":null,"last_edited_date":null,"st_area_shape":152261.47804490675,"st_perimeter_shape":1908.7657782917222}},{"type":"Feature","geometry":{"coordinates":[[[2.352819982116187,48.824014003987315],[2.353178452631937,48.823816281692075],[2.353162442263242,48.823516273348304],[2.3520034983960434,48.82352085613262],[2.3506394024865065,48.823230919625125],[2.3487827910545707,48.822837409254454],[2.3473356027721093,48.822245494066905],[2.3472003520231786,48.82247139665201],[2.3468630231216148,48.82257887508878],[2.346579818025055,48.82256015336598],[2.346504931681451,48.82492785360367],[2.346848474969694,48.82496034615531],[2.3485871734480015,48.824311336467346],[2.346962532858964,48.82269804035644],[2.3469571460058907,48.82268857645301],[2.347329014892673,48.82257581176343],[2.3489674628491763,48.82418305883505],[2.350995362573732,48.82400588349464],[2.35032869926052,48.82489755218155],[2.351364219357306,48.82501738880168],[2.352819982116187,48.824014003987315]]],"type":"Polygon"},"properties":{"id_bv":"13-48","arrondissement":"13","num_bv":48,"geo_point_2d":{"lon":2.349306998745656,"lat":48.82376596101055},"created_user":null,"created_date":null,"last_edited_user":null,"last_edited_date":null,"st_area_shape":71684.5344783956,"st_perimeter_shape":1991.4438145632632}},{"type":"Feature","geometry":{"coordinates":[[[2.408362776405733,48.86701084023265],[2.4116368231713707,48.86720798301644],[2.4139276065690534,48.86734492069554],[2.413847210207581,48.86519196098197],[2.4137932012572123,48.86516104159853],[2.41174078607993,48.86514507790158],[2.409395366821813,48.864613595368475],[2.408320819308185,48.8643709619981],[2.408281176959628,48.864350310522404],[2.4076871769856654,48.86372974856883],[2.4056116844874915,48.86470979586855],[2.4050260616002097,48.865092131644765],[2.4060210008913243,48.86616709998487],[2.406305637287158,48.866389682065076],[2.4078118534208635,48.86738613871504],[2.408362776405733,48.86701084023265]]],"type":"Polygon"},"properties":{"id_bv":"20-32","arrondissement":"20","num_bv":32,"geo_point_2d":{"lon":2.409574063098237,"lat":48.86583070159719},"created_user":null,"created_date":null,"last_edited_user":null,"last_edited_date":null,"st_area_shape":161860.56722503618,"st_perimeter_shape":1790.4821576122474}},{"type":"Feature","geometry":{"coordinates":[[[2.408937143128018,48.86819181334808],[2.4089193940837017,48.86910546398937],[2.4105935633499502,48.8691472093501],[2.4107067658724306,48.86789171953062],[2.4110246991833773,48.86777156911515],[2.4115792907592857,48.867816096280876],[2.4116368231713707,48.86720798301644],[2.408362776405733,48.86701084023265],[2.4078118534208635,48.86738613871504],[2.406305637287158,48.866389682065076],[2.4056807826152906,48.867520033617126],[2.405600883083029,48.868187907376104],[2.40571773689438,48.86827005659334],[2.405823478891668,48.86829547881545],[2.4061644053521887,48.86853162157861],[2.4061750506039874,48.86858976254628],[2.406259427354942,48.8686497567878],[2.4075773929876596,48.86936167634066],[2.407553498936406,48.869191251729156],[2.4086624902024716,48.86820293951483],[2.408937143128018,48.86819181334808]]],"type":"Polygon"},"properties":{"id_bv":"20-31","arrondissement":"20","num_bv":31,"geo_point_2d":{"lon":2.4083734875474456,"lat":48.86792868091422},"created_user":null,"created_date":null,"last_edited_user":null,"last_edited_date":null,"st_area_shape":80040.5832403244,"st_perimeter_shape":1537.567196853883}},{"type":"Feature","geometry":{"coordinates":[[[2.3803111582882104,48.85356281177394],[2.3802950225708983,48.853548110154215],[2.379293295253173,48.85335638616172],[2.3790810121619956,48.85305433117911],[2.3783781734801503,48.850732666243175],[2.3771612600449816,48.851024633445796],[2.375901758721477,48.851334169729824],[2.3766246423336232,48.85250993773173],[2.376614996211398,48.852656326293506],[2.376730532524359,48.85268742071026],[2.3770962091562455,48.8532824735586],[2.377245084578851,48.85326376943696],[2.378091429701103,48.853232874508706],[2.3787262017589534,48.85329932095143],[2.3784396788618527,48.85384788061065],[2.379877281996997,48.85425586016291],[2.380406032943926,48.85360120713832],[2.380409743262596,48.85358751394593],[2.3803111582882104,48.85356281177394]]],"type":"Polygon"},"properties":{"id_bv":"11-7","arrondissement":"11","num_bv":7,"geo_point_2d":{"lon":2.3779617671293596,"lat":48.852382780188606},"created_user":null,"created_date":null,"last_edited_user":null,"last_edited_date":null,"st_area_shape":53297.728310820465,"st_perimeter_shape":1202.0156538713604}},{"type":"Feature","geometry":{"coordinates":[[[2.364298624062387,48.85645676827177],[2.3633167295334636,48.8550673984599],[2.362002126599067,48.85544454177315],[2.361975678963257,48.855435572725504],[2.3616445674736966,48.85509509665871],[2.3611559417339603,48.85522877935506],[2.361135653822677,48.85528334620905],[2.3611576709599316,48.855454790186634],[2.3612719701062272,48.85621618470531],[2.3593228991565,48.85718758591304],[2.3588016039210453,48.85751351606193],[2.3578822571305387,48.85786763827606],[2.3581277744959577,48.85791931094339],[2.3585162160030255,48.85825435549947],[2.3588797711241476,48.85860506510126],[2.3589195620274146,48.85861935578488],[2.3594412760221455,48.85829135643213],[2.36037093962741,48.857853879972815],[2.36170203776415,48.857265563279235],[2.364298624062387,48.85645676827177]]],"type":"Polygon"},"properties":{"id_bv":"4-3","arrondissement":"4","num_bv":3,"geo_point_2d":{"lon":2.3613883060594176,"lat":48.85670516843564},"created_user":null,"created_date":null,"last_edited_user":null,"last_edited_date":null,"st_area_shape":65418.91315957768,"st_perimeter_shape":1363.3678536042182}},{"type":"Feature","geometry":{"coordinates":[[[2.3375161838577667,48.88503405497114],[2.3378160285913543,48.88471089114786],[2.3381366773446683,48.88445341614255],[2.338564036423283,48.88415627399273],[2.3390565797945655,48.88394164034136],[2.3390659184034126,48.88391002557925],[2.3390241884327714,48.883850584207366],[2.3378281860988284,48.88231371076699],[2.337325394189729,48.882396673824516],[2.336735637711765,48.882566789286734],[2.3361926711960397,48.88272578293173],[2.336945212963091,48.88396439969816],[2.3366961524411045,48.88402527357897],[2.3366879083378533,48.884048463003246],[2.336871785308283,48.88438486426426],[2.3368558998467983,48.8844101499765],[2.3350401534699734,48.88515489762358],[2.3350307574810953,48.88518641820175],[2.3353830074405137,48.88560183259975],[2.3353605798221753,48.88562995783122],[2.3350916465447153,48.88571138999846],[2.3352233253979935,48.885885047758805],[2.3352517914194784,48.885895184758205],[2.337479393359834,48.88506137447546],[2.3375161838577667,48.88503405497114]]],"type":"Polygon"},"properties":{"id_bv":"18-27","arrondissement":"18","num_bv":27,"geo_point_2d":{"lon":2.337185525801583,"lat":48.88400761013116},"created_user":null,"created_date":null,"last_edited_user":null,"last_edited_date":null,"st_area_shape":48109.81536039442,"st_perimeter_shape":1167.465382602326}},{"type":"Feature","geometry":{"coordinates":[[[2.3430471217122104,48.87142072352838],[2.3425915149273764,48.87011910575104],[2.34190442977283,48.86860095179211],[2.3418959612983814,48.868484305481545],[2.3410295392580847,48.86641160794637],[2.341062350280722,48.86639109917988],[2.3410726796638186,48.86635883631318],[2.341279815867339,48.86628231364525],[2.341472330036747,48.86606850887485],[2.3414734611853487,48.866038661357656],[2.341185286708358,48.86574868166627],[2.3397320002128956,48.866090402143065],[2.340290915274751,48.86722518290239],[2.3402483828680465,48.868904422029004],[2.3402246653508016,48.86891978246429],[2.3387941932663376,48.86919182610204],[2.338760569892853,48.86919944034916],[2.3387532037864815,48.86922084267092],[2.3400463946513885,48.87191988469041],[2.3401453787757127,48.87195739326251],[2.3425226887969957,48.87156710391672],[2.34297014478652,48.87149257917461],[2.3430471217122104,48.87142072352838]]],"type":"Polygon"},"properties":{"id_bv":"2-1","arrondissement":"2","num_bv":1,"geo_point_2d":{"lon":2.34092202177553,"lat":48.86945157636278},"created_user":null,"created_date":null,"last_edited_user":null,"last_edited_date":null,"st_area_shape":108540.41248684013,"st_perimeter_shape":1766.4862946283915}},{"type":"Feature","geometry":{"coordinates":[[[2.3852000974231475,48.883322585292284],[2.385293349164698,48.88332153075596],[2.385253007124078,48.883263587764596],[2.3852793125229095,48.883238890627105],[2.387436492528667,48.88135247122844],[2.3894960464397803,48.879546935282704],[2.388377526395847,48.87956655841854],[2.3864510254339337,48.879534414359284],[2.385793040665238,48.87947787382981],[2.384192641888945,48.87929386302593],[2.3816607137583197,48.8820260381217],[2.38147124546697,48.882295247136064],[2.3814687591367174,48.88238070458301],[2.3814637653987876,48.882532956506104],[2.381506941723728,48.88258412375909],[2.381738132567106,48.88285144407248],[2.381144712727301,48.88470226402394],[2.3819060647909023,48.884767626188825],[2.382340333332252,48.884020665931864],[2.3831082147360867,48.8842563451786],[2.383018345045687,48.88480048491891],[2.383336794106875,48.88494806621204],[2.3852000974231475,48.883322585292284]]],"type":"Polygon"},"properties":{"id_bv":"19-1","arrondissement":"19","num_bv":1,"geo_point_2d":{"lon":2.384626557973153,"lat":48.88173292062651},"created_user":null,"created_date":null,"last_edited_user":null,"last_edited_date":null,"st_area_shape":185537.56950305845,"st_perimeter_shape":2112.443567872971}},{"type":"Feature","geometry":{"coordinates":[[[2.346504931681451,48.82492785360367],[2.346579818025055,48.82256015336598],[2.3463223014079526,48.82218931511339],[2.346260226376036,48.8216899756647],[2.3444997046872773,48.821721685919044],[2.3429471332609633,48.82156052847327],[2.342515218262509,48.821472966908736],[2.342544947902513,48.82151231727122],[2.3439812427352886,48.82268095945955],[2.3437694740343105,48.823414716942075],[2.344233256055704,48.82401940756644],[2.3444035659243316,48.82405487750294],[2.3445384479654403,48.82408365320754],[2.3446769953107083,48.82410355939192],[2.345308807239946,48.824628429842036],[2.346392793003588,48.82491748160913],[2.346504931681451,48.82492785360367]]],"type":"Polygon"},"properties":{"id_bv":"13-47","arrondissement":"13","num_bv":47,"geo_point_2d":{"lon":2.3451395985559205,"lat":48.82301956756163},"created_user":null,"created_date":null,"last_edited_user":null,"last_edited_date":null,"st_area_shape":63387.098384382014,"st_perimeter_shape":1175.5615692757774}},{"type":"Feature","geometry":{"coordinates":[[[2.3568156264969717,48.85663214573194],[2.356634093134852,48.85632742759009],[2.3566569509466517,48.85630963811085],[2.3597963934533195,48.8555533396597],[2.3573728800371367,48.85282624641276],[2.3573398872559337,48.85278911746384],[2.3552996074814248,48.85347660398893],[2.3544018192324674,48.85386349914541],[2.3524899104003927,48.85467690272186],[2.352508292991084,48.854710239572626],[2.353725222387256,48.856892692795384],[2.3539512893136014,48.85701873980852],[2.354069380309365,48.85724090714223],[2.354240558518473,48.85750174057584],[2.3551325974948947,48.857123783992634],[2.355775856632388,48.85688151476703],[2.3568156264969717,48.85663214573194]]],"type":"Polygon"},"properties":{"id_bv":"4-1","arrondissement":"4","num_bv":1,"geo_point_2d":{"lon":2.355928776698809,"lat":48.855096845462775},"created_user":null,"created_date":null,"last_edited_user":null,"last_edited_date":null,"st_area_shape":149862.87281232027,"st_perimeter_shape":1609.580168573661}},{"type":"Feature","geometry":{"coordinates":[[[2.389819109655628,48.87901030315169],[2.389457227835974,48.878013891811314],[2.389236547891939,48.876940480489786],[2.389236903700294,48.876930137297435],[2.389506935450947,48.87689510526255],[2.389349490293571,48.876291210497044],[2.3895361645717914,48.875495776142905],[2.3896377081052096,48.87526471131612],[2.388899529436381,48.874935053085956],[2.3885829514653443,48.87479619292098],[2.3882158525392283,48.87471483427795],[2.3874578251415652,48.87467205534088],[2.3874100106013274,48.87534614763795],[2.387410203262964,48.87565759200223],[2.3874205257650543,48.87587019394275],[2.3875265429571613,48.87612368348526],[2.387825954502256,48.876844095854075],[2.387924599964319,48.87755452599961],[2.3882046366089047,48.87857136179472],[2.3883402310366213,48.8794313191968],[2.388457159129078,48.87939725549874],[2.388428232552561,48.87903110131424],[2.389819109655628,48.87901030315169]]],"type":"Polygon"},"properties":{"id_bv":"19-31","arrondissement":"19","num_bv":31,"geo_point_2d":{"lon":2.3885841587509073,"lat":48.87676741380483},"created_user":null,"created_date":null,"last_edited_user":null,"last_edited_date":null,"st_area_shape":57958.03605131444,"st_perimeter_shape":1305.7892306334377}},{"type":"Feature","geometry":{"coordinates":[[[2.3944763359413543,48.84634373612165],[2.394458519497846,48.84631017012949],[2.3946147828972904,48.84613625840303],[2.3934429011351104,48.84559054537249],[2.3933670478406177,48.84567980770693],[2.3903004451880747,48.84421176681656],[2.3902668400968063,48.84421799087813],[2.3899481775051123,48.84448610525994],[2.3892269256388254,48.84507555583866],[2.3921527983803603,48.846272204682286],[2.392122622307277,48.84633354212147],[2.3920548153382377,48.846395899764666],[2.393669480751944,48.84715034118328],[2.3937058813322625,48.847150982527594],[2.3944179940629104,48.84634746363832],[2.3944763359413543,48.84634373612165]]],"type":"Polygon"},"properties":{"id_bv":"12-18","arrondissement":"12","num_bv":18,"geo_point_2d":{"lon":2.3920040677434153,"lat":48.84566225079768},"created_user":null,"created_date":null,"last_edited_user":null,"last_edited_date":null,"st_area_shape":47085.36194487424,"st_perimeter_shape":1069.7830623757375}},{"type":"Feature","geometry":{"coordinates":[[[2.345156223580065,48.88753263135151],[2.345385456139517,48.88734606223604],[2.3453891091754704,48.887327002990105],[2.3451694259109974,48.88644441526054],[2.34517253078679,48.88596056604513],[2.3451964144371176,48.88594529117719],[2.3472414178121617,48.8857887446725],[2.34726208247104,48.88577390330704],[2.3469312760362144,48.885139636077376],[2.3472272154312788,48.884878721529596],[2.346919615032102,48.883410899089014],[2.3452603646363435,48.88309300138212],[2.3444268646451984,48.88394549463123],[2.343291547361057,48.88435627391363],[2.3432727766014914,48.884380818875975],[2.34402561666142,48.885778769703556],[2.3441379350807336,48.88626477749652],[2.3449299422217207,48.88646007468089],[2.3449141757404255,48.88750217274704],[2.344938308446467,48.887522448794776],[2.345156223580065,48.88753263135151]]],"type":"Polygon"},"properties":{"id_bv":"18-21","arrondissement":"18","num_bv":21,"geo_point_2d":{"lon":2.3454073584599677,"lat":48.8848453454752},"created_user":null,"created_date":null,"last_edited_user":null,"last_edited_date":null,"st_area_shape":73622.95016445464,"st_perimeter_shape":1367.2724332386142}},{"type":"Feature","geometry":{"coordinates":[[[2.3486301156543585,48.82973380622903],[2.3484182970928233,48.82943496433563],[2.3479964704524146,48.829514344706105],[2.346978776747239,48.82978236812389],[2.3465335962668634,48.8289185704026],[2.346484429440265,48.82880875978419],[2.346489238049983,48.82808242611728],[2.34582867834198,48.82794673161788],[2.3453607082840686,48.82577563022971],[2.3451950787973477,48.82550691331965],[2.345308807239946,48.824628429842036],[2.3446769953107083,48.82410355939192],[2.3445384479654403,48.82408365320754],[2.344584331524596,48.82420811329688],[2.344381064452734,48.82421409604967],[2.3443777658762195,48.824227929285406],[2.345027085081655,48.82585198537796],[2.3450658109665716,48.82608712720656],[2.344982692885984,48.82633003241819],[2.34554273977536,48.82790473759694],[2.34560192896162,48.82802066443489],[2.3458532890512305,48.830317051937215],[2.3458872264989554,48.83037818805699],[2.345941137367183,48.830465052030284],[2.3486301156543585,48.82973380622903]]],"type":"Polygon"},"properties":{"id_bv":"13-52","arrondissement":"13","num_bv":52,"geo_point_2d":{"lon":2.3460262075682174,"lat":48.82806852878574},"created_user":null,"created_date":null,"last_edited_user":null,"last_edited_date":null,"st_area_shape":37124.88215942839,"st_perimeter_shape":1806.2918642947693}},{"type":"Feature","geometry":{"coordinates":[[[2.3597295590234313,48.89269816495143],[2.359848665998484,48.89200055426913],[2.3598851443568107,48.89110370348515],[2.359889176918634,48.890253071900375],[2.359952942464699,48.89020221249572],[2.359889407714571,48.89020789564056],[2.3598282973444573,48.88775939206103],[2.3564586077539857,48.88783929664461],[2.3562941469768335,48.888603091605326],[2.3570506668590316,48.890171802803486],[2.357532896777427,48.89110715988558],[2.35965616092092,48.892704802477965],[2.3597295590234313,48.89269816495143]]],"type":"Polygon"},"properties":{"id_bv":"18-52","arrondissement":"18","num_bv":52,"geo_point_2d":{"lon":2.358428315399263,"lat":48.889720696614674},"created_user":null,"created_date":null,"last_edited_user":null,"last_edited_date":null,"st_area_shape":99485.20497783109,"st_perimeter_shape":1424.3604361994683}},{"type":"Feature","geometry":{"coordinates":[[[2.2869601838423312,48.846070824281135],[2.288151452936574,48.8455804259254],[2.2895451695248115,48.84502498869024],[2.2894514072885794,48.84501383100241],[2.289418050270577,48.84496923294238],[2.28904694111542,48.84453297293449],[2.28862666262247,48.84467582217233],[2.2876558488243535,48.84459651590492],[2.287230217498546,48.844260843381306],[2.2870361108370028,48.84453836561791],[2.286427127679234,48.84386481198244],[2.2849563712988163,48.84448012578836],[2.2847185208084393,48.844436267253506],[2.2839475084367087,48.84474187013978],[2.283890683041751,48.84478319230026],[2.283958466189433,48.844871135251054],[2.284148846433586,48.84479774401159],[2.2850566811175765,48.84521424654412],[2.2854248348012614,48.845324051749365],[2.284665195692588,48.84560652783924],[2.2853438171126954,48.8464248689504],[2.2856455836828133,48.84640303854836],[2.285889701518108,48.84664109659928],[2.2859722917223237,48.846646404752484],[2.2869601838423312,48.846070824281135]]],"type":"Polygon"},"properties":{"id_bv":"15-93","arrondissement":"15","num_bv":93,"geo_point_2d":{"lon":2.2865480078050933,"lat":48.845190449328925},"created_user":null,"created_date":null,"last_edited_user":null,"last_edited_date":null,"st_area_shape":58847.3915957058,"st_perimeter_shape":1247.8750610858356}},{"type":"Feature","geometry":{"coordinates":[[[2.3906842052068282,48.90096129984678],[2.395406523807871,48.89828286744484],[2.395381057376756,48.89825763724874],[2.386016789924593,48.89795551049801],[2.386229922906579,48.898230079936845],[2.3862008123815843,48.89826290949192],[2.3828966585442832,48.89896716336594],[2.3703600907379387,48.898714867346634],[2.3702907066602545,48.89871384425025],[2.3701522631666396,48.90160510490258],[2.370229918498905,48.90177665245702],[2.370245255790685,48.901807950940196],[2.370311822235282,48.90183790719743],[2.3844567136627464,48.90212379661226],[2.3906842052068282,48.90096129984678]]],"type":"Polygon"},"properties":{"id_bv":"19-71","arrondissement":"19","num_bv":71,"geo_point_2d":{"lon":2.3817048810417516,"lat":48.90012707780233},"created_user":null,"created_date":null,"last_edited_user":null,"last_edited_date":null,"st_area_shape":592779.1626653767,"st_perimeter_shape":4228.2432375697235}},{"type":"Feature","geometry":{"coordinates":[[[2.3529536951388006,48.851329915031],[2.352649705315819,48.850701972928874],[2.350607930799645,48.84977568202924],[2.349926258875523,48.84883903643944],[2.3499206669233828,48.84882609127971],[2.350598013576841,48.84799600375085],[2.348546545349102,48.84737416480551],[2.348486345492109,48.84750705633324],[2.3485381750047423,48.8478100312406],[2.348493420895048,48.848543182777505],[2.348995029364762,48.849710125211914],[2.3488528041277594,48.84994462843865],[2.348708017979934,48.850131511865],[2.3487069098996165,48.85016401667908],[2.3487863928494717,48.850356941311595],[2.349273205786544,48.85131919121677],[2.3498773148298953,48.852064224840085],[2.3500900579399233,48.8519983498583],[2.3520697331153704,48.85149045991914],[2.3524597577573134,48.85140490759852],[2.3529536951388006,48.851329915031]]],"type":"Polygon"},"properties":{"id_bv":"5-23","arrondissement":"5","num_bv":23,"geo_point_2d":{"lon":2.3501845189421373,"lat":48.85003739446494},"created_user":null,"created_date":null,"last_edited_user":null,"last_edited_date":null,"st_area_shape":78547.90929784288,"st_perimeter_shape":1432.9422861883809}},{"type":"Feature","geometry":{"coordinates":[[[2.3315270997142106,48.84716075234288],[2.3315810604533227,48.84711169331505],[2.3315012244961726,48.845821348158914],[2.3330723596190808,48.844172949230796],[2.3322228555186415,48.843768346262806],[2.3308537052394396,48.843968840042145],[2.330759490816565,48.84404066950782],[2.3287718647604763,48.845648537263294],[2.329902600069758,48.84623678118098],[2.3299322273377028,48.8470787772006],[2.3301796386101605,48.84712409551818],[2.3301758177767784,48.847133732363375],[2.329538296509828,48.847867675795165],[2.3309716423266886,48.847185705739015],[2.3315270997142106,48.84716075234288]]],"type":"Polygon"},"properties":{"id_bv":"6-19","arrondissement":"6","num_bv":19,"geo_point_2d":{"lon":2.330889631887168,"lat":48.84546809039498},"created_user":null,"created_date":null,"last_edited_user":null,"last_edited_date":null,"st_area_shape":62681.7145471151,"st_perimeter_shape":1271.8659789766948}},{"type":"Feature","geometry":{"coordinates":[[[2.406104913604009,48.8526947274731],[2.40613728635975,48.852461642732926],[2.4051880784549966,48.85231013324631],[2.4039925015959476,48.8521959614504],[2.4042388434286157,48.851220521554204],[2.401974810953132,48.850951964000906],[2.4024171382521136,48.84993117591441],[2.4023443697888753,48.849924076297185],[2.4017984825613707,48.850004055355456],[2.401074561158344,48.850020086383616],[2.3989596575431,48.84974823163453],[2.398439198706871,48.85133720353649],[2.4015500830664327,48.851894807281106],[2.4059551725599033,48.8526738953718],[2.406104913604009,48.8526947274731]]],"type":"Polygon"},"properties":{"id_bv":"20-50","arrondissement":"20","num_bv":50,"geo_point_2d":{"lon":2.4013594230793522,"lat":48.85109142913603},"created_user":null,"created_date":null,"last_edited_user":null,"last_edited_date":null,"st_area_shape":71417.7386925433,"st_perimeter_shape":1604.0453285571448}},{"type":"Feature","geometry":{"coordinates":[[[2.380394355681937,48.88273229268922],[2.381001304814458,48.882814403983595],[2.381506941723728,48.88258412375909],[2.3814637653987876,48.882532956506104],[2.3757393942169163,48.88279377978787],[2.37571938347606,48.88285301938293],[2.376878809716701,48.88348832313725],[2.3787226964454824,48.88452152693904],[2.3788675192320095,48.88458090000424],[2.380394355681937,48.88273229268922]]],"type":"Polygon"},"properties":{"id_bv":"19-3","arrondissement":"19","num_bv":3,"geo_point_2d":{"lon":2.3784403210850344,"lat":48.88329665592172},"created_user":null,"created_date":null,"last_edited_user":null,"last_edited_date":null,"st_area_shape":40267.53794319976,"st_perimeter_shape":1059.1410364453877}},{"type":"Feature","geometry":{"coordinates":[[[2.411155269544603,48.833871994925815],[2.4110792324431816,48.83378783308592],[2.4071765992319683,48.831935929418506],[2.407110612969917,48.83195211649427],[2.4060955334209675,48.83219259375262],[2.4055777138756813,48.832250989367616],[2.404177915903683,48.83235455637084],[2.403724764318183,48.83246752216209],[2.4034837597163876,48.832574065358884],[2.403087901756475,48.83281158164059],[2.4022637604062393,48.83339125118745],[2.4022694581562374,48.83343908362954],[2.4036096507834506,48.83392223121282],[2.403868600562124,48.833640567513086],[2.4050668149887398,48.83428405086719],[2.4058115261767576,48.834368906882084],[2.406238751078266,48.83407244219487],[2.4062743651725738,48.83406802233385],[2.4063885180714504,48.83414840212544],[2.4060708858076993,48.83444092553978],[2.406070353624267,48.83446061087915],[2.4063820832260574,48.834995789706156],[2.4066918414369596,48.83547886833005],[2.406723961586297,48.83548238227631],[2.411155269544603,48.833871994925815]]],"type":"Polygon"},"properties":{"id_bv":"12-43","arrondissement":"12","num_bv":43,"geo_point_2d":{"lon":2.40677192766855,"lat":48.833520375395885},"created_user":null,"created_date":null,"last_edited_user":null,"last_edited_date":null,"st_area_shape":127021.72131530942,"st_perimeter_shape":1695.8392940637775}},{"type":"Feature","geometry":{"coordinates":[[[2.3875921992399998,48.85804085735051],[2.3894211562435297,48.85841339812927],[2.3896208403138095,48.858501446556524],[2.389939858628397,48.85839771402339],[2.3898988634173848,48.85814278224396],[2.3900100721525646,48.857945553187385],[2.3896551696670314,48.85689977424611],[2.388473606622575,48.85690431363674],[2.387184483662652,48.85691727056305],[2.386861827562716,48.85750740280458],[2.3856313773139153,48.857215360175566],[2.385169983327726,48.857901293362026],[2.384627870107575,48.85877252620329],[2.3859216332627042,48.859094461397376],[2.386226727071222,48.859187453217515],[2.3868691954583237,48.859346999931084],[2.3875921992399998,48.85804085735051]]],"type":"Polygon"},"properties":{"id_bv":"11-42","arrondissement":"11","num_bv":42,"geo_point_2d":{"lon":2.387342585614768,"lat":48.85794728544264},"created_user":null,"created_date":null,"last_edited_user":null,"last_edited_date":null,"st_area_shape":61051.508841519375,"st_perimeter_shape":1221.4943463837162}},{"type":"Feature","geometry":{"coordinates":[[[2.34296627632755,48.84610436901567],[2.341510283046138,48.84327129405397],[2.3398673568767077,48.843621319104926],[2.339435296231903,48.843713552538006],[2.3390866182320513,48.843894003110805],[2.339035487083763,48.843923728755875],[2.3390095952954364,48.8439898804181],[2.3405715799584663,48.846847671733954],[2.3408197842184273,48.84729599445275],[2.3409230290190557,48.84732589857494],[2.3418802302546955,48.84712250468716],[2.3419280466509016,48.847055508186024],[2.341633746124138,48.846681474830085],[2.341666015338925,48.8466379156172],[2.342609710131667,48.84639026585078],[2.3426783518428147,48.84630998297566],[2.34296627632755,48.84610436901567]]],"type":"Polygon"},"properties":{"id_bv":"5-8","arrondissement":"5","num_bv":8,"geo_point_2d":{"lon":2.3410237528006546,"lat":48.84517721618698},"created_user":null,"created_date":null,"last_edited_user":null,"last_edited_date":null,"st_area_shape":74190.08120524883,"st_perimeter_shape":1187.1586548810085}},{"type":"Feature","geometry":{"coordinates":[[[2.3591522553236306,48.82040222041607],[2.359596837794102,48.81899558922819],[2.359665853068888,48.81896010322924],[2.359609822852293,48.81895254156042],[2.3599422554910623,48.81781312009935],[2.3605181736341496,48.816105205996685],[2.3604779379270067,48.816063277409846],[2.35593253510871,48.816001482365145],[2.3536614426950777,48.81765313406744],[2.3524102896448813,48.8185859352816],[2.3529318282378062,48.819322391371074],[2.352209995664236,48.81996839180915],[2.3526336178258984,48.82005807164209],[2.352240310546836,48.82087241792826],[2.3544922364922583,48.82087617302312],[2.3554889418937104,48.820692710232585],[2.3563573347183637,48.82006720478202],[2.3568743121186824,48.820333100072695],[2.3591522553236306,48.82040222041607]]],"type":"Polygon"},"properties":{"id_bv":"13-42","arrondissement":"13","num_bv":42,"geo_point_2d":{"lon":2.3564470676908282,"lat":48.818434831574216},"created_user":null,"created_date":null,"last_edited_user":null,"last_edited_date":null,"st_area_shape":235709.8930009745,"st_perimeter_shape":2078.558079398945}},{"type":"Feature","geometry":{"coordinates":[[[2.33175283808072,48.85641539957592],[2.3316866811127244,48.856330210296164],[2.331719218342766,48.85630013237145],[2.3315951568976945,48.85619896638575],[2.3307761524506674,48.85510656077309],[2.3304324328600563,48.85444497563087],[2.3276404579099306,48.8552557326086],[2.325928195570224,48.85602138677532],[2.325797455996587,48.85610945154587],[2.3245903475022343,48.85695990564614],[2.323164175195374,48.85847362470733],[2.3231264599162755,48.85851371226324],[2.3239079374498437,48.85932802616263],[2.3297992519502975,48.857234761134976],[2.33175283808072,48.85641539957592]]],"type":"Polygon"},"properties":{"id_bv":"7-5","arrondissement":"7","num_bv":5,"geo_point_2d":{"lon":2.327482245515198,"lat":48.85683113123644},"created_user":null,"created_date":null,"last_edited_user":null,"last_edited_date":null,"st_area_shape":151974.12785857936,"st_perimeter_shape":1732.7789946280482}},{"type":"Feature","geometry":{"coordinates":[[[2.2752416150282606,48.85426040234601],[2.2752370738213394,48.85446558284653],[2.2756283642535178,48.85437694868214],[2.275666353064664,48.854179316617824],[2.2756870156377693,48.85416373076479],[2.277123979038941,48.85377767044615],[2.2771377078324173,48.85375640615618],[2.275850095698178,48.852954343160576],[2.273144369381998,48.85361291624642],[2.2729590662804364,48.85362003219998],[2.2717505463399155,48.85384688381478],[2.270768519477654,48.85419076256277],[2.270184234532687,48.85443570093553],[2.2694871019430902,48.854638156937824],[2.269222038334745,48.854716683161655],[2.269495395535672,48.855741872235555],[2.2752416150282606,48.85426040234601]]],"type":"Polygon"},"properties":{"id_bv":"16-19","arrondissement":"16","num_bv":19,"geo_point_2d":{"lon":2.2729509726104165,"lat":48.85427447366941},"created_user":null,"created_date":null,"last_edited_user":null,"last_edited_date":null,"st_area_shape":70389.6054861364,"st_perimeter_shape":1419.3968766549328}},{"type":"Feature","geometry":{"coordinates":[[[2.334086866172732,48.82894934884956],[2.3343962532611573,48.8289683103569],[2.3344236597215127,48.828951975538665],[2.3349519235700695,48.82749825847627],[2.3365081144015307,48.826741776718514],[2.3365072213506233,48.826699564913476],[2.334615338603468,48.82646770707334],[2.3321170890311773,48.82686228344545],[2.332438443670765,48.82754342910968],[2.3327908281122025,48.82824307764747],[2.3336566174419615,48.82951801776731],[2.333718105738282,48.82952418828751],[2.334086866172732,48.82894934884956]]],"type":"Polygon"},"properties":{"id_bv":"14-38","arrondissement":"14","num_bv":38,"geo_point_2d":{"lon":2.333956035458155,"lat":48.827603603590354},"created_user":null,"created_date":null,"last_edited_user":null,"last_edited_date":null,"st_area_shape":49848.627132826885,"st_perimeter_shape":1058.8216546110386}},{"type":"Feature","geometry":{"coordinates":[[[2.3011572028823375,48.881326143045506],[2.3011897195439963,48.88132254214827],[2.3025934522251306,48.88168693908965],[2.3026767993112816,48.88172104893395],[2.303740303592927,48.880862053320804],[2.3037331934805323,48.88083046955341],[2.302875612757291,48.88039723833513],[2.3028599827326297,48.8803591062807],[2.303566528326114,48.87972749531406],[2.3035594809725093,48.87970153632161],[2.3028410282055756,48.87913147536266],[2.3027958980718846,48.879066703049936],[2.3011147236296674,48.878696398004394],[2.301025502866057,48.8787194892299],[2.3010068332955225,48.87874429908422],[2.2998021805725126,48.88033243596788],[2.300798504233935,48.881701454996254],[2.3008260160346174,48.8817339638747],[2.300873001980963,48.88174002099134],[2.3011572028823375,48.881326143045506]]],"type":"Polygon"},"properties":{"id_bv":"17-43","arrondissement":"17","num_bv":43,"geo_point_2d":{"lon":2.3017523721072033,"lat":48.880255963588354},"created_user":null,"created_date":null,"last_edited_user":null,"last_edited_date":null,"st_area_shape":63433.09187256559,"st_perimeter_shape":1075.9030589452902}},{"type":"Feature","geometry":{"coordinates":[[[2.3447203027335335,48.85401685090339],[2.3469763981409764,48.85328869992958],[2.3483874673938874,48.85263298204932],[2.3484208380403646,48.85253507654852],[2.3478089720521327,48.85170697491478],[2.345756231957483,48.85082713769136],[2.3457487087998037,48.85079560019144],[2.3465659111149786,48.850581596102266],[2.3465894520617594,48.85054852671565],[2.345858094697643,48.84933278157475],[2.344561383516124,48.84969546929868],[2.3445404310143716,48.8497250620908],[2.344660485559669,48.850252123408865],[2.3446286744934124,48.85025754226722],[2.343675791918162,48.849947723792525],[2.3427148052478337,48.85023754550708],[2.3426654717363125,48.85030679568994],[2.342604184911013,48.85038093293186],[2.342721385203326,48.85041426126297],[2.3442697218876436,48.85372943383947],[2.344537148465768,48.85399000120581],[2.344503604531556,48.8540984261325],[2.3447203027335335,48.85401685090339]]],"type":"Polygon"},"properties":{"id_bv":"5-3","arrondissement":"5","num_bv":3,"geo_point_2d":{"lon":2.3453450824787807,"lat":48.851762266318026},"created_user":null,"created_date":null,"last_edited_user":null,"last_edited_date":null,"st_area_shape":119581.76220005436,"st_perimeter_shape":1624.4735192941985}},{"type":"Feature","geometry":{"coordinates":[[[2.407724804851956,48.84909696980911],[2.3997436232591824,48.848987054668804],[2.3993132273205084,48.84883202164046],[2.3992008963517395,48.848881232317396],[2.399204096216509,48.849017145139356],[2.3989596575431,48.84974823163453],[2.401074561158344,48.850020086383616],[2.4017984825613707,48.850004055355456],[2.4023443697888753,48.849924076297185],[2.4024171382521136,48.84993117591441],[2.403089305620708,48.84996337254065],[2.403717996878145,48.850016263149506],[2.4050197690550696,48.85024477025425],[2.4063883920707925,48.85051525722726],[2.406418196234469,48.85054009767916],[2.406267774513702,48.85149021519344],[2.406999722628103,48.85165125564944],[2.407337612776732,48.850688945533676],[2.4074915362971043,48.85035239004325],[2.407724804851956,48.84909696980911]]],"type":"Polygon"},"properties":{"id_bv":"20-52","arrondissement":"20","num_bv":52,"geo_point_2d":{"lon":2.4040118478876447,"lat":48.84972632239331},"created_user":null,"created_date":null,"last_edited_user":null,"last_edited_date":null,"st_area_shape":83245.33733983074,"st_perimeter_shape":1743.348687143171}},{"type":"Feature","geometry":{"coordinates":[[[2.295044487804093,48.873780171193935],[2.2952750401916755,48.87378768834465],[2.2952724247399208,48.873714567170225],[2.3025824821194294,48.871395919933704],[2.302666850910107,48.87143690354247],[2.30268921112116,48.87136162381641],[2.306367466185059,48.870182114806774],[2.3063841652289847,48.870122422249125],[2.3036960317375215,48.868642402193466],[2.3036863639877923,48.86861656709371],[2.304621819815232,48.86801354116342],[2.304616708348034,48.867989492618634],[2.301471150114411,48.86623853235747],[2.3014552674737443,48.86621942833538],[2.301564386446975,48.86471284275959],[2.3015575518384397,48.86457190627481],[2.3014594673698734,48.864544195949165],[2.3013658248919198,48.86458199042241],[2.3002123383958835,48.865050857122256],[2.299972198914738,48.86522542305337],[2.2998974671901555,48.86534341222338],[2.298926929162641,48.86854296841683],[2.29836669649396,48.86950591091],[2.2982500711231655,48.86952623322168],[2.298323992286361,48.86957884664326],[2.297665569173837,48.870721914838185],[2.2974677030710975,48.87098297385991],[2.2952547907073337,48.873513845132074],[2.2951405394121203,48.873536603905556],[2.2951706656433224,48.87361371109367],[2.295008624265062,48.87379142210401],[2.295044487804093,48.873780171193935]]],"type":"Polygon"},"properties":{"id_bv":"8-18","arrondissement":"8","num_bv":18,"geo_point_2d":{"lon":2.300844380327391,"lat":48.86950817508236},"created_user":null,"created_date":null,"last_edited_user":null,"last_edited_date":null,"st_area_shape":305048.46233557997,"st_perimeter_shape":2976.132745034064}},{"type":"Feature","geometry":{"coordinates":[[[2.392702795724597,48.879109519417796],[2.3961179547135893,48.87924042802604],[2.3953062350387886,48.87806113662091],[2.3953077401230227,48.877601162102664],[2.395303047205354,48.87738612651215],[2.3946999560094375,48.87622199745841],[2.3926118385379436,48.87699021384528],[2.3923943689999922,48.87726549081117],[2.3924936819591216,48.87754876686519],[2.3920746458226536,48.878565340541876],[2.39216927232178,48.87924531925698],[2.392191185358966,48.87925397054228],[2.392702795724597,48.879109519417796]]],"type":"Polygon"},"properties":{"id_bv":"19-33","arrondissement":"19","num_bv":33,"geo_point_2d":{"lon":2.39393513970437,"lat":48.87799070648372},"created_user":null,"created_date":null,"last_edited_user":null,"last_edited_date":null,"st_area_shape":64779.93883808475,"st_perimeter_shape":1084.7464536517807}},{"type":"Feature","geometry":{"coordinates":[[[2.373276272193194,48.875380764919676],[2.372483335015772,48.87462818394709],[2.371252361514542,48.87443056291996],[2.3704497361855075,48.87377351518362],[2.3702403533284864,48.87359969639554],[2.366883990811585,48.87449168382545],[2.3685092650360886,48.87598674915564],[2.368543923487344,48.87599732828192],[2.3697066611377444,48.87597960567648],[2.3697408559495226,48.8759973083348],[2.369841181214017,48.87613043336439],[2.369872093174448,48.87614237465674],[2.3723023756050456,48.87618617588047],[2.3723553937880744,48.876187129270235],[2.373276272193194,48.875380764919676]]],"type":"Polygon"},"properties":{"id_bv":"10-15","arrondissement":"10","num_bv":15,"geo_point_2d":{"lon":2.370145122359975,"lat":48.8750546088136},"created_user":null,"created_date":null,"last_edited_user":null,"last_edited_date":null,"st_area_shape":82677.98006902759,"st_perimeter_shape":1188.2587571224435}},{"type":"Feature","geometry":{"coordinates":[[[2.3202447786718183,48.84512694287401],[2.3203838583904166,48.845152994359616],[2.32039185916233,48.84509264575301],[2.3211477356613446,48.8448254904922],[2.3238771871129273,48.84390945574908],[2.323971886482888,48.843926699313506],[2.324003079005141,48.84386641582313],[2.324730378183758,48.84362259203055],[2.324686572396674,48.84358597356352],[2.324247628362782,48.843218930322365],[2.324273466051981,48.843130415100276],[2.3241580481045663,48.84314242076455],[2.3214898309664718,48.840986631093934],[2.3214158715933753,48.8410767373258],[2.3203135668270116,48.841950962591525],[2.3202392307055737,48.841957179329725],[2.318447611496295,48.84143970932351],[2.3176234478728714,48.84190282629388],[2.3175203793409045,48.842394556759444],[2.3167395144142913,48.843131410556865],[2.3166622747797803,48.84313963476482],[2.3176742518741746,48.844254452071034],[2.318821500450304,48.84459772450283],[2.3188339821449313,48.844735959468615],[2.320103597554311,48.8450997694682],[2.3201013282665146,48.845176786156415],[2.3202447786718183,48.84512694287401]]],"type":"Polygon"},"properties":{"id_bv":"15-35","arrondissement":"15","num_bv":35,"geo_point_2d":{"lon":2.3204691937717454,"lat":48.843174229080894},"created_user":null,"created_date":null,"last_edited_user":null,"last_edited_date":null,"st_area_shape":156016.73608281062,"st_perimeter_shape":1666.1370889386192}},{"type":"Feature","geometry":{"coordinates":[[[2.3148200152707075,48.89398342701445],[2.3148830766199175,48.893998089768786],[2.3148794288766164,48.893958129908064],[2.316041995764684,48.89321898821808],[2.3161379969466545,48.89290222768851],[2.317947509968883,48.89193107905723],[2.318042509402947,48.891899759707094],[2.318517943250239,48.89162953719024],[2.31716220853805,48.89032268460984],[2.3170870804351402,48.89031764801317],[2.312585641200161,48.89275999632109],[2.311367335795356,48.8934229470893],[2.311360727002801,48.89347187733455],[2.3135643663492016,48.894392656405046],[2.3148200152707075,48.89398342701445]]],"type":"Polygon"},"properties":{"id_bv":"17-25","arrondissement":"17","num_bv":25,"geo_point_2d":{"lon":2.315080821384391,"lat":48.892489179831344},"created_user":null,"created_date":null,"last_edited_user":null,"last_edited_date":null,"st_area_shape":97492.58803607793,"st_perimeter_shape":1412.8772655590972}},{"type":"Feature","geometry":{"coordinates":[[[2.2988990719322535,48.88968981469835],[2.300363840975296,48.88832973891366],[2.29847951229798,48.88725514519415],[2.2982254747262654,48.8867511100001],[2.2975906807622586,48.88561074936962],[2.297567147788853,48.88557008197391],[2.2975425428517386,48.885568243277035],[2.2975276713737562,48.88557817639296],[2.2974640873915977,48.8855727337839],[2.2970137153344883,48.885513135568566],[2.2960740083448368,48.886431262486845],[2.296087897610138,48.886465679752014],[2.297959032295562,48.88724754848282],[2.2979602104526515,48.88727112507015],[2.2977358453981926,48.88750163629718],[2.2970656115889216,48.887559068395724],[2.296242528368132,48.88785311904391],[2.2962577724529267,48.88789630638819],[2.296961755443259,48.88807347949734],[2.296972326342005,48.888099613167],[2.2967071371179055,48.88871895462703],[2.2967194333363676,48.88874517937714],[2.2988451114107655,48.88972537838472],[2.2988990719322535,48.88968981469835]]],"type":"Polygon"},"properties":{"id_bv":"17-38","arrondissement":"17","num_bv":38,"geo_point_2d":{"lon":2.2980669806431773,"lat":48.8878338597596},"created_user":null,"created_date":null,"last_edited_user":null,"last_edited_date":null,"st_area_shape":63083.45597964642,"st_perimeter_shape":1383.3779277447734}},{"type":"Feature","geometry":{"coordinates":[[[2.3268417667577537,48.89130376360794],[2.3262579024422037,48.88955174756942],[2.326075726833497,48.8889994681885],[2.326004050406045,48.88897007943572],[2.3258006186462272,48.88903215148826],[2.325785207521577,48.8890560884433],[2.3260478909316396,48.889899163625664],[2.3260264809111297,48.88992104964007],[2.325221055328868,48.89018113317198],[2.325188037509662,48.8901759675334],[2.323476488803657,48.888905694267294],[2.32267983305815,48.88935381306997],[2.3248655051570877,48.89103644397705],[2.3248703386452543,48.89105631934713],[2.3253360773450984,48.8909963818253],[2.3268985041437995,48.891649049289825],[2.3269473099299423,48.89161758284372],[2.3268417667577537,48.89130376360794]]],"type":"Polygon"},"properties":{"id_bv":"17-34","arrondissement":"17","num_bv":34,"geo_point_2d":{"lon":2.3250475722812887,"lat":48.89023017602902},"created_user":null,"created_date":null,"last_edited_user":null,"last_edited_date":null,"st_area_shape":35644.41643086352,"st_perimeter_shape":1180.1859620449152}},{"type":"Feature","geometry":{"coordinates":[[[2.2878789978522778,48.84108719869863],[2.2858746437941053,48.840289811715145],[2.285404498152151,48.84010480232554],[2.2841945884723374,48.83958986880244],[2.282938215686843,48.83910664650373],[2.282606871207763,48.83897839872344],[2.282369650791236,48.83891280738558],[2.2822708390973316,48.83897587930936],[2.2817042102211422,48.83936157800524],[2.2828692031262516,48.83968654439939],[2.2834247845982203,48.840225719310574],[2.284030865430445,48.840714646241494],[2.28416703316778,48.84064354387652],[2.284565627129081,48.84105132150026],[2.2850603199993227,48.841087865171474],[2.2878789978522778,48.84108719869863]]],"type":"Polygon"},"properties":{"id_bv":"15-86","arrondissement":"15","num_bv":86,"geo_point_2d":{"lon":2.2845653233054968,"lat":48.84021833760171},"created_user":null,"created_date":null,"last_edited_user":null,"last_edited_date":null,"st_area_shape":35945.30392128717,"st_perimeter_shape":1086.9276821048798}},{"type":"Feature","geometry":{"coordinates":[[[2.367819274993102,48.8663828121071],[2.3681513437448385,48.866470281898714],[2.3687675446245793,48.86544637144699],[2.3697450285187593,48.86570936522034],[2.370875488729437,48.8641863817713],[2.3706337173519487,48.864085650423725],[2.3694343816188237,48.86361807122567],[2.368475041578217,48.86463092401786],[2.368301027124632,48.864601375974395],[2.367398493543925,48.865186085928386],[2.366744279216843,48.86501204781187],[2.3664647771657408,48.865376721663026],[2.3657863300473205,48.86552767417267],[2.3654015174689853,48.86544295332097],[2.365356777499734,48.86544460470684],[2.365299137049072,48.86547687323845],[2.36425225925955,48.867239458603265],[2.363902528870575,48.8674573266012],[2.363898871529089,48.8675256355142],[2.3646825893971544,48.867860187243615],[2.365213249555672,48.8680827513598],[2.3659199579507106,48.86690353113204],[2.3658304768380596,48.86673260212809],[2.367819274993102,48.8663828121071]]],"type":"Polygon"},"properties":{"id_bv":"11-21","arrondissement":"11","num_bv":21,"geo_point_2d":{"lon":2.367360554276026,"lat":48.86573513023702},"created_user":null,"created_date":null,"last_edited_user":null,"last_edited_date":null,"st_area_shape":78571.1329503548,"st_perimeter_shape":1645.1116929518719}},{"type":"Feature","geometry":{"coordinates":[[[2.2731837897153553,48.847301467924474],[2.2731858183754805,48.847290455813905],[2.270821167161185,48.846565133527434],[2.2700935540993865,48.846867806221574],[2.2700958180734614,48.84687963681947],[2.270285821145746,48.84746097297814],[2.2695617972846662,48.84767261141129],[2.2695609000141133,48.847689960110955],[2.270126872903933,48.84820555926974],[2.27104038749473,48.84834153317214],[2.2716811539173825,48.84947757289396],[2.2717148978468082,48.84948873616354],[2.273225567104267,48.84844930290831],[2.273231752477244,48.84823746701699],[2.2732483587065246,48.848224759124406],[2.273854869244203,48.84792920210224],[2.273854947430002,48.84790657452938],[2.2731837897153553,48.847301467924474]]],"type":"Polygon"},"properties":{"id_bv":"16-31","arrondissement":"16","num_bv":31,"geo_point_2d":{"lon":2.2717151631837913,"lat":48.84785380676389},"created_user":null,"created_date":null,"last_edited_user":null,"last_edited_date":null,"st_area_shape":51058.36192394788,"st_perimeter_shape":987.0924417583167}},{"type":"Feature","geometry":{"coordinates":[[[2.2971256552663752,48.88235757908315],[2.2996541890102686,48.880473702423345],[2.298830204014524,48.880052272211316],[2.297547875273039,48.88087747721363],[2.2975182377953547,48.88087587336752],[2.294792129493287,48.87979220950154],[2.2947525212756403,48.879824424289474],[2.2955546947009235,48.881262327350925],[2.2954739911397026,48.88165409716378],[2.295916336765412,48.88323790052295],[2.2959704230391274,48.883240194421305],[2.2971256552663752,48.88235757908315]]],"type":"Polygon"},"properties":{"id_bv":"17-67","arrondissement":"17","num_bv":67,"geo_point_2d":{"lon":2.296887192823337,"lat":48.88131157644229},"created_user":null,"created_date":null,"last_edited_user":null,"last_edited_date":null,"st_area_shape":54202.13947409176,"st_perimeter_shape":1254.9099846844538}},{"type":"Feature","geometry":{"coordinates":[[[2.3130414472469334,48.887596199891775],[2.313827720129259,48.8874070377226],[2.313843310000986,48.88735998239666],[2.3113603994933984,48.886540896618946],[2.311100607324206,48.886156043472965],[2.3100212030732616,48.88563474683121],[2.3096030560966647,48.8859546712379],[2.3081902342227436,48.88700767394428],[2.3108103491097167,48.888015889742775],[2.311238858771906,48.88782494379297],[2.3120218372439516,48.88775976150391],[2.3130414472469334,48.887596199891775]]],"type":"Polygon"},"properties":{"id_bv":"17-14","arrondissement":"17","num_bv":14,"geo_point_2d":{"lon":2.310716442552501,"lat":48.8869769860191},"created_user":null,"created_date":null,"last_edited_user":null,"last_edited_date":null,"st_area_shape":50303.826890408374,"st_perimeter_shape":1013.7777432994826}},{"type":"Feature","geometry":{"coordinates":[[[2.3288818614732776,48.89735994343016],[2.3282750479793863,48.89553884468784],[2.3257325712380372,48.895702976641424],[2.3257004173551588,48.8956887535885],[2.3255712098512986,48.89541487224794],[2.3250501877568297,48.894305931982096],[2.325065247110422,48.89428360482984],[2.324384120905396,48.894430865562725],[2.324353253934578,48.89442550322038],[2.3228550674264596,48.89361163842635],[2.3228006413328024,48.89365490648966],[2.324454102751453,48.89574785491148],[2.3244514070657276,48.895763976237546],[2.3227848780405767,48.895919560473814],[2.3227613662105915,48.89593191819535],[2.322761777120983,48.89597246914435],[2.322782780807649,48.895990716451244],[2.322995191272164,48.896005195921724],[2.3230197572729887,48.89601749992141],[2.323084317762671,48.89690059202305],[2.3231138246708105,48.896917819822356],[2.3249153335336423,48.89626699560679],[2.326161924094237,48.896794598193914],[2.3277906345559276,48.8962686742372],[2.328445642100129,48.89677778988151],[2.32868629297088,48.897382315088926],[2.3287182287128068,48.89739053851912],[2.3288818614732776,48.89735994343016]]],"type":"Polygon"},"properties":{"id_bv":"17-22","arrondissement":"17","num_bv":22,"geo_point_2d":{"lon":2.3254275814875087,"lat":48.895740957266014},"created_user":null,"created_date":null,"last_edited_user":null,"last_edited_date":null,"st_area_shape":58972.3053011089,"st_perimeter_shape":1831.5677650090163}},{"type":"Feature","geometry":{"coordinates":[[[2.3365896481446327,48.858552942597626],[2.3361033121814825,48.85762940305797],[2.3361233760014293,48.857589743231955],[2.3363239503469817,48.85751699294553],[2.3364692360491675,48.85734790475162],[2.3365298853044734,48.857039925124404],[2.3367603432659627,48.85541231983234],[2.336824847630637,48.855012085403146],[2.3366078493516906,48.85500073783294],[2.336427846826122,48.854676046025986],[2.3339457871115696,48.855508287147096],[2.331719218342766,48.85630013237145],[2.3316866811127244,48.856330210296164],[2.33175283808072,48.85641539957592],[2.3332407402377138,48.85823670844992],[2.333211106403554,48.85827558058752],[2.332485929062129,48.858495441102946],[2.3324533916143837,48.858531314601564],[2.332880752875314,48.85932625189746],[2.332903204618148,48.859367955842856],[2.33293878801856,48.859364490243976],[2.3364652121793386,48.85862868043179],[2.3366116746790504,48.85859474243301],[2.3365896481446327,48.858552942597626]]],"type":"Polygon"},"properties":{"id_bv":"6-8","arrondissement":"6","num_bv":8,"geo_point_2d":{"lon":2.3345647002122996,"lat":48.85705856387674},"created_user":null,"created_date":null,"last_edited_user":null,"last_edited_date":null,"st_area_shape":121960.72168183854,"st_perimeter_shape":1559.0139105984788}},{"type":"Feature","geometry":{"coordinates":[[[2.358580029441508,48.876078245763345],[2.358667421646592,48.87610660865906],[2.3586430045180724,48.87606580363138],[2.3594669095202465,48.875932081671],[2.359513286982154,48.875885167801556],[2.3592163067075913,48.87527961200438],[2.35923481518714,48.875240929039464],[2.3611371440637763,48.87459471041962],[2.36263589424016,48.874266323082544],[2.3615534479439897,48.873204348892386],[2.3603479158817677,48.871481490211885],[2.360342035417199,48.871484969803966],[2.358755827581752,48.87320614754662],[2.3590109199546356,48.873442452994894],[2.358450493204274,48.8739554514034],[2.357618691553164,48.875171288807586],[2.3575465263066584,48.87516418348865],[2.358107142186769,48.8761681779192],[2.3581913791113975,48.876154510022445],[2.3582203738038623,48.87613428294921],[2.358580029441508,48.876078245763345]]],"type":"Polygon"},"properties":{"id_bv":"10-8","arrondissement":"10","num_bv":8,"geo_point_2d":{"lon":2.35986768328263,"lat":48.87398686908063},"created_user":null,"created_date":null,"last_edited_user":null,"last_edited_date":null,"st_area_shape":82496.1322751337,"st_perimeter_shape":1418.1913232490206}},{"type":"Feature","geometry":{"coordinates":[[[2.38428600213005,48.85012680293289],[2.384340234513652,48.85013198618082],[2.3833972102482894,48.84492770490258],[2.3834646961586143,48.844894702726435],[2.3834242834448567,48.84487559264942],[2.3834134625708856,48.844830931430145],[2.3832386495484035,48.84488492262988],[2.3832722165053144,48.84491956806047],[2.381697145399502,48.84674336023777],[2.3812323259620825,48.84698166983984],[2.3805530465129685,48.847824559336125],[2.380530144599112,48.84785302407984],[2.3806556378331143,48.84805084580008],[2.3806536732082204,48.8480747764725],[2.379128439456105,48.849987362394174],[2.3790772250557555,48.85005192655517],[2.379054960179733,48.85012250292694],[2.379398342871838,48.850542877942864],[2.3801288075048856,48.85044366610723],[2.3814543090236593,48.85038315358349],[2.3831479741805213,48.85025907910878],[2.3837204560784624,48.85021359724921],[2.38428600213005,48.85012680293289]]],"type":"Polygon"},"properties":{"id_bv":"12-57","arrondissement":"12","num_bv":57,"geo_point_2d":{"lon":2.3821249930292048,"lat":48.84845195247966},"created_user":null,"created_date":null,"last_edited_user":null,"last_edited_date":null,"st_area_shape":129257.18408923596,"st_perimeter_shape":1705.0270385362055}},{"type":"Feature","geometry":{"coordinates":[[[2.3743674556166083,48.88943283695451],[2.3735665408979387,48.88889306426438],[2.3735630345203,48.88887130928552],[2.373849097665842,48.88845139623058],[2.374311667335248,48.88828143557295],[2.3743244531655465,48.8882651553839],[2.3736321765890342,48.88777217533807],[2.373558931557816,48.88766990236039],[2.37356497926135,48.887648405085635],[2.3746450858378005,48.88692796557168],[2.374436716071596,48.88675983837745],[2.3739270522394587,48.88656851867379],[2.372246948928185,48.88746519869815],[2.371398706593079,48.889019827667596],[2.371393001741344,48.889056894791416],[2.3714265889775255,48.88908501577367],[2.3721956687184758,48.88971505015252],[2.374046544486108,48.89072948202762],[2.3758381521082583,48.890471868793],[2.375860343729368,48.89045085131076],[2.3743674556166083,48.88943283695451]]],"type":"Polygon"},"properties":{"id_bv":"19-55","arrondissement":"19","num_bv":55,"geo_point_2d":{"lon":2.373324148363346,"lat":48.88886052129184},"created_user":null,"created_date":null,"last_edited_user":null,"last_edited_date":null,"st_area_shape":65778.40596829531,"st_perimeter_shape":1359.5263042877687}},{"type":"Feature","geometry":{"coordinates":[[[2.3791754375994705,48.892296789691066],[2.3801916546860893,48.88994540345903],[2.3800882674082167,48.88988529091279],[2.3800596384349815,48.88988300950497],[2.3789752776886552,48.890226648325275],[2.378056020933968,48.889632578744596],[2.378047846929328,48.88961289329916],[2.3784471620531202,48.8892156830316],[2.378449026156992,48.8891963905554],[2.3781397468979018,48.88905065575459],[2.3784044441604544,48.88877267361264],[2.378385473203874,48.888744762678456],[2.378248085645829,48.888714277291385],[2.3760463963900187,48.889792941901824],[2.3766439482998694,48.89079744141198],[2.3766108790562095,48.89082893345296],[2.3766693080317793,48.890841689618846],[2.3769040879613272,48.89121444076559],[2.378708111669035,48.892533382615575],[2.3791754375994705,48.892296789691066]]],"type":"Polygon"},"properties":{"id_bv":"19-64","arrondissement":"19","num_bv":64,"geo_point_2d":{"lon":2.3781154003733014,"lat":48.890644584374265},"created_user":null,"created_date":null,"last_edited_user":null,"last_edited_date":null,"st_area_shape":62764.32413784893,"st_perimeter_shape":1217.9871305352567}},{"type":"Feature","geometry":{"coordinates":[[[2.3397149081970805,48.851968770326415],[2.3402368988198914,48.85146958863731],[2.3411230625697437,48.85093178113763],[2.3413530291058735,48.850878892524456],[2.342604184911013,48.85038093293186],[2.3426654717363125,48.85030679568994],[2.340846882879023,48.84734338082764],[2.3409230290190557,48.84732589857494],[2.3408197842184273,48.84729599445275],[2.3405715799584663,48.846847671733954],[2.3404312911105465,48.84684474892963],[2.3401341636073525,48.84760903414723],[2.3390584228296962,48.848867935998584],[2.3384594041323044,48.849164667572126],[2.3377583435216867,48.84928227362583],[2.338239355335554,48.85141222147789],[2.3384015835068777,48.8516675160199],[2.3383777425415873,48.85169854059553],[2.3384266279942274,48.85170356400375],[2.3389193192166085,48.85243077158919],[2.339325233594724,48.85221655393264],[2.3397149081970805,48.851968770326415]]],"type":"Polygon"},"properties":{"id_bv":"6-3","arrondissement":"6","num_bv":3,"geo_point_2d":{"lon":2.340051391074221,"lat":48.849848952617265},"created_user":null,"created_date":null,"last_edited_user":null,"last_edited_date":null,"st_area_shape":109740.18808189512,"st_perimeter_shape":1523.9934560962809}},{"type":"Feature","geometry":{"coordinates":[[[2.3893880522756468,48.87287803847852],[2.3893863744040162,48.87284497487679],[2.3883636809625974,48.87243908552871],[2.3876912092370266,48.872295609315216],[2.3872686305870685,48.8721692891914],[2.385990955934245,48.87156630713197],[2.385683853652078,48.871535315930245],[2.3850200186344583,48.87193106119103],[2.384290039729304,48.87254844272297],[2.3842523298685117,48.872555572933294],[2.3841815117043854,48.872517916780744],[2.3841517910453662,48.87252389374374],[2.382922937517425,48.8734121606656],[2.382909796388579,48.87344699789935],[2.3844514035142397,48.87366807392399],[2.38495972729754,48.87376786705762],[2.3852745627183887,48.87390355341744],[2.3859841821846195,48.8731467615358],[2.3893880522756468,48.87287803847852]]],"type":"Polygon"},"properties":{"id_bv":"20-11","arrondissement":"20","num_bv":11,"geo_point_2d":{"lon":2.385807836190173,"lat":48.872734469152036},"created_user":null,"created_date":null,"last_edited_user":null,"last_edited_date":null,"st_area_shape":52231.225414080225,"st_perimeter_shape":1149.9690518763905}},{"type":"Feature","geometry":{"coordinates":[[[2.317658874083584,48.83858201783452],[2.318379700188897,48.83770850403124],[2.319705026489218,48.837632623404126],[2.3197019090116204,48.837264673513545],[2.319361278500372,48.837161049363],[2.3200603737707026,48.83644356044965],[2.31906074002875,48.836006711010285],[2.320325635589741,48.83509576416472],[2.3182750789451725,48.834019608293495],[2.316977154138241,48.83481198931271],[2.317344185945764,48.83504069223589],[2.3160807871630364,48.83521096235013],[2.3152901307484184,48.835566555414786],[2.3143462719988044,48.835955984431145],[2.31477885000535,48.83630053199811],[2.3172630817296134,48.83834114422112],[2.3175395598527984,48.83858267542912],[2.317658874083584,48.83858201783452]]],"type":"Polygon"},"properties":{"id_bv":"14-15","arrondissement":"14","num_bv":15,"geo_point_2d":{"lon":2.3176326790414388,"lat":48.83622669705816},"created_user":null,"created_date":null,"last_edited_user":null,"last_edited_date":null,"st_area_shape":113198.0667448461,"st_perimeter_shape":1585.9083669493405}},{"type":"Feature","geometry":{"coordinates":[[[2.3917720081993763,48.872025844811695],[2.392351109424698,48.87158925751329],[2.3945158351377223,48.869961443049014],[2.3942523513668807,48.869944519904394],[2.3932693349045757,48.86957197669157],[2.3925983231368657,48.869327318157445],[2.3919629924218526,48.86921359440055],[2.3913227341867414,48.86907414991421],[2.391252263728218,48.8691713102845],[2.390642470488185,48.86939597714572],[2.3901920696026244,48.869720872070985],[2.390394061173652,48.87086525637544],[2.3914189420938587,48.871490660781646],[2.3915915277227175,48.87164279286712],[2.389739009213612,48.87292945981548],[2.390125629423959,48.87326091667566],[2.3917720081993763,48.872025844811695]]],"type":"Polygon"},"properties":{"id_bv":"20-73","arrondissement":"20","num_bv":73,"geo_point_2d":{"lon":2.3918603885189857,"lat":48.87060322943508},"created_user":null,"created_date":null,"last_edited_user":null,"last_edited_date":null,"st_area_shape":64471.766752488955,"st_perimeter_shape":1352.3884629877048}},{"type":"Feature","geometry":{"coordinates":[[[2.2748565545861767,48.85574356409586],[2.275108731217345,48.85554570762045],[2.275228904801699,48.85533103891635],[2.276498169945036,48.854910468367116],[2.278289125768457,48.854304947048206],[2.28085484556328,48.85284464925096],[2.2808475866624986,48.852763409487984],[2.2784296650775433,48.85129734578786],[2.277565761617367,48.851757509680624],[2.2760046386547357,48.85260318362442],[2.2759771653248495,48.85262877421023],[2.2758677307535184,48.85289139743881],[2.2757949009610106,48.8529119405603],[2.275850095698178,48.852954343160576],[2.2771377078324173,48.85375640615618],[2.277123979038941,48.85377767044615],[2.2756870156377693,48.85416373076479],[2.275666353064664,48.854179316617824],[2.2756283642535178,48.85437694868214],[2.2752370738213394,48.85446558284653],[2.2752080025375783,48.85446927310752],[2.27376543376735,48.85560730594164],[2.2731931073356604,48.855839998364345],[2.2731822660338805,48.85585567490477],[2.27354894954104,48.85616146329116],[2.273680811804834,48.85625855095012],[2.2745865341920837,48.855961668842625],[2.2748565545861767,48.85574356409586]]],"type":"Polygon"},"properties":{"id_bv":"16-16","arrondissement":"16","num_bv":16,"geo_point_2d":{"lon":2.277447104088663,"lat":48.85348350716937},"created_user":null,"created_date":null,"last_edited_user":null,"last_edited_date":null,"st_area_shape":97160.17513758523,"st_perimeter_shape":1763.0776917389032}},{"type":"Feature","geometry":{"coordinates":[[[2.3322228555186415,48.843768346262806],[2.332357708526497,48.84326518010043],[2.3324696679687147,48.84188794539397],[2.3330949125189258,48.84144630726829],[2.333036161302564,48.84120897267357],[2.3333113900429887,48.841041731065644],[2.334521674973381,48.84062236327025],[2.334457723887675,48.84050222005533],[2.334301295749508,48.84046238281365],[2.3315496156849984,48.841363583613294],[2.329534566346963,48.842026027676965],[2.3294837156849684,48.8421254903455],[2.3305867706797194,48.843955189076134],[2.330759490816565,48.84404066950782],[2.3308537052394396,48.843968840042145],[2.3322228555186415,48.843768346262806]]],"type":"Polygon"},"properties":{"id_bv":"6-21","arrondissement":"6","num_bv":21,"geo_point_2d":{"lon":2.33145715161006,"lat":48.8424127990728},"created_user":null,"created_date":null,"last_edited_user":null,"last_edited_date":null,"st_area_shape":54006.235772977605,"st_perimeter_shape":1209.029242918037}},{"type":"Feature","geometry":{"coordinates":[[[2.3634299949698847,48.859393008453964],[2.364412512287317,48.85811263406416],[2.3644871589667638,48.85807758088426],[2.364654629799577,48.858043249863066],[2.36468012632725,48.85801422923978],[2.3645538479245216,48.8574015606561],[2.3645789284689873,48.85737220686944],[2.3672060704295927,48.85685591238039],[2.36722740379435,48.85683812363921],[2.3672225028291662,48.85673037542284],[2.367169067118709,48.856058477183836],[2.36720002195806,48.856026917205845],[2.3684099652874644,48.855830265122414],[2.368470533771809,48.85587124082814],[2.3685175691185365,48.85572257822957],[2.368461673886465,48.85578271418754],[2.368420448138422,48.85573699486861],[2.3648366452119385,48.85630934927833],[2.364298624062387,48.85645676827177],[2.36170203776415,48.857265563279235],[2.36037093962741,48.857853879972815],[2.3594412760221455,48.85829135643213],[2.3589195620274146,48.85861935578488],[2.359969861047762,48.859313202514095],[2.3600093430152116,48.85932408353901],[2.362368862467019,48.85908969738583],[2.3633557448526816,48.85944904753942],[2.363398144525688,48.859451109568695],[2.3634299949698847,48.859393008453964]]],"type":"Polygon"},"properties":{"id_bv":"3-8","arrondissement":"3","num_bv":8,"geo_point_2d":{"lon":2.3630525738192274,"lat":48.857793057170376},"created_user":null,"created_date":null,"last_edited_user":null,"last_edited_date":null,"st_area_shape":101189.252857165,"st_perimeter_shape":1836.6015787124452}},{"type":"Feature","geometry":{"coordinates":[[[2.3803121423459555,48.87883635379349],[2.380731243977676,48.87778908334339],[2.3813478591574184,48.87625271417617],[2.3818583893396488,48.87558890004432],[2.38169911402597,48.875535274937185],[2.381154073891392,48.87583634763544],[2.380229967518023,48.876046398535486],[2.3797694664915934,48.87521842113546],[2.379849200430042,48.87469969294012],[2.3794541524507404,48.87469830310241],[2.3793453706310252,48.8746110163561],[2.3788129349911546,48.87445861346141],[2.378007450588589,48.876346071890666],[2.3768482061615335,48.87634769544249],[2.3769557116326867,48.87655257442824],[2.3769415770823525,48.87655664948419],[2.3752887878233815,48.87676364717983],[2.3755752869520834,48.87753000878696],[2.3773952487288272,48.877485864386884],[2.377977414723489,48.87789245681494],[2.3779058299274154,48.878396240076256],[2.3781492614148454,48.878834114675215],[2.3784733346856197,48.87885926743645],[2.3803121423459555,48.87883635379349]]],"type":"Polygon"},"properties":{"id_bv":"19-10","arrondissement":"19","num_bv":10,"geo_point_2d":{"lon":2.378923466924465,"lat":48.876940749340676},"created_user":null,"created_date":null,"last_edited_user":null,"last_edited_date":null,"st_area_shape":106901.66224570562,"st_perimeter_shape":1759.2128477414865}},{"type":"Feature","geometry":{"coordinates":[[[2.4093360406748356,48.86070829856577],[2.4090586469399162,48.86067866726979],[2.408324931506103,48.86016848965322],[2.4072130724880263,48.85972054620191],[2.4069651664548,48.860282140595885],[2.4067340456629345,48.860540235218124],[2.40625815356698,48.86047201076737],[2.406008057243118,48.86104528795243],[2.4057391095049576,48.86107009573328],[2.405563576669319,48.86148729685521],[2.4054870635179806,48.861488934004974],[2.406348998119993,48.86234345162721],[2.4076871769856654,48.86372974856883],[2.408281176959628,48.864350310522404],[2.408320819308185,48.8643709619981],[2.409395366821813,48.864613595368475],[2.410725025013571,48.86352073714557],[2.4089331527921662,48.86334837471683],[2.4093360406748356,48.86070829856577]]],"type":"Polygon"},"properties":{"id_bv":"20-41","arrondissement":"20","num_bv":41,"geo_point_2d":{"lon":2.4079410112808084,"lat":48.8621311423194},"created_user":null,"created_date":null,"last_edited_user":null,"last_edited_date":null,"st_area_shape":94596.72783090359,"st_perimeter_shape":1517.790685085949}},{"type":"Feature","geometry":{"coordinates":[[[2.330771029537404,48.89240296541313],[2.333670685463998,48.89182971314639],[2.333483490586927,48.890678873029614],[2.333257436409281,48.890587280932394],[2.3328412110180152,48.89001145463166],[2.332854904921947,48.88999272872398],[2.332818582758002,48.88998473548939],[2.332265493039985,48.88922883554806],[2.331928717950602,48.88877112790435],[2.329470769623761,48.89012800298366],[2.3294652880469204,48.890158641103255],[2.330884859538221,48.890718523332296],[2.3308988476243075,48.8907411826564],[2.3308393647902377,48.891009413071956],[2.3309316369167674,48.89100417299414],[2.3309671295604564,48.89102029025733],[2.3305069037064676,48.8924219387435],[2.3305586642140823,48.89244504756554],[2.330771029537404,48.89240296541313]]],"type":"Polygon"},"properties":{"id_bv":"18-34","arrondissement":"18","num_bv":34,"geo_point_2d":{"lon":2.3317919318617153,"lat":48.89071320373846},"created_user":null,"created_date":null,"last_edited_user":null,"last_edited_date":null,"st_area_shape":66038.43526363932,"st_perimeter_shape":1178.9791436760815}},{"type":"Feature","geometry":{"coordinates":[[[2.368709318332346,48.876332502753705],[2.36785997498181,48.87667277482608],[2.3671179326957557,48.876973817149796],[2.3672464274352247,48.87745622413289],[2.3689870804118263,48.87898929407996],[2.3697516340918092,48.87854528267084],[2.369509727671945,48.87811012441271],[2.369680400294647,48.877708918233274],[2.369917996527451,48.877626637212444],[2.368709318332346,48.876332502753705]]],"type":"Polygon"},"properties":{"id_bv":"10-17","arrondissement":"10","num_bv":17,"geo_point_2d":{"lon":2.368591076494192,"lat":48.87758303300383},"created_user":null,"created_date":null,"last_edited_user":null,"last_edited_date":null,"st_area_shape":33260.27446686121,"st_perimeter_shape":765.5115939830941}},{"type":"Feature","geometry":{"coordinates":[[[2.3667215751830772,48.832004393691804],[2.3663419009716127,48.83181014158473],[2.366400249371031,48.831084256084196],[2.365941489837267,48.83066123238743],[2.365223840268783,48.83194973897266],[2.3633142692011138,48.83332290820192],[2.3633356737578888,48.83337512887604],[2.364522880997532,48.833769229552324],[2.3667215751830772,48.832004393691804]]],"type":"Polygon"},"properties":{"id_bv":"13-29","arrondissement":"13","num_bv":29,"geo_point_2d":{"lon":2.3652077740919917,"lat":48.83243798174763},"created_user":null,"created_date":null,"last_edited_user":null,"last_edited_date":null,"st_area_shape":29781.505886781997,"st_perimeter_shape":891.508483370266}},{"type":"Feature","geometry":{"coordinates":[[[2.342769491503587,48.85484318650036],[2.342153069291854,48.85419232377447],[2.340655016013064,48.85430135325142],[2.34032765464984,48.85424047755401],[2.339373451442305,48.85449683439194],[2.3394558641352323,48.854997002752576],[2.33801894607414,48.855161242317465],[2.337677582559376,48.85537753470622],[2.3367603432659627,48.85541231983234],[2.3365298853044734,48.857039925124404],[2.3364692360491675,48.85734790475162],[2.3363239503469817,48.85751699294553],[2.3361233760014293,48.857589743231955],[2.3361033121814825,48.85762940305797],[2.3365896481446327,48.858552942597626],[2.336678675834881,48.858580756605015],[2.3371141995757716,48.858489842502976],[2.33756641038062,48.858371678019445],[2.340872718733797,48.85655491076696],[2.342657241322525,48.85499368286304],[2.342766550909795,48.85492861252335],[2.342769491503587,48.85484318650036]]],"type":"Polygon"},"properties":{"id_bv":"6-4","arrondissement":"6","num_bv":4,"geo_point_2d":{"lon":2.339129628374544,"lat":48.85615849713367},"created_user":null,"created_date":null,"last_edited_user":null,"last_edited_date":null,"st_area_shape":120572.03413668857,"st_perimeter_shape":1559.5192148864048}},{"type":"Feature","geometry":{"coordinates":[[[2.3494340400657037,48.840641734192694],[2.3492932901773185,48.84063579550519],[2.3487541537099808,48.84043573888582],[2.347486556280253,48.84092499436177],[2.347451678919612,48.84092169141144],[2.346434618178422,48.840324137669185],[2.345425961854258,48.84071141024454],[2.3453922858056466,48.84070924736401],[2.3451319763088057,48.840423777127654],[2.3432127894646038,48.84113888795981],[2.3433483791049405,48.841296427518586],[2.3436187203379473,48.84119495734667],[2.3436609622276094,48.8412025800973],[2.3452601319627715,48.844423790621406],[2.3448883734842934,48.84482990818436],[2.3449604725153397,48.844949498928365],[2.345644320289745,48.84484263964897],[2.3457871539691273,48.84407612418786],[2.3471661766431313,48.84276685711462],[2.347919426127772,48.841926530874865],[2.349405425221647,48.841595240701224],[2.3494340400657037,48.840641734192694]]],"type":"Polygon"},"properties":{"id_bv":"5-6","arrondissement":"5","num_bv":6,"geo_point_2d":{"lon":2.346180640540922,"lat":48.84196776225769},"created_user":null,"created_date":null,"last_edited_user":null,"last_edited_date":null,"st_area_shape":103672.54254020863,"st_perimeter_shape":1687.6362864435687}},{"type":"Feature","geometry":{"coordinates":[[[2.3006585901232746,48.89262303605682],[2.301611403417252,48.89190680503232],[2.3015803922127143,48.89183123804954],[2.3022987618229482,48.89125754309499],[2.2988990719322535,48.88968981469835],[2.2988451114107655,48.88972537838472],[2.2967194333363676,48.88874517937714],[2.2967071371179055,48.88871895462703],[2.296972326342005,48.888099613167],[2.296961755443259,48.88807347949734],[2.2962577724529267,48.88789630638819],[2.296242528368132,48.88785311904391],[2.2961751362766782,48.887876877161105],[2.296127747361582,48.88787534043017],[2.29471892929367,48.88754428034037],[2.2927248279784576,48.88952884825218],[2.292748892402581,48.88957723315812],[2.2950633939698837,48.88984340065189],[2.298609409788737,48.89170411807704],[2.3006067417495477,48.8926295645321],[2.3006585901232746,48.89262303605682]]],"type":"Polygon"},"properties":{"id_bv":"17-39","arrondissement":"17","num_bv":39,"geo_point_2d":{"lon":2.2975074306650276,"lat":48.89005100363784},"created_user":null,"created_date":null,"last_edited_user":null,"last_edited_date":null,"st_area_shape":140419.1157118871,"st_perimeter_shape":1911.753398703836}},{"type":"Feature","geometry":{"coordinates":[[[2.4025354112390747,48.875968955488574],[2.402405057459931,48.87569293236083],[2.400506115333502,48.8738911758467],[2.4007648977438953,48.873236927964115],[2.3992126523719817,48.87280774743923],[2.4002150917725538,48.8711821356891],[2.400094230935103,48.87092630230268],[2.3993360954577723,48.87069533619001],[2.399250624470679,48.870793386275516],[2.3984108769063317,48.87174863781534],[2.39850395885834,48.87185136444297],[2.3980488446672723,48.87238610875428],[2.398054210074583,48.87351692202319],[2.3980777527163784,48.875465642114776],[2.399011520980429,48.87548870885693],[2.399283126603684,48.87556020380925],[2.399326651996229,48.87562006318673],[2.399389665126166,48.8755799966775],[2.402534747465748,48.87600863425187],[2.4025354112390747,48.875968955488574]]],"type":"Polygon"},"properties":{"id_bv":"20-17","arrondissement":"20","num_bv":17,"geo_point_2d":{"lon":2.3996117994028476,"lat":48.87385067899068},"created_user":null,"created_date":null,"last_edited_user":null,"last_edited_date":null,"st_area_shape":91849.00454136787,"st_perimeter_shape":1664.057913480142}},{"type":"Feature","geometry":{"coordinates":[[[2.347748888338119,48.86878345574462],[2.347707625656252,48.86846282955927],[2.347647508332654,48.86839455302969],[2.3473682833483207,48.86786578693296],[2.347325457360474,48.86739621254641],[2.347152107209385,48.8662832164955],[2.347078198700496,48.86593653982774],[2.3460855549412343,48.86607396149844],[2.3449499395694384,48.86627412399289],[2.344498373463771,48.86620360189858],[2.3439731611929564,48.86742393051094],[2.3436754557054034,48.86810846823188],[2.3436943751163044,48.86813126239044],[2.34539967583386,48.86774799937454],[2.345620939082493,48.868553014568555],[2.345856138771942,48.869152331066665],[2.3458822233963454,48.8691567823677],[2.347748888338119,48.86878345574462]]],"type":"Polygon"},"properties":{"id_bv":"2-5","arrondissement":"2","num_bv":5,"geo_point_2d":{"lon":2.3459463246419903,"lat":48.86745404291245},"created_user":null,"created_date":null,"last_edited_user":null,"last_edited_date":null,"st_area_shape":63499.85357525434,"st_perimeter_shape":1177.3246944269376}},{"type":"Feature","geometry":{"coordinates":[[[2.3442988938434794,48.89108761099719],[2.3453873696602936,48.890708768154894],[2.3461373179422513,48.89015174218007],[2.3481131145743213,48.89020829045937],[2.3480885620351817,48.88987779090638],[2.348008847197787,48.8890547687869],[2.347977389729597,48.8890409763164],[2.346436661245766,48.88892598679578],[2.346111861596212,48.889575801577166],[2.346085623174238,48.889582672124945],[2.344738838640041,48.889483484985625],[2.344127415164145,48.889616516568005],[2.3441032377881394,48.88961500007477],[2.3440103906279735,48.889504034551386],[2.3435028226448793,48.88962751626126],[2.3436214611012782,48.88977158920741],[2.343280014802278,48.89017456609333],[2.3439011573431694,48.89056711327512],[2.343813751622175,48.89118880737521],[2.3442988938434794,48.89108761099719]]],"type":"Polygon"},"properties":{"id_bv":"18-6","arrondissement":"18","num_bv":6,"geo_point_2d":{"lon":2.345712521764181,"lat":48.88994321882812},"created_user":null,"created_date":null,"last_edited_user":null,"last_edited_date":null,"st_area_shape":44046.029768269014,"st_perimeter_shape":1082.7253401455869}},{"type":"Feature","geometry":{"coordinates":[[[2.3497363368882263,48.88557921353149],[2.3495216009610584,48.8853251587886],[2.3494734802956128,48.8838132104097],[2.3495074896345804,48.88372609100001],[2.346919615032102,48.883410899089014],[2.3472272154312788,48.884878721529596],[2.3469312760362144,48.885139636077376],[2.34726208247104,48.88577390330704],[2.3472414178121617,48.8857887446725],[2.3451964144371176,48.88594529117719],[2.34517253078679,48.88596056604513],[2.3451694259109974,48.88644441526054],[2.347655862658556,48.88692128526727],[2.347676373685487,48.886902296210344],[2.347606227824834,48.88652905302355],[2.3497363368882263,48.88557921353149]]],"type":"Polygon"},"properties":{"id_bv":"18-20","arrondissement":"18","num_bv":20,"geo_point_2d":{"lon":2.3478294081697677,"lat":48.88518274507124},"created_user":null,"created_date":null,"last_edited_user":null,"last_edited_date":null,"st_area_shape":65273.51884466249,"st_perimeter_shape":1311.4089726944792}},{"type":"Feature","geometry":{"coordinates":[[[2.325815251904867,48.8244314254419],[2.3258873393804045,48.82468446752676],[2.3259202419988525,48.82470397976096],[2.3283243701573624,48.8244704729566],[2.3283522031944632,48.82449024564654],[2.3283695546809287,48.824461504502665],[2.3309594920261514,48.82395714812],[2.330440051965693,48.822449004088206],[2.3303605865004546,48.82241452744403],[2.325589417962951,48.82344761355579],[2.3255467838133432,48.82327809440855],[2.3233564364246737,48.82373178225678],[2.323902873689089,48.82484269313055],[2.325815251904867,48.8244314254419]]],"type":"Polygon"},"properties":{"id_bv":"14-42","arrondissement":"14","num_bv":42,"geo_point_2d":{"lon":2.3274111181332993,"lat":48.823747649387215},"created_user":null,"created_date":null,"last_edited_user":null,"last_edited_date":null,"st_area_shape":82975.18486869955,"st_perimeter_shape":1427.7789546289207}},{"type":"Feature","geometry":{"coordinates":[[[2.2967367765222315,48.835609541465644],[2.2957463467808013,48.83456539841341],[2.2953407712451304,48.83414141523435],[2.2944124730514766,48.83415062851452],[2.2939660412181313,48.83377714215915],[2.293478282465035,48.83407650056895],[2.2927610222662,48.83547262735513],[2.2933671191825185,48.835805225707155],[2.293911465961196,48.83610533971541],[2.2945438350105616,48.83747802881],[2.2961942757135194,48.83712585375414],[2.295125582715385,48.83659288730969],[2.2967367765222315,48.835609541465644]]],"type":"Polygon"},"properties":{"id_bv":"15-55","arrondissement":"15","num_bv":55,"geo_point_2d":{"lon":2.294701507189306,"lat":48.83550734185557},"created_user":null,"created_date":null,"last_edited_user":null,"last_edited_date":null,"st_area_shape":63195.60859609718,"st_perimeter_shape":1182.7479002552327}},{"type":"Feature","geometry":{"coordinates":[[[2.330021445925202,48.86442309582132],[2.3301276477264974,48.86446733020754],[2.330144117012505,48.864382533931625],[2.3312781984106477,48.8640113086075],[2.331362163641776,48.864029845626554],[2.3313368829506227,48.86399162152852],[2.3350183178400266,48.86280465097756],[2.335111806043125,48.86282556401668],[2.335158238685509,48.8627600787532],[2.3390450175080097,48.86150212275469],[2.339134156863452,48.86152367417942],[2.3391116822366853,48.86148030040109],[2.344816022226976,48.8596241376016],[2.348146168250802,48.85854908341025],[2.348200244306433,48.85853156543862],[2.3475556009117686,48.85734489658904],[2.3470034650724423,48.857047367168875],[2.346825696911729,48.85676780037432],[2.3468665404977243,48.856689261698946],[2.346751999931015,48.856654440417486],[2.3458612106643337,48.855282385146516],[2.34467069724401,48.85412748486195],[2.3447203027335335,48.85401685090339],[2.344503604531556,48.8540984261325],[2.3429057064610874,48.85485832515134],[2.342769491503587,48.85484318650036],[2.342766550909795,48.85492861252335],[2.342657241322525,48.85499368286304],[2.340872718733797,48.85655491076696],[2.33756641038062,48.858371678019445],[2.3371141995757716,48.858489842502976],[2.336678675834881,48.858580756605015],[2.3365896481446327,48.858552942597626],[2.3366116746790504,48.85859474243301],[2.3364652121793386,48.85862868043179],[2.33293878801856,48.859364490243976],[2.332903204618148,48.859367955842856],[2.332880752875314,48.85932625189746],[2.332837396393224,48.859383673861856],[2.3298807882488104,48.86014606993422],[2.3278838117103233,48.860880357528714],[2.3261774211362534,48.86147267325273],[2.326049330752435,48.86144438150407],[2.3260049772238975,48.8615271569816],[2.3208259304875134,48.863085342946405],[2.3209298578350896,48.86310541349075],[2.3210849869260017,48.86330544631581],[2.3232815474586985,48.866146738112754],[2.3232442935431727,48.866206190090956],[2.3233477362610904,48.86621920212672],[2.3235814069149967,48.86653247732194],[2.3236137279428717,48.86648315818948],[2.330021445925202,48.86442309582132]]],"type":"Polygon"},"properties":{"id_bv":"1-1","arrondissement":"1","num_bv":1,"geo_point_2d":{"lon":2.3349103802008284,"lat":48.86065677095096},"created_user":null,"created_date":null,"last_edited_user":null,"last_edited_date":null,"st_area_shape":868118.3313295724,"st_perimeter_shape":5144.931073481195}},{"type":"Feature","geometry":{"coordinates":[[[2.3229949302092283,48.83745964859521],[2.323484032537278,48.836227251855746],[2.323470008404826,48.83622480359444],[2.323437921602737,48.836219201601764],[2.3237015859597014,48.835566912301196],[2.3236834777803868,48.835553947111364],[2.323068237935767,48.8355544986581],[2.3220327810150962,48.836060466006586],[2.322001997646864,48.83606234928115],[2.320529127313245,48.835212446386706],[2.3203544358893167,48.83510644326915],[2.320325635589741,48.83509576416472],[2.31906074002875,48.836006711010285],[2.3200603737707026,48.83644356044965],[2.3228300711784535,48.83764917215464],[2.322923357866037,48.83761977192124],[2.3229949302092283,48.83745964859521]]],"type":"Polygon"},"properties":{"id_bv":"14-16","arrondissement":"14","num_bv":16,"geo_point_2d":{"lon":2.3216106403132044,"lat":48.836300670791914},"created_user":null,"created_date":null,"last_edited_user":null,"last_edited_date":null,"st_area_shape":45004.399593320995,"st_perimeter_shape":1022.6906112938789}},{"type":"Feature","geometry":{"coordinates":[[[2.399686786757502,48.87959072283404],[2.401595596447683,48.87872161916025],[2.401611642876653,48.87862448282644],[2.4003139612689925,48.877850130413734],[2.400280072701205,48.87810156515391],[2.400149430349511,48.878444621657614],[2.400104861295431,48.87856847965648],[2.3992116339828202,48.87872545148066],[2.3977884931584694,48.87836615248729],[2.3980980066691697,48.879436083912644],[2.396472196935879,48.87943830581641],[2.396748657542309,48.88039219118504],[2.396744660487949,48.880403063702545],[2.3965829156486915,48.880403129917056],[2.396019566671273,48.88041445447933],[2.3967773612051744,48.881262885676186],[2.399686786757502,48.87959072283404]]],"type":"Polygon"},"properties":{"id_bv":"19-35","arrondissement":"19","num_bv":35,"geo_point_2d":{"lon":2.398604840255633,"lat":48.879509492011316},"created_user":null,"created_date":null,"last_edited_user":null,"last_edited_date":null,"st_area_shape":52406.438596682725,"st_perimeter_shape":1365.754047561958}},{"type":"Feature","geometry":{"coordinates":[[[2.304158041943012,48.82671052563687],[2.304372850313517,48.82678757865557],[2.305039752254699,48.82663952018652],[2.306434828436709,48.82618770593236],[2.3068938668762384,48.82692620652885],[2.308772173337597,48.82672734257497],[2.310632998702967,48.82630304394408],[2.3101575535957046,48.82540180640021],[2.310902982283305,48.82518059169779],[2.3082428171370495,48.82381450381683],[2.3083265672701243,48.823593562238074],[2.3083266791361576,48.82358348710868],[2.3065037818458345,48.82398418803524],[2.301277344947763,48.82516364605075],[2.301264112243773,48.825202349160705],[2.3035031822451515,48.8270330291812],[2.3035127286096944,48.826981005296325],[2.304139356433936,48.82684090883468],[2.304158041943012,48.82671052563687]]],"type":"Polygon"},"properties":{"id_bv":"14-57","arrondissement":"14","num_bv":57,"geo_point_2d":{"lon":2.3063783937535374,"lat":48.82544221717669},"created_user":null,"created_date":null,"last_edited_user":null,"last_edited_date":null,"st_area_shape":160733.46741271377,"st_perimeter_shape":1878.202514621147}},{"type":"Feature","geometry":{"coordinates":[[[2.312334785606758,48.825911412680284],[2.313853141658655,48.82558532465459],[2.3140960434561344,48.82559686939042],[2.3141831934088093,48.825508147139416],[2.316535048985399,48.825001374364454],[2.3165518516971337,48.82499297934846],[2.3160563797520832,48.824161613994775],[2.3174154384747787,48.82377493151565],[2.3174145519821328,48.823708537750214],[2.317392296093411,48.82369820453438],[2.3143063840753695,48.822336275844215],[2.314222312568909,48.82229895952302],[2.3141285337426214,48.822294376249054],[2.308339670282584,48.82356923959161],[2.3083265672701243,48.823593562238074],[2.3082428171370495,48.82381450381683],[2.310902982283305,48.82518059169779],[2.3101575535957046,48.82540180640021],[2.310632998702967,48.82630304394408],[2.312334785606758,48.825911412680284]]],"type":"Polygon"},"properties":{"id_bv":"14-56","arrondissement":"14","num_bv":56,"geo_point_2d":{"lon":2.3128824763281957,"lat":48.824167693207684},"created_user":null,"created_date":null,"last_edited_user":null,"last_edited_date":null,"st_area_shape":164883.72778014353,"st_perimeter_shape":1856.3563556777467}},{"type":"Feature","geometry":{"coordinates":[[[2.2834247845982203,48.840225719310574],[2.2828692031262516,48.83968654439939],[2.2817042102211422,48.83936157800524],[2.28034536411128,48.83880224286793],[2.2784571242051075,48.838549874562915],[2.2775963897653217,48.83827722474541],[2.276634179920446,48.838669429244874],[2.2763929433547307,48.83973039736349],[2.276947113670127,48.84050451998405],[2.2785335269476525,48.84042886053846],[2.2797727560120564,48.84030659203483],[2.279328768458342,48.83984144490434],[2.279322612221904,48.83974609147841],[2.279473746381982,48.839689612993375],[2.2796883215261143,48.83991248712922],[2.2799810323499643,48.83994792094095],[2.2802275559431235,48.840176534559234],[2.2825959166659024,48.84070417577377],[2.2834247845982203,48.840225719310574]]],"type":"Polygon"},"properties":{"id_bv":"15-78","arrondissement":"15","num_bv":78,"geo_point_2d":{"lon":2.279390139097229,"lat":48.83959083892586},"created_user":null,"created_date":null,"last_edited_user":null,"last_edited_date":null,"st_area_shape":80970.5735117307,"st_perimeter_shape":1431.7454925117702}},{"type":"Feature","geometry":{"coordinates":[[[2.4007286822553526,48.85602222241848],[2.400488254141741,48.85588528949065],[2.4004864034174735,48.855691730747594],[2.398622977128022,48.855163291867164],[2.398034529930396,48.855514380270755],[2.3971311027832654,48.85683964136232],[2.397291130975462,48.856871016288856],[2.397838202506872,48.8569786765923],[2.3989223384993035,48.85735244827112],[2.3993305153324265,48.85757948191361],[2.399965479845686,48.8568910476745],[2.4007286822553526,48.85602222241848]]],"type":"Polygon"},"properties":{"id_bv":"20-47","arrondissement":"20","num_bv":47,"geo_point_2d":{"lon":2.3989593092390837,"lat":48.85631062708482},"created_user":null,"created_date":null,"last_edited_user":null,"last_edited_date":null,"st_area_shape":40346.47902227853,"st_perimeter_shape":797.7772924981612}},{"type":"Feature","geometry":{"coordinates":[[[2.322933415216071,48.88686646315526],[2.321647955428338,48.8857718354187],[2.3207142280344217,48.88634061469812],[2.3196278592692776,48.88570863483403],[2.3183977832088773,48.88653887923973],[2.319379211037189,48.88716782442018],[2.3197958238169756,48.887156475312324],[2.3202336529003866,48.88760741945993],[2.3204405433630466,48.88768053385883],[2.322933415216071,48.88686646315526]]],"type":"Polygon"},"properties":{"id_bv":"17-2","arrondissement":"17","num_bv":2,"geo_point_2d":{"lon":2.3206379115363034,"lat":48.886674970015164},"created_user":null,"created_date":null,"last_edited_user":null,"last_edited_date":null,"st_area_shape":39138.941713289925,"st_perimeter_shape":894.1461851287356}},{"type":"Feature","geometry":{"coordinates":[[[2.288185332433344,48.88175816378472],[2.2881845995041714,48.881730279980346],[2.286786202848176,48.88089535126215],[2.2867294077562654,48.88062251709996],[2.2867366116548666,48.88056496011376],[2.2870044038051565,48.88056737636659],[2.288786368210925,48.881889799548226],[2.2897602632090943,48.88200423620273],[2.2897091932542746,48.8809325098191],[2.286833597199612,48.87934705462038],[2.285623170811481,48.87904845815571],[2.284234579212966,48.87818332411233],[2.2842058979110207,48.878205741353554],[2.285352854183643,48.880877385834125],[2.285343614617905,48.88090043647108],[2.284707577105837,48.88124043510401],[2.284710979162941,48.881288194076014],[2.28611935428266,48.8822066693275],[2.2861933337200497,48.88225107990288],[2.2862467482490274,48.8822464690917],[2.286556494869994,48.88222431830715],[2.287017418287524,48.88257225018084],[2.2870628368545547,48.882576001981626],[2.288185332433344,48.88175816378472]]],"type":"Polygon"},"properties":{"id_bv":"17-60","arrondissement":"17","num_bv":60,"geo_point_2d":{"lon":2.2868473015568473,"lat":48.88069383997908},"created_user":null,"created_date":null,"last_edited_user":null,"last_edited_date":null,"st_area_shape":87356.82895140174,"st_perimeter_shape":1833.2188015039005}},{"type":"Feature","geometry":{"coordinates":[[[2.3595883365431236,48.836470400632045],[2.3596024926023698,48.83644594889328],[2.3595731387579013,48.83640443704977],[2.358787968601794,48.83538332048885],[2.3587669093363344,48.83537598387094],[2.3585364313058776,48.835553410136164],[2.358514441469606,48.8355455225684],[2.357690935955095,48.834298939984095],[2.3576704069800094,48.834289854939804],[2.35730736376269,48.834561412624836],[2.357286780442788,48.83455198096812],[2.3566309481344803,48.8335434831306],[2.356599481981947,48.83354926049864],[2.3551756190034956,48.83496630540627],[2.356093268052031,48.83544488859088],[2.3582476596732964,48.836298261336665],[2.358254614216589,48.83631401598662],[2.358184690711105,48.83641921570073],[2.358087908595814,48.83653513558177],[2.3548971071623392,48.8358981110544],[2.3554281480522055,48.83769279240193],[2.355247599779489,48.837875263050854],[2.3568583468237465,48.838390607289796],[2.3586949163081763,48.83675382766626],[2.359293797374496,48.836597397667724],[2.3595883365431236,48.836470400632045]]],"type":"Polygon"},"properties":{"id_bv":"13-7","arrondissement":"13","num_bv":7,"geo_point_2d":{"lon":2.356963895392471,"lat":48.83616283729708},"created_user":null,"created_date":null,"last_edited_user":null,"last_edited_date":null,"st_area_shape":88184.5206034395,"st_perimeter_shape":1876.366664162709}},{"type":"Feature","geometry":{"coordinates":[[[2.304259848467299,48.84041079796773],[2.3043344391993,48.84042703998065],[2.304293667190929,48.840376315891724],[2.3052594039444814,48.83863122307111],[2.3059795745349065,48.83741214895206],[2.306440548258177,48.83658019881145],[2.306503086502591,48.83656908722867],[2.306477137977443,48.83654031247557],[2.306387620965124,48.83653127546816],[2.3062827082349204,48.83641550428763],[2.306007410943656,48.8364394872693],[2.3060515258077183,48.83660475726153],[2.3054664887189205,48.83669593602229],[2.302791865268738,48.83699587654247],[2.3032898553001933,48.838820586356654],[2.3031340498232877,48.8389685398387],[2.3025298520256863,48.83889118552876],[2.302506892592053,48.83987137653051],[2.3024292951381,48.839900717459535],[2.304190739042653,48.840396096932125],[2.3042254991094095,48.84044511865804],[2.304259848467299,48.84041079796773]]],"type":"Polygon"},"properties":{"id_bv":"15-61","arrondissement":"15","num_bv":61,"geo_point_2d":{"lon":2.304227136386273,"lat":48.838311675110226},"created_user":null,"created_date":null,"last_edited_user":null,"last_edited_date":null,"st_area_shape":70174.31440938663,"st_perimeter_shape":1313.2151198205536}},{"type":"Feature","geometry":{"coordinates":[[[2.3444435115165336,48.88002598185716],[2.346011485289585,48.87964700085256],[2.346618806903312,48.87960741519501],[2.346612162216098,48.87958221559293],[2.3473008750928104,48.87901589864128],[2.3456468905932084,48.87855279865363],[2.3451636004928162,48.878726029781134],[2.3446294651912516,48.87863297024764],[2.3429318001211605,48.878335406242904],[2.34254926235132,48.87841657358731],[2.342542124856169,48.878437816236755],[2.3429734246267704,48.87920495343462],[2.3433639001666915,48.87912954266955],[2.344411899390155,48.88001393395923],[2.3444435115165336,48.88002598185716]]],"type":"Polygon"},"properties":{"id_bv":"9-19","arrondissement":"9","num_bv":19,"geo_point_2d":{"lon":2.3448480847857636,"lat":48.87912466940911},"created_user":null,"created_date":null,"last_edited_user":null,"last_edited_date":null,"st_area_shape":35352.444167589405,"st_perimeter_shape":872.489895286059}},{"type":"Feature","geometry":{"coordinates":[[[2.3725747092707223,48.84867807996619],[2.3738751524766886,48.848040005913134],[2.3720051869423773,48.84668189117721],[2.371574211602514,48.84758839157369],[2.369999896380654,48.84662994014024],[2.3697296999997577,48.8466998891303],[2.369526129797668,48.846808773771784],[2.368023183085699,48.84701510790113],[2.3680044921631347,48.84703143593117],[2.367822637530846,48.847899627345186],[2.3668772400110107,48.848203156098066],[2.3671831690615788,48.84888448563534],[2.36812319142494,48.84879630760231],[2.3705017449211963,48.84897562783476],[2.3711611522376232,48.849364410795424],[2.3725747092707223,48.84867807996619]]],"type":"Polygon"},"properties":{"id_bv":"12-53","arrondissement":"12","num_bv":53,"geo_point_2d":{"lon":2.370312920398212,"lat":48.84799304314261},"created_user":null,"created_date":null,"last_edited_user":null,"last_edited_date":null,"st_area_shape":90024.96543934355,"st_perimeter_shape":1433.9148872992107}},{"type":"Feature","geometry":{"coordinates":[[[2.303939744894767,48.83196431896357],[2.303246518175069,48.830972516544385],[2.304041701501125,48.83057680417669],[2.3062457493736592,48.8306401211341],[2.3072654327517417,48.830066577631854],[2.3046369558995683,48.82796403047729],[2.304527400043553,48.827933835335365],[2.3029319620586266,48.828272888705264],[2.3029577668398136,48.82856421834567],[2.301438342591297,48.8287738137395],[2.3014723208516177,48.82892118020029],[2.3014539993244925,48.82893569797897],[2.3010201266309727,48.82902420884461],[2.300997565806919,48.829028763645255],[2.301693290753439,48.82950078157432],[2.301951546437572,48.830412927844435],[2.302367131979444,48.831134548400684],[2.3028667726043364,48.83152522068974],[2.303121569723968,48.832085505831486],[2.303939744894767,48.83196431896357]]],"type":"Polygon"},"properties":{"id_bv":"15-47","arrondissement":"15","num_bv":47,"geo_point_2d":{"lon":2.3039780407574293,"lat":48.829705693218905},"created_user":null,"created_date":null,"last_edited_user":null,"last_edited_date":null,"st_area_shape":99136.79233615982,"st_perimeter_shape":1535.6044261445563}},{"type":"Feature","geometry":{"coordinates":[[[2.2645994032447607,48.85740714549566],[2.26464313032622,48.85733401210995],[2.2638750323330656,48.85612446203269],[2.26390639007952,48.85607453088314],[2.2647608821606333,48.85584060658064],[2.2661975877910447,48.85551588348461],[2.2661684037797247,48.85520378911678],[2.267316807794766,48.85468609973401],[2.2673195102639756,48.85464937647808],[2.2654769720368364,48.853999929891195],[2.265460429155377,48.85397916459884],[2.265626302132188,48.85358849077848],[2.2651122618768222,48.853083785477374],[2.2648238732962307,48.85302946142807],[2.264830518827608,48.85301166879523],[2.264796131539354,48.853002095140916],[2.264277314417024,48.85228187358843],[2.26366976727485,48.852681499843825],[2.2626915812711745,48.85281965485337],[2.2601310739324503,48.853461213664964],[2.260110669535923,48.85349285928764],[2.2626922080824694,48.85788312747416],[2.262848793074257,48.857919789525596],[2.2645994032447607,48.85740714549566]]],"type":"Polygon"},"properties":{"id_bv":"16-23","arrondissement":"16","num_bv":23,"geo_point_2d":{"lon":2.263384535586324,"lat":48.8548605527391},"created_user":null,"created_date":null,"last_edited_user":null,"last_edited_date":null,"st_area_shape":160716.3220942294,"st_perimeter_shape":1882.3731574339586}},{"type":"Feature","geometry":{"coordinates":[[[2.3911664536714965,48.85305697890216],[2.3927088989040386,48.853121270504246],[2.393152883246928,48.852403226915015],[2.3922979895952494,48.85215075259316],[2.392797088470649,48.85061634652817],[2.3927659142512456,48.85054227774119],[2.3926987057722306,48.850421678814186],[2.392248512501719,48.85042647439472],[2.3921931088911124,48.850603868132275],[2.391085713648149,48.8512713882244],[2.3903900623099408,48.851156695000924],[2.390174663539218,48.85151232351962],[2.389562653099942,48.85186648636328],[2.3891221664942583,48.85243763864799],[2.388662508623944,48.85273838221991],[2.388825702754161,48.85288862687469],[2.3887128624303653,48.85304273698433],[2.38871620650798,48.85306309378449],[2.3908061983798143,48.85352196386299],[2.390972286136084,48.85335704561015],[2.3911664536714965,48.85305697890216]]],"type":"Polygon"},"properties":{"id_bv":"11-55","arrondissement":"11","num_bv":55,"geo_point_2d":{"lon":2.3910690864668216,"lat":48.85220188434433},"created_user":null,"created_date":null,"last_edited_user":null,"last_edited_date":null,"st_area_shape":59836.95518179111,"st_perimeter_shape":1164.4277854916058}},{"type":"Feature","geometry":{"coordinates":[[[2.386016789924593,48.89795551049801],[2.3841023033451627,48.89623020938848],[2.375847626921434,48.89692838651099],[2.3723023803475134,48.89570625813323],[2.371659178877715,48.895497846076424],[2.3713443453767886,48.89573859673704],[2.3712725923994826,48.89576170842499],[2.3712965269608586,48.89579040539619],[2.3712346069273145,48.89591784723154],[2.3703964740035968,48.896634597214444],[2.3703787001288723,48.89666673168858],[2.370292965813575,48.89866600446849],[2.3703600907379387,48.898714867346634],[2.3828966585442832,48.89896716336594],[2.3862008123815843,48.89826290949192],[2.386229922906579,48.898230079936845],[2.386016789924593,48.89795551049801]]],"type":"Polygon"},"properties":{"id_bv":"19-50","arrondissement":"19","num_bv":50,"geo_point_2d":{"lon":2.3776866761949247,"lat":48.897614765197225},"created_user":null,"created_date":null,"last_edited_user":null,"last_edited_date":null,"st_area_shape":294071.759724339,"st_perimeter_shape":2800.3038670845767}},{"type":"Feature","geometry":{"coordinates":[[[2.301064392037931,48.82867081663128],[2.3010035275804395,48.82900585175031],[2.3010201266309727,48.82902420884461],[2.3014539993244925,48.82893569797897],[2.3014723208516177,48.82892118020029],[2.301438342591297,48.8287738137395],[2.3029577668398136,48.82856421834567],[2.3029319620586266,48.828272888705264],[2.304527400043553,48.827933835335365],[2.3046369558995683,48.82796403047729],[2.3045993191659617,48.82791854409768],[2.3035031822451515,48.8270330291812],[2.301264112243773,48.825202349160705],[2.3012012527558756,48.82518937612885],[2.3002139044356857,48.82542498747721],[2.298594116246766,48.827863578469895],[2.2987729986855365,48.82819575918179],[2.299178870170671,48.82846675045709],[2.298956019593561,48.82911482818542],[2.301064392037931,48.82867081663128]]],"type":"Polygon"},"properties":{"id_bv":"15-48","arrondissement":"15","num_bv":48,"geo_point_2d":{"lon":2.3012038687681713,"lat":48.8273318039875},"created_user":null,"created_date":null,"last_edited_user":null,"last_edited_date":null,"st_area_shape":107856.20828626462,"st_perimeter_shape":1460.5794713406656}},{"type":"Feature","geometry":{"coordinates":[[[2.3581325087863725,48.86341018718759],[2.3573183316055624,48.86243268718511],[2.3554509076361048,48.86296890331724],[2.3545790854557547,48.86267832876002],[2.354801555860426,48.861820670575156],[2.353537330099441,48.86123614262842],[2.3534980184391125,48.86121800807098],[2.35332941610004,48.8612747524783],[2.3536119211900073,48.861827243868674],[2.3535004644181785,48.862832417767244],[2.3539991917959666,48.86325410707822],[2.352833375615658,48.863550819635094],[2.3528577513642666,48.863717129790786],[2.353063611866455,48.86400056701096],[2.3534480695723543,48.8647709943845],[2.3567274742434186,48.86383912608241],[2.3581325087863725,48.86341018718759]]],"type":"Polygon"},"properties":{"id_bv":"3-10","arrondissement":"3","num_bv":10,"geo_point_2d":{"lon":2.3550577214442865,"lat":48.86325661608139},"created_user":null,"created_date":null,"last_edited_user":null,"last_edited_date":null,"st_area_shape":64736.77381833165,"st_perimeter_shape":1419.8245269232484}},{"type":"Feature","geometry":{"coordinates":[[[2.28769760805485,48.867106435864706],[2.287767286013181,48.86684052988303],[2.289598657108561,48.86626505997647],[2.2900164468422055,48.866818903094085],[2.290882897573172,48.86646449984217],[2.2908114524018544,48.86635845514758],[2.290392574412427,48.86572543928844],[2.2894396047428986,48.86502304340311],[2.2890949902907844,48.86501109684825],[2.289007319729855,48.86483752570923],[2.290146815997037,48.86411674006311],[2.289908038791845,48.863940272042754],[2.289976042817662,48.86373323561693],[2.2882121650782525,48.862341829582796],[2.288101503625634,48.862344642855604],[2.287451466109267,48.86275014973639],[2.2871877610881364,48.86292583902966],[2.287073196218899,48.862971350045974],[2.287036811188407,48.863012058320805],[2.286746192621545,48.86424889787077],[2.286210737107139,48.86631415975599],[2.285964251043087,48.867270691752985],[2.286039956521995,48.86723187150387],[2.2872564726419022,48.86730651123668],[2.288092367439676,48.86775276139762],[2.2883050195604473,48.86766354981914],[2.28769760805485,48.867106435864706]]],"type":"Polygon"},"properties":{"id_bv":"16-63","arrondissement":"16","num_bv":63,"geo_point_2d":{"lon":2.288146877841752,"lat":48.865084905892466},"created_user":null,"created_date":null,"last_edited_user":null,"last_edited_date":null,"st_area_shape":113536.34670351884,"st_perimeter_shape":1796.6608571372574}},{"type":"Feature","geometry":{"coordinates":[[[2.337201927193513,48.83462972707471],[2.3415580743327467,48.83477532853307],[2.3412695204208407,48.833214962568945],[2.3413142518927375,48.83318534170648],[2.341265089196561,48.833171377125645],[2.341147695819885,48.832518372392954],[2.3411478108343187,48.832279472914685],[2.341215598594589,48.832259541196564],[2.3411482608568854,48.83222446531479],[2.3411358682917354,48.83184343025465],[2.3411545064231185,48.831790559005256],[2.339475385413977,48.8322570078665],[2.339396083262393,48.832218856516576],[2.339375574908818,48.83228488755578],[2.3361765514664143,48.833167995912554],[2.336058325031734,48.8331385930693],[2.3360924100995506,48.83319219685259],[2.3359160992412797,48.83324196689333],[2.33238951114122,48.834220227435345],[2.3323040843744924,48.834195605165206],[2.332286974123354,48.83425637458782],[2.3325777256109954,48.834629727139124],[2.332959578195667,48.834521383974284],[2.334824427652215,48.835488539278565],[2.337201927193513,48.83462972707471]]],"type":"Polygon"},"properties":{"id_bv":"14-26","arrondissement":"14","num_bv":26,"geo_point_2d":{"lon":2.3377064394478886,"lat":48.83381948053994},"created_user":null,"created_date":null,"last_edited_user":null,"last_edited_date":null,"st_area_shape":135751.1812140332,"st_perimeter_shape":1840.8722144898848}},{"type":"Feature","geometry":{"coordinates":[[[2.3788129349911546,48.87445861346141],[2.377819843299428,48.87416633975994],[2.376910487388443,48.87401507939757],[2.377034449853085,48.87378611001668],[2.376463730951798,48.87339111291051],[2.3762095002929113,48.872842360991505],[2.37613481694027,48.87283987722268],[2.3751589187680224,48.87371490911125],[2.375112294411335,48.873758061345406],[2.37532194490117,48.8741462788265],[2.3756412026305522,48.87416628098773],[2.376053246748562,48.874555194554425],[2.3768482061615335,48.87634769544249],[2.378007450588589,48.876346071890666],[2.3788129349911546,48.87445861346141]]],"type":"Polygon"},"properties":{"id_bv":"19-11","arrondissement":"19","num_bv":11,"geo_point_2d":{"lon":2.377036231622354,"lat":48.87474947976026},"created_user":null,"created_date":null,"last_edited_user":null,"last_edited_date":null,"st_area_shape":49350.644827090764,"st_perimeter_shape":1065.0865575797745}},{"type":"Feature","geometry":{"coordinates":[[[2.4079713843734893,48.84730292787412],[2.40868367115454,48.84724407577504],[2.4085769643416897,48.84675965906578],[2.408607283272519,48.84674300271104],[2.409410850700749,48.8466794522704],[2.4094261149803184,48.846658073529106],[2.4091261083646236,48.84545922297975],[2.408754767996667,48.84532433416945],[2.408742000194359,48.845313281847794],[2.4087645086173874,48.84522939780086],[2.408411727117623,48.84508933747322],[2.4078935666915746,48.84475891847207],[2.405792134344443,48.844922582265326],[2.4063341560540574,48.847401156368605],[2.4064049160563328,48.847435136999984],[2.4079713843734893,48.84730292787412]]],"type":"Polygon"},"properties":{"id_bv":"12-32","arrondissement":"12","num_bv":32,"geo_point_2d":{"lon":2.4075092172215777,"lat":48.846068981381244},"created_user":null,"created_date":null,"last_edited_user":null,"last_edited_date":null,"st_area_shape":58983.232841947516,"st_perimeter_shape":988.4239576390447}},{"type":"Feature","geometry":{"coordinates":[[[2.370229918498905,48.90177665245702],[2.3701522631666396,48.90160510490258],[2.3702907066602545,48.89871384425025],[2.3703600907379387,48.898714867346634],[2.370292965813575,48.89866600446849],[2.3703787001288723,48.89666673168858],[2.3703964740035968,48.896634597214444],[2.3712346069273145,48.89591784723154],[2.3712965269608586,48.89579040539619],[2.3712725923994826,48.89576170842499],[2.3628810631258776,48.896898743577495],[2.359170621640524,48.897407259523014],[2.3588682323991983,48.90156980031638],[2.3589156697803597,48.90161007550359],[2.3701714154155904,48.90183937494847],[2.370229918498905,48.90177665245702]]],"type":"Polygon"},"properties":{"id_bv":"18-65","arrondissement":"18","num_bv":65,"geo_point_2d":{"lon":2.3650148452986413,"lat":48.899148331996905},"created_user":null,"created_date":null,"last_edited_user":null,"last_edited_date":null,"st_area_shape":468450.1650635973,"st_perimeter_shape":2908.138958121141}},{"type":"Feature","geometry":{"coordinates":[[[2.40625815356698,48.86047201076737],[2.4067340456629345,48.860540235218124],[2.4069651664548,48.860282140595885],[2.4072130724880263,48.85972054620191],[2.405724994512625,48.859019857732456],[2.40571431906898,48.859012136906934],[2.405857565128251,48.85890168023047],[2.4051770966829045,48.85846162118134],[2.4039048064235264,48.8576532109389],[2.4037608335094443,48.857561641763866],[2.403089437990068,48.85813326691326],[2.4018970272924873,48.85827402956931],[2.401347185231531,48.85871757391164],[2.402138446637098,48.85915220252964],[2.403855600661375,48.86006485092411],[2.4041800035118,48.860207646375805],[2.4054870635179806,48.861488934004974],[2.405563576669319,48.86148729685521],[2.4057391095049576,48.86107009573328],[2.406008057243118,48.86104528795243],[2.40625815356698,48.86047201076737]]],"type":"Polygon"},"properties":{"id_bv":"20-42","arrondissement":"20","num_bv":42,"geo_point_2d":{"lon":2.404489547702981,"lat":48.85937565110274},"created_user":null,"created_date":null,"last_edited_user":null,"last_edited_date":null,"st_area_shape":79237.0114088315,"st_perimeter_shape":1310.4342352153042}},{"type":"Feature","geometry":{"coordinates":[[[2.380721567488824,48.82545880726902],[2.380718237390472,48.825442615688424],[2.3807013443897325,48.825423701617936],[2.3769321282982903,48.82411718888212],[2.376368641413202,48.82444062221114],[2.3763256644874735,48.82444087924543],[2.375743394663809,48.8241842937906],[2.3736582558998545,48.823841446521776],[2.372405843514098,48.82533176413154],[2.3741800532519752,48.82557820275695],[2.3745602651602367,48.82526174952826],[2.3746477366838072,48.825301868481866],[2.374645565023689,48.8253147388639],[2.3744279108213564,48.82561555818324],[2.3744334539956964,48.82563411608461],[2.377545892422564,48.826337543849284],[2.3776546007053545,48.82636958768098],[2.378225297857112,48.82643676787994],[2.3782688604388063,48.826429913599945],[2.380721567488824,48.82545880726902]]],"type":"Polygon"},"properties":{"id_bv":"13-25","arrondissement":"13","num_bv":25,"geo_point_2d":{"lon":2.3764154033868348,"lat":48.825152631153145},"created_user":null,"created_date":null,"last_edited_user":null,"last_edited_date":null,"st_area_shape":94297.49482638233,"st_perimeter_shape":1505.9770906428646}},{"type":"Feature","geometry":{"coordinates":[[[2.3411545064231185,48.831790559005256],[2.341205852087073,48.8315273374426],[2.34128316117691,48.83026761048646],[2.3412974944740146,48.830062357961346],[2.337083395329319,48.8301410665761],[2.3356303006282357,48.830373736169676],[2.335418507205192,48.83052637847957],[2.3354156034452473,48.83054962914343],[2.337901784569351,48.83149845530779],[2.339396083262393,48.832218856516576],[2.339475385413977,48.8322570078665],[2.3411545064231185,48.831790559005256]]],"type":"Polygon"},"properties":{"id_bv":"14-35","arrondissement":"14","num_bv":35,"geo_point_2d":{"lon":2.338984194271553,"lat":48.83094080319348},"created_user":null,"created_date":null,"last_edited_user":null,"last_edited_date":null,"st_area_shape":66577.27581203576,"st_perimeter_shape":1124.975992697703}},{"type":"Feature","geometry":{"coordinates":[[[2.3369394924256865,48.87672409734144],[2.3371073416653676,48.87671184624939],[2.338153776777,48.87685248364539],[2.339231721260345,48.876791220284325],[2.339321459353686,48.87666746601388],[2.339065763494477,48.8759365155715],[2.3388023697774067,48.87595813890903],[2.3387463791822523,48.87593845342757],[2.3380836839225587,48.87415528260033],[2.3371239578613054,48.87157306592366],[2.3372445902729377,48.87150203129975],[2.337058115404907,48.8714696431516],[2.3370034222701612,48.87138722683156],[2.336898937390595,48.871440344978204],[2.334170943351851,48.87095500783667],[2.3317460941924124,48.87644435890973],[2.3322165263096077,48.87662621741865],[2.3325181337029015,48.87674051355412],[2.3325008126060656,48.876779958108074],[2.3325827314874163,48.87676564505086],[2.3328021377513664,48.87683998506406],[2.3343255174378914,48.87691383768963],[2.3369394924256865,48.87672409734144]]],"type":"Polygon"},"properties":{"id_bv":"9-6","arrondissement":"9","num_bv":6,"geo_point_2d":{"lon":2.3354438607528216,"lat":48.874423586861255},"created_user":null,"created_date":null,"last_edited_user":null,"last_edited_date":null,"st_area_shape":239325.06466451997,"st_perimeter_shape":2080.671396929947}},{"type":"Feature","geometry":{"coordinates":[[[2.3423729298639913,48.87732391064751],[2.343407853234685,48.87784750944515],[2.3446149831084826,48.87768458875641],[2.34424372392371,48.87654333173956],[2.3441152032005816,48.87653100193578],[2.3431657005219915,48.876548634514435],[2.3423137442781,48.876510326225116],[2.340320094731167,48.87659498289098],[2.339321459353686,48.87666746601388],[2.339231721260345,48.876791220284325],[2.3392683399085707,48.8769053457826],[2.339541324379772,48.87788314197863],[2.3395877337524054,48.8779043039536],[2.34202945881701,48.877501403822265],[2.3423729298639913,48.87732391064751]]],"type":"Polygon"},"properties":{"id_bv":"9-20","arrondissement":"9","num_bv":20,"geo_point_2d":{"lon":2.3418998481985205,"lat":48.87713090789799},"created_user":null,"created_date":null,"last_edited_user":null,"last_edited_date":null,"st_area_shape":46257.178964794984,"st_perimeter_shape":1037.3972530827118}},{"type":"Feature","geometry":{"coordinates":[[[2.274893275869416,48.858161775004305],[2.276866422474164,48.85800737701999],[2.277565664866436,48.85793070869788],[2.277730831270658,48.85775927730126],[2.277698085062544,48.85770358928209],[2.276429885797713,48.857555643959486],[2.27496012735756,48.85720232232366],[2.2749394096577906,48.8571863123257],[2.274862163228383,48.856604559115155],[2.274779797517233,48.85632482609237],[2.2749806657643794,48.85579276554987],[2.2749782490903434,48.855777305307534],[2.2748565545861767,48.85574356409586],[2.2745865341920837,48.855961668842625],[2.273680811804834,48.85625855095012],[2.27354894954104,48.85616146329116],[2.2729870692706795,48.856451822027154],[2.2725819068122655,48.85655638706489],[2.2725655430558587,48.85657134285992],[2.2732337749833866,48.85718524045308],[2.2732190621630197,48.857201730768644],[2.272746845401996,48.85736034969992],[2.2723854135212656,48.85716427332769],[2.2719030252237054,48.85705742366107],[2.270572498086808,48.85697510093789],[2.2703843519546587,48.85731604572684],[2.269291892922992,48.85717705166019],[2.2692544080419728,48.85729527821621],[2.271556455709713,48.85776020284818],[2.2727938851653766,48.85808055017737],[2.2739551250649526,48.85820722319881],[2.274893275869416,48.858161775004305]]],"type":"Polygon"},"properties":{"id_bv":"16-11","arrondissement":"16","num_bv":11,"geo_point_2d":{"lon":2.2737494831808154,"lat":48.8573486844958},"created_user":null,"created_date":null,"last_edited_user":null,"last_edited_date":null,"st_area_shape":61265.20029093589,"st_perimeter_shape":1673.7278958559157}},{"type":"Feature","geometry":{"coordinates":[[[2.3614093228842252,48.893254904416466],[2.36193027392594,48.893232213501236],[2.361674027183545,48.89210134488201],[2.361710401348491,48.8920799811405],[2.3632788264705584,48.89194045205734],[2.3633140416954426,48.89191777045683],[2.3630792345300287,48.889912534237915],[2.359952942464699,48.89020221249572],[2.359889176918634,48.890253071900375],[2.3598851443568107,48.89110370348515],[2.359848665998484,48.89200055426913],[2.3597295590234313,48.89269816495143],[2.3596300714366034,48.89330515745081],[2.3614093228842252,48.893254904416466]]],"type":"Polygon"},"properties":{"id_bv":"18-61","arrondissement":"18","num_bv":61,"geo_point_2d":{"lon":2.3613445094475587,"lat":48.89150887585966},"created_user":null,"created_date":null,"last_edited_user":null,"last_edited_date":null,"st_area_shape":74137.64090605019,"st_perimeter_shape":1222.0120241782963}},{"type":"Feature","geometry":{"coordinates":[[[2.4057014363789215,48.85810649388391],[2.406221660813805,48.858460699548566],[2.4066336740323813,48.858195709735575],[2.4067341802937587,48.8582649117153],[2.4075620360640517,48.85773951108178],[2.4068125824649944,48.85712281696138],[2.4076850141319515,48.85675087828048],[2.4082733912913454,48.856500421837076],[2.4076179560569777,48.856416718907084],[2.406227641834023,48.856247058089096],[2.4058216076476278,48.856062893427044],[2.405486217415416,48.856109111493645],[2.405190122618742,48.85650102955237],[2.4045675001406783,48.85707758511809],[2.4043748290837037,48.85714454756552],[2.4039048064235264,48.8576532109389],[2.4051770966829045,48.85846162118134],[2.4057014363789215,48.85810649388391]]],"type":"Polygon"},"properties":{"id_bv":"20-38","arrondissement":"20","num_bv":38,"geo_point_2d":{"lon":2.40592548752041,"lat":48.85728545925244},"created_user":null,"created_date":null,"last_edited_user":null,"last_edited_date":null,"st_area_shape":46096.16743488495,"st_perimeter_shape":1015.8644831207633}},{"type":"Feature","geometry":{"coordinates":[[[2.330112554148688,48.900975701876256],[2.3289793561879626,48.89763868898798],[2.3288818614732776,48.89735994343016],[2.3287182287128068,48.89739053851912],[2.32868629297088,48.897382315088926],[2.328445642100129,48.89677778988151],[2.3277906345559276,48.8962686742372],[2.326161924094237,48.896794598193914],[2.3259942358700187,48.89716689963559],[2.326017008911432,48.89718514641168],[2.3269416424531304,48.8973433910544],[2.326965148883435,48.89737362610915],[2.326528993781051,48.89764115551076],[2.326446901748574,48.898772216057445],[2.3264161168584163,48.89878327721342],[2.3238908079697174,48.89877318435993],[2.323904248559787,48.89879644649057],[2.3235538581219237,48.90083087785687],[2.329978243491792,48.90099406645946],[2.330112554148688,48.900975701876256]]],"type":"Polygon"},"properties":{"id_bv":"17-23","arrondissement":"17","num_bv":23,"geo_point_2d":{"lon":2.3270513383365987,"lat":48.899216805030754},"created_user":null,"created_date":null,"last_edited_user":null,"last_edited_date":null,"st_area_shape":150183.6529215596,"st_perimeter_shape":1892.5284336463262}},{"type":"Feature","geometry":{"coordinates":[[[2.4139705922311303,48.8688732106202],[2.4139276065690534,48.86734492069554],[2.4116368231713707,48.86720798301644],[2.4115792907592857,48.867816096280876],[2.4110246991833773,48.86777156911515],[2.4107067658724306,48.86789171953062],[2.4105935633499502,48.8691472093501],[2.4089193940837017,48.86910546398937],[2.4088196314574293,48.87032995881394],[2.4107743067538308,48.87041752263798],[2.4105935511454137,48.87225103841465],[2.410255869539182,48.87338463267147],[2.4131239138874525,48.87409693816689],[2.4131758137555597,48.87400448141447],[2.4136184469179245,48.872405437172816],[2.4139705922311303,48.8688732106202]]],"type":"Polygon"},"properties":{"id_bv":"20-30","arrondissement":"20","num_bv":30,"geo_point_2d":{"lon":2.4119846605338995,"lat":48.87045519770017},"created_user":null,"created_date":null,"last_edited_user":null,"last_edited_date":null,"st_area_shape":180715.56690696426,"st_perimeter_shape":2160.032377430968}},{"type":"Feature","geometry":{"coordinates":[[[2.343050240593236,48.846076804238265],[2.3437468735466642,48.845913488612354],[2.3451595890719212,48.845182339979154],[2.3449655536187444,48.84503277072532],[2.3449464917643317,48.8449665345244],[2.3449604725153397,48.844949498928365],[2.3448883734842934,48.84482990818436],[2.3452601319627715,48.844423790621406],[2.3436609622276094,48.8412025800973],[2.3436187203379473,48.84119495734667],[2.3433483791049405,48.841296427518586],[2.341340139796707,48.84209222097368],[2.3413224354674282,48.842114807249544],[2.34136128543606,48.84299034650445],[2.341510283046138,48.84327129405397],[2.34296627632755,48.84610436901567],[2.343050240593236,48.846076804238265]]],"type":"Polygon"},"properties":{"id_bv":"5-7","arrondissement":"5","num_bv":7,"geo_point_2d":{"lon":2.343271042584998,"lat":48.84364137860977},"created_user":null,"created_date":null,"last_edited_user":null,"last_edited_date":null,"st_area_shape":97447.24761768617,"st_perimeter_shape":1332.3517633124331}},{"type":"Feature","geometry":{"coordinates":[[[2.388348345346796,48.86990679071657],[2.388893257819884,48.86928782530865],[2.390642470488185,48.86939597714572],[2.391252263728218,48.8691713102845],[2.3913227341867414,48.86907414991421],[2.3909685867104247,48.868989653435555],[2.3870454691071816,48.86803150203497],[2.386500967097228,48.867898829778724],[2.3861515160050666,48.86844138888674],[2.385670210573644,48.868432357908375],[2.385257209301365,48.868749622157694],[2.3841841756325013,48.86834330874925],[2.382847702412165,48.86927792627953],[2.382540022705701,48.869618841516306],[2.3831575441209734,48.86982784344608],[2.383090716709315,48.86994961018715],[2.383501504244629,48.87004593229635],[2.384382135409736,48.87018889442685],[2.384552809050697,48.87010660590969],[2.388348345346796,48.86990679071657]]],"type":"Polygon"},"properties":{"id_bv":"20-71","arrondissement":"20","num_bv":71,"geo_point_2d":{"lon":2.3864722920255064,"lat":48.86916780229134},"created_user":null,"created_date":null,"last_edited_user":null,"last_edited_date":null,"st_area_shape":87337.54862784126,"st_perimeter_shape":1532.5201387134668}},{"type":"Feature","geometry":{"coordinates":[[[2.400723674394968,48.86747757314843],[2.3993684795602355,48.865900254023536],[2.3988084394642115,48.86528344769198],[2.3985030415789845,48.86532547905399],[2.3981924742629355,48.86528277391531],[2.398019184748771,48.86550409064959],[2.3979883402960054,48.865503171066344],[2.3980010380898698,48.86552747304302],[2.3971148538294167,48.86666615726004],[2.3988804180117267,48.86746573433035],[2.4001583662309764,48.86808124573712],[2.400723674394968,48.86747757314843]]],"type":"Polygon"},"properties":{"id_bv":"20-5","arrondissement":"20","num_bv":5,"geo_point_2d":{"lon":2.398935464056223,"lat":48.86665839142579},"created_user":null,"created_date":null,"last_edited_user":null,"last_edited_date":null,"st_area_shape":40022.150080389125,"st_perimeter_shape":854.9489344015378}},{"type":"Feature","geometry":{"coordinates":[[[2.3972660490153928,48.87020716981105],[2.398314598300942,48.86938177150679],[2.398419250464802,48.869189226135326],[2.399196281121554,48.8685322701153],[2.399643928705667,48.868641319785496],[2.4001583662309764,48.86808124573712],[2.3988804180117267,48.86746573433035],[2.398081792206872,48.86819228973402],[2.3971155682914507,48.86895441223112],[2.395781954506898,48.87006866482596],[2.395962555124474,48.87010037143397],[2.397237246309182,48.87022984721999],[2.3972660490153928,48.87020716981105]]],"type":"Polygon"},"properties":{"id_bv":"20-7","arrondissement":"20","num_bv":7,"geo_point_2d":{"lon":2.398033632960848,"lat":48.868911472263825},"created_user":null,"created_date":null,"last_edited_user":null,"last_edited_date":null,"st_area_shape":34176.96137382998,"st_perimeter_shape":938.7973429702563}},{"type":"Feature","geometry":{"coordinates":[[[2.2974677030710975,48.87098297385991],[2.297665569173837,48.870721914838185],[2.298323992286361,48.86957884664326],[2.2982500711231655,48.86952623322168],[2.297507598673809,48.868997058064544],[2.296170083358828,48.86793954377138],[2.2952814061226854,48.86804120923999],[2.2948365973047125,48.8674327761932],[2.292677480506085,48.86805233229157],[2.291931162310475,48.8677476730699],[2.292055459829388,48.86738710781566],[2.2911112669546205,48.867161749041436],[2.2903340214263976,48.86726617012609],[2.2916291948328893,48.86908473409906],[2.2906198455616105,48.86989809434616],[2.2917908471318773,48.87104210491887],[2.2924676201921628,48.87170852524959],[2.2933206074745383,48.87279116653775],[2.2951405394121203,48.873536603905556],[2.2952547907073337,48.873513845132074],[2.2974677030710975,48.87098297385991]]],"type":"Polygon"},"properties":{"id_bv":"16-61","arrondissement":"16","num_bv":61,"geo_point_2d":{"lon":2.2943485365682115,"lat":48.87011111086682},"created_user":null,"created_date":null,"last_edited_user":null,"last_edited_date":null,"st_area_shape":238626.94777398714,"st_perimeter_shape":2170.52257312866}},{"type":"Feature","geometry":{"coordinates":[[[2.3515319913798787,48.8719864479034],[2.3540615656728296,48.8722630583993],[2.3532701057498193,48.870938046287996],[2.3531172070456208,48.87095449817416],[2.3530983879031457,48.87092113169988],[2.3530790656680867,48.8709207008106],[2.3521882663717197,48.871108168976384],[2.3507387546733867,48.87107994794022],[2.349778919926366,48.87068821497863],[2.3479456862528596,48.871486139024476],[2.347900620332187,48.87150573834362],[2.3479079387649557,48.872580892154815],[2.3515319913798787,48.8719864479034]]],"type":"Polygon"},"properties":{"id_bv":"10-38","arrondissement":"10","num_bv":38,"geo_point_2d":{"lon":2.3506719459589003,"lat":48.871640602837516},"created_user":null,"created_date":null,"last_edited_user":null,"last_edited_date":null,"st_area_shape":55630.94828482661,"st_perimeter_shape":1179.4836911674465}},{"type":"Feature","geometry":{"coordinates":[[[2.3000887038740645,48.883710204479144],[2.3008987422220644,48.88229983405963],[2.300936514384595,48.88230652893149],[2.300914284055842,48.88227346906717],[2.3010429305742797,48.882050610349516],[2.3010639890266145,48.88201462137442],[2.3010268008379313,48.881993691670054],[2.3008553622595067,48.88176807168509],[2.300873001980963,48.88174002099134],[2.3008260160346174,48.8817339638747],[2.300798504233935,48.881701454996254],[2.2998021805725126,48.88033243596788],[2.3010068332955225,48.87874429908422],[2.3009204788650295,48.87870489307305],[2.3009053021849444,48.87871500384126],[2.299391196271495,48.87970050714633],[2.299376146684837,48.87972818881558],[2.299678550791728,48.88047103990374],[2.2996541890102686,48.880473702423345],[2.2971256552663752,48.88235757908315],[2.3000361132467058,48.88372502832474],[2.3000887038740645,48.883710204479144]]],"type":"Polygon"},"properties":{"id_bv":"17-42","arrondissement":"17","num_bv":42,"geo_point_2d":{"lon":2.299449119827816,"lat":48.881833743490446},"created_user":null,"created_date":null,"last_edited_user":null,"last_edited_date":null,"st_area_shape":61544.00273967605,"st_perimeter_shape":1416.3380764790256}},{"type":"Feature","geometry":{"coordinates":[[[2.3593535327569835,48.82060169310507],[2.359541655440023,48.819939339060795],[2.360860666482275,48.820042460297124],[2.361434101343183,48.81997528424718],[2.3617447887620195,48.81947973430527],[2.3645913060038004,48.82028385369122],[2.3646299428210353,48.82023879683672],[2.364722958335837,48.82010762820941],[2.364679634535677,48.820069458609474],[2.3645822268301178,48.82003877673736],[2.363239332087091,48.81962953295478],[2.3619952463857445,48.81927447520671],[2.359665853068888,48.81896010322924],[2.359596837794102,48.81899558922819],[2.3591522553236306,48.82040222041607],[2.3585789201961327,48.822200117667016],[2.3586067945374625,48.82222167778008],[2.3589660291365915,48.822145339290046],[2.3604168847946916,48.82236896159459],[2.3593535327569835,48.82060169310507]]],"type":"Polygon"},"properties":{"id_bv":"13-38","arrondissement":"13","num_bv":38,"geo_point_2d":{"lon":2.360506691453448,"lat":48.82035719894864},"created_user":null,"created_date":null,"last_edited_user":null,"last_edited_date":null,"st_area_shape":37558.37981658255,"st_perimeter_shape":1642.1486698722222}},{"type":"Feature","geometry":{"coordinates":[[[2.333414878984136,48.830840597215705],[2.333624093888163,48.830360479336406],[2.3292185753591528,48.83019836606025],[2.329108954611496,48.8300743812629],[2.3288423564203584,48.830149991563225],[2.329473512045933,48.83086711880468],[2.3299077653056033,48.83136047403069],[2.3299032891716953,48.83138217602018],[2.3273291539182615,48.83208445843928],[2.3280190998610895,48.83292937192624],[2.3280398481883493,48.832919734800285],[2.328299752660919,48.83292455566165],[2.3306379673099973,48.83221285265113],[2.3313773637749087,48.83294864954559],[2.3316109391526325,48.83302518574881],[2.333414878984136,48.830840597215705]]],"type":"Polygon"},"properties":{"id_bv":"14-3","arrondissement":"14","num_bv":3,"geo_point_2d":{"lon":2.3306915623228908,"lat":48.831495133302475},"created_user":null,"created_date":null,"last_edited_user":null,"last_edited_date":null,"st_area_shape":80279.70891868183,"st_perimeter_shape":1489.9701211196568}},{"type":"Feature","geometry":{"coordinates":[[[2.38169911402597,48.875535274937185],[2.3818583893396488,48.87558890004432],[2.381972502227606,48.87572645765121],[2.385328433816684,48.874091297129716],[2.3854975294074996,48.87400943916942],[2.3852745627183887,48.87390355341744],[2.38495972729754,48.87376786705762],[2.3844514035142397,48.87366807392399],[2.382909796388579,48.87344699789935],[2.382890838741176,48.87347473187755],[2.3827462553222705,48.873612633232554],[2.380062079391674,48.87352086527684],[2.3799976872975557,48.87389781168553],[2.3793129107246807,48.87387194325498],[2.379296704409643,48.87387570387656],[2.379268270658148,48.87399735152177],[2.379956804773211,48.87411966989517],[2.379849200430042,48.87469969294012],[2.3797694664915934,48.87521842113546],[2.380229967518023,48.876046398535486],[2.381154073891392,48.87583634763544],[2.38169911402597,48.875535274937185]]],"type":"Polygon"},"properties":{"id_bv":"19-12","arrondissement":"19","num_bv":12,"geo_point_2d":{"lon":2.3820005967378877,"lat":48.87452187781651},"created_user":null,"created_date":null,"last_edited_user":null,"last_edited_date":null,"st_area_shape":74289.14155651345,"st_perimeter_shape":1278.0910873991859}},{"type":"Feature","geometry":{"coordinates":[[[2.3900342716890606,48.88608510982581],[2.390011088623022,48.88609327629042],[2.3897597895572846,48.88607031217028],[2.389110783491401,48.88601131560699],[2.386871051781317,48.88567671764836],[2.386605868500376,48.88578107676614],[2.385115181347517,48.8859447591104],[2.3848011256665704,48.88658696116444],[2.384815859063598,48.88662021741467],[2.390260042956529,48.88804362889386],[2.390667214522399,48.88663154015536],[2.3900342716890606,48.88608510982581]]],"type":"Polygon"},"properties":{"id_bv":"19-27","arrondissement":"19","num_bv":27,"geo_point_2d":{"lon":2.388054996459558,"lat":48.886688840216515},"created_user":null,"created_date":null,"last_edited_user":null,"last_edited_date":null,"st_area_shape":65814.10131240984,"st_perimeter_shape":1115.0876022092025}},{"type":"Feature","geometry":{"coordinates":[[[2.3739333387040227,48.869482565842],[2.375511116255342,48.86995812237818],[2.3764671397348196,48.86897954854368],[2.3773825591203304,48.869324909650345],[2.3783698978758,48.86803678489406],[2.377146633218405,48.867715293147846],[2.3761534770492787,48.86866357802498],[2.3749866551187204,48.868336692728164],[2.374896885643398,48.86843215467297],[2.373945842428943,48.86821727983768],[2.3739668128005706,48.86811849902136],[2.373489734100443,48.868014572472795],[2.373442155628434,48.86817509930632],[2.3731570871582166,48.868583762230315],[2.372651582605208,48.868907228608556],[2.3719807535781174,48.86962542306909],[2.3716063080782956,48.8700784997648],[2.372449120111267,48.87032810274055],[2.3729446270882195,48.870475012796454],[2.3739333387040227,48.869482565842]]],"type":"Polygon"},"properties":{"id_bv":"11-30","arrondissement":"11","num_bv":30,"geo_point_2d":{"lon":2.374829550355144,"lat":48.86904007919573},"created_user":null,"created_date":null,"last_edited_user":null,"last_edited_date":null,"st_area_shape":63827.08749315597,"st_perimeter_shape":1457.2316459306744}},{"type":"Feature","geometry":{"coordinates":[[[2.409953583325376,48.856267586760715],[2.4101481636240774,48.85617575511698],[2.4097611861570067,48.855545464463],[2.4102603815847226,48.855479650958024],[2.4106211272828233,48.85349629734337],[2.4096912175430805,48.853328743247786],[2.4088774748102675,48.85492078102479],[2.408124339380594,48.85562649917623],[2.408251331768721,48.85573556150896],[2.4074286657438466,48.855848796708244],[2.4076179560569777,48.856416718907084],[2.4082733912913454,48.856500421837076],[2.4086991767140202,48.8565473158193],[2.409237542995674,48.85669519051035],[2.409953583325376,48.856267586760715]]],"type":"Polygon"},"properties":{"id_bv":"20-36","arrondissement":"20","num_bv":36,"geo_point_2d":{"lon":2.4093194457145715,"lat":48.855221398790086},"created_user":null,"created_date":null,"last_edited_user":null,"last_edited_date":null,"st_area_shape":41984.41445436192,"st_perimeter_shape":1042.1016740258478}},{"type":"Feature","geometry":{"coordinates":[[[2.3529349907062946,48.89588495034268],[2.352948353115426,48.8955202910457],[2.3529121454107056,48.8950609460108],[2.3528248609266487,48.8941464440387],[2.3492753868817444,48.89479425041223],[2.3480227086981795,48.89449373418486],[2.3471456064481626,48.8946943875396],[2.3471046907562867,48.89464853294703],[2.3461023837433657,48.89573677342269],[2.3460848302833517,48.895734548885066],[2.3462671588298236,48.89611688104617],[2.3464183085391412,48.89608892692868],[2.346623890643618,48.89628186097041],[2.35255112965075,48.89787301575266],[2.3529349907062946,48.89588495034268]]],"type":"Polygon"},"properties":{"id_bv":"18-14","arrondissement":"18","num_bv":14,"geo_point_2d":{"lon":2.350089947357498,"lat":48.89584720008463},"created_user":null,"created_date":null,"last_edited_user":null,"last_edited_date":null,"st_area_shape":131563.75011642947,"st_perimeter_shape":1552.6044001525615}},{"type":"Feature","geometry":{"coordinates":[[[2.3566309481344803,48.8335434831306],[2.356449381632314,48.83325135345319],[2.356125138224711,48.83305108601554],[2.3561232277984248,48.83287575796545],[2.3559274505283025,48.83263712807032],[2.3556435752574147,48.83147019188022],[2.3556123035553047,48.83146242461239],[2.35560703809451,48.831499695860884],[2.3555097177526925,48.83217532296097],[2.3550093198999136,48.83273359606681],[2.3535573786053927,48.83491245719676],[2.3535550487310064,48.83492917375878],[2.353690881796635,48.83502950117391],[2.354872648702823,48.83589641783808],[2.3548971071623392,48.8358981110544],[2.358087908595814,48.83653513558177],[2.358184690711105,48.83641921570073],[2.358254614216589,48.83631401598662],[2.3582476596732964,48.836298261336665],[2.356093268052031,48.83544488859088],[2.3551756190034956,48.83496630540627],[2.356599481981947,48.83354926049864],[2.3566309481344803,48.8335434831306]]],"type":"Polygon"},"properties":{"id_bv":"13-2","arrondissement":"13","num_bv":2,"geo_point_2d":{"lon":2.3554273632926512,"lat":48.83446691284621},"created_user":null,"created_date":null,"last_edited_user":null,"last_edited_date":null,"st_area_shape":57937.68755369223,"st_perimeter_shape":1551.745468355232}},{"type":"Feature","geometry":{"coordinates":[[[2.362727168247483,48.868867537798955],[2.3629767545596185,48.86875854344232],[2.3632102538671997,48.86865665859594],[2.3646825893971544,48.867860187243615],[2.363898871529089,48.8675256355142],[2.363842833025081,48.86749846446049],[2.363793151619025,48.86753365781495],[2.3632583818280555,48.86785089404212],[2.359434333321692,48.86839863710639],[2.3593161084444385,48.86840246325716],[2.359403999501539,48.86872657496477],[2.3577328725512197,48.869225288074354],[2.3579938147413095,48.86943684943977],[2.358935491741624,48.870615291196785],[2.360138355293737,48.870326010330274],[2.3607275159129877,48.870884632435825],[2.3605452031117062,48.870946229198175],[2.360670111453582,48.87112364795513],[2.3612255002521687,48.87054949845173],[2.362727168247483,48.868867537798955]]],"type":"Polygon"},"properties":{"id_bv":"10-9","arrondissement":"10","num_bv":9,"geo_point_2d":{"lon":2.360866312193577,"lat":48.8691751693763},"created_user":null,"created_date":null,"last_edited_user":null,"last_edited_date":null,"st_area_shape":80346.62785140568,"st_perimeter_shape":1458.369249308842}},{"type":"Feature","geometry":{"coordinates":[[[2.3412974944740146,48.830062357961346],[2.341373344162327,48.82940612935573],[2.341570747088687,48.82852274269909],[2.3416432989548666,48.82803681588244],[2.3416444614654384,48.8271683286113],[2.341715080840818,48.8271648176604],[2.341644893914213,48.82711876638633],[2.341666546949365,48.82642438998813],[2.3416925207078987,48.82640062574417],[2.3416945499522406,48.82632438507536],[2.3416209003168893,48.82633150561413],[2.339871735900458,48.82464448554732],[2.3372734910783763,48.824340989599925],[2.336793324616632,48.826603116228355],[2.3378392324458805,48.827366883863284],[2.337083395329319,48.8301410665761],[2.3412974944740146,48.830062357961346]]],"type":"Polygon"},"properties":{"id_bv":"14-39","arrondissement":"14","num_bv":39,"geo_point_2d":{"lon":2.339279184850926,"lat":48.82738352761722},"created_user":null,"created_date":null,"last_edited_user":null,"last_edited_date":null,"st_area_shape":182372.57978267755,"st_perimeter_shape":1842.658166763816}},{"type":"Feature","geometry":{"coordinates":[[[2.3990201513601925,48.833221902650045],[2.400325173060084,48.8334559995141],[2.4020244993482494,48.833560595589674],[2.4021922541863487,48.83341116730657],[2.4022694581562374,48.83343908362954],[2.4022637604062393,48.83339125118745],[2.403087901756475,48.83281158164059],[2.4034837597163876,48.832574065358884],[2.403724764318183,48.83246752216209],[2.404177915903683,48.83235455637084],[2.4055777138756813,48.832250989367616],[2.4060955334209675,48.83219259375262],[2.407110612969917,48.83195211649427],[2.407052575978457,48.83186622711042],[2.402412746084775,48.82966111696921],[2.401464291547587,48.82938697095344],[2.4014006625760453,48.82942754409326],[2.3948922633322764,48.83360044375821],[2.3957056187476895,48.834029000680104],[2.395741423890914,48.83402204510804],[2.3965435238086013,48.833384863114276],[2.3966765116151545,48.83346116528249],[2.3967199316041343,48.83400946848102],[2.3975001278790917,48.8339676602807],[2.3977766836149974,48.83415072932975],[2.3990201513601925,48.833221902650045]]],"type":"Polygon"},"properties":{"id_bv":"12-29","arrondissement":"12","num_bv":29,"geo_point_2d":{"lon":2.400979197322339,"lat":48.83191258881068},"created_user":null,"created_date":null,"last_edited_user":null,"last_edited_date":null,"st_area_shape":208814.2739534311,"st_perimeter_shape":2310.600828501969}},{"type":"Feature","geometry":{"coordinates":[[[2.3056146353940097,48.88185436886042],[2.305615454559076,48.881833942515826],[2.3065782389341574,48.88148887466983],[2.306398945429289,48.88139104330342],[2.3043636752084216,48.882176629475715],[2.3026767993112816,48.88172104893395],[2.3025934522251306,48.88168693908965],[2.3011897195439963,48.88132254214827],[2.3011572028823375,48.881326143045506],[2.300873001980963,48.88174002099134],[2.3008553622595067,48.88176807168509],[2.3010268008379313,48.881993691670054],[2.3010639890266145,48.88201462137442],[2.3010429305742797,48.882050610349516],[2.301094356380232,48.88205720142068],[2.3019267533029484,48.88320746418904],[2.304781323468202,48.88381124104581],[2.3048603334129036,48.88384239496207],[2.3048751204059745,48.88380544715693],[2.3072430374317365,48.883225661862326],[2.3072661000355654,48.883197308005975],[2.3056146353940097,48.88185436886042]]],"type":"Polygon"},"properties":{"id_bv":"17-48","arrondissement":"17","num_bv":48,"geo_point_2d":{"lon":2.30395587874174,"lat":48.88264750675906},"created_user":null,"created_date":null,"last_edited_user":null,"last_edited_date":null,"st_area_shape":72706.85404318577,"st_perimeter_shape":1373.9107644916485}},{"type":"Feature","geometry":{"coordinates":[[[2.319173233908245,48.84551156366462],[2.3201013282665146,48.845176786156415],[2.320103597554311,48.8450997694682],[2.3188339821449313,48.844735959468615],[2.318821500450304,48.84459772450283],[2.3176742518741746,48.844254452071034],[2.3166622747797803,48.84313963476482],[2.315967057139206,48.842561150319455],[2.3149198299253033,48.84200429130993],[2.3140212308193195,48.84338452171843],[2.3139738495865845,48.8433988988819],[2.3129545792108654,48.84306493924396],[2.312942220238841,48.84308015928273],[2.313476290318552,48.844534422231796],[2.3117909397617638,48.84532971229036],[2.313665047507141,48.8459277271536],[2.3136681529382708,48.84598101876485],[2.3137433814336497,48.8459470640519],[2.314308107073003,48.84612681115503],[2.3167012083503793,48.84686626914721],[2.3166987041061007,48.84676667832941],[2.319173233908245,48.84551156366462]]],"type":"Polygon"},"properties":{"id_bv":"15-34","arrondissement":"15","num_bv":34,"geo_point_2d":{"lon":2.315743170894674,"lat":48.84472437184679},"created_user":null,"created_date":null,"last_edited_user":null,"last_edited_date":null,"st_area_shape":150413.0561837684,"st_perimeter_shape":1841.0935673703023}},{"type":"Feature","geometry":{"coordinates":[[[2.307040809540309,48.85659277370143],[2.3071636777411606,48.855639087772936],[2.3055987853214073,48.85521315139137],[2.305020634364301,48.85627540992013],[2.304580621581781,48.8572399315862],[2.3047512835657677,48.85799325345676],[2.305836201488894,48.85773670469675],[2.3067976282666947,48.858001805642225],[2.30930778318067,48.858127101847636],[2.3093319750600467,48.858016953682835],[2.309314123421385,48.85799356906608],[2.3068847924835607,48.85787297167741],[2.306442036166208,48.85776857692],[2.306424916036976,48.85775495049942],[2.307040809540309,48.85659277370143]]],"type":"Polygon"},"properties":{"id_bv":"7-17","arrondissement":"7","num_bv":17,"geo_point_2d":{"lon":2.3060301382637425,"lat":48.856742760786155},"created_user":null,"created_date":null,"last_edited_user":null,"last_edited_date":null,"st_area_shape":42504.62538668281,"st_perimeter_shape":1265.9582898034655}},{"type":"Feature","geometry":{"coordinates":[[[2.341921997087892,48.88243510328364],[2.3398385326256848,48.88202351064787],[2.339596558387364,48.8820521904331],[2.3378281860988284,48.88231371076699],[2.3390241884327714,48.883850584207366],[2.3395494922968902,48.88363554029008],[2.339580275680717,48.88365216244637],[2.339644816835056,48.88417241758917],[2.3396836378357513,48.884187435568016],[2.3397855838240034,48.88417502673527],[2.339814104214513,48.884199586418404],[2.3398431015275523,48.88416910164154],[2.3416222345724154,48.88393846688042],[2.341805148341597,48.883610637048335],[2.341738991377956,48.883446985539535],[2.341921997087892,48.88243510328364]]],"type":"Polygon"},"properties":{"id_bv":"18-24","arrondissement":"18","num_bv":24,"geo_point_2d":{"lon":2.34008763360538,"lat":48.88302407996905},"created_user":null,"created_date":null,"last_edited_user":null,"last_edited_date":null,"st_area_shape":49384.30023772992,"st_perimeter_shape":931.1447620676736}},{"type":"Feature","geometry":{"coordinates":[[[2.3949635427829445,48.889217165044336],[2.395111575566479,48.88885675917526],[2.394898232658686,48.88799176163932],[2.3943719802864547,48.88737349980699],[2.39404166636645,48.886985185599585],[2.3941393596349387,48.88625530024374],[2.393895712950451,48.88630130677606],[2.393678940615073,48.886286271543696],[2.393485068322239,48.8863174287484],[2.393332784443885,48.88626292448543],[2.390115192043884,48.88598731408384],[2.3900342716890606,48.88608510982581],[2.390667214522399,48.88663154015536],[2.390260042956529,48.88804362889386],[2.394887346485835,48.889239982483396],[2.3949635427829445,48.889217165044336]]],"type":"Polygon"},"properties":{"id_bv":"19-21","arrondissement":"19","num_bv":21,"geo_point_2d":{"lon":2.392641630035008,"lat":48.88751375819668},"created_user":null,"created_date":null,"last_edited_user":null,"last_edited_date":null,"st_area_shape":83424.50241235964,"st_perimeter_shape":1267.9225272112337}},{"type":"Feature","geometry":{"coordinates":[[[2.3766309112270125,48.85799125874443],[2.374171302402807,48.856858298348456],[2.3742423680102025,48.856777543323574],[2.373514642621332,48.85646783723555],[2.3743186135464835,48.85562029219394],[2.3741230415098333,48.85554435356562],[2.3732286164767666,48.85554387460916],[2.3730310993204586,48.85512129549713],[2.372908591823141,48.85507204094583],[2.372821928424582,48.85503615232838],[2.3726753258970508,48.85511534688765],[2.3722160187996773,48.85536395302949],[2.3719827799607183,48.8553521608623],[2.370642972322125,48.856656462793715],[2.3708192057886377,48.857757716927395],[2.3719042170973403,48.85812126662386],[2.3757748151713343,48.85940866053895],[2.3762537457239765,48.8584866668105],[2.3766309112270125,48.85799125874443]]],"type":"Polygon"},"properties":{"id_bv":"11-14","arrondissement":"11","num_bv":14,"geo_point_2d":{"lon":2.373367322702937,"lat":48.85732147505389},"created_user":null,"created_date":null,"last_edited_user":null,"last_edited_date":null,"st_area_shape":104871.60024712887,"st_perimeter_shape":1505.0165901984599}},{"type":"Feature","geometry":{"coordinates":[[[2.268195223408045,48.863164635635805],[2.2683080737356174,48.86321738206221],[2.268441500616851,48.86314451455781],[2.268461820140061,48.8630535872435],[2.268952063699883,48.86307873940437],[2.269447484289768,48.863075253343986],[2.2696653555821777,48.86310912804307],[2.269963261379074,48.86318733769114],[2.2705760661839385,48.86343279180013],[2.2719206407231876,48.86392794948953],[2.2720484484682366,48.863961199899066],[2.2723170505177777,48.862980326534235],[2.272753503448729,48.86215764849559],[2.2725033306067144,48.86203288040894],[2.272465920209882,48.862029013297764],[2.271462301418331,48.862094285988206],[2.271430953450143,48.86208919546347],[2.2711432319403606,48.861912729421704],[2.2678295149212544,48.86178259250074],[2.267794527125759,48.861749733636444],[2.2681543251937195,48.859702247762755],[2.2674334656066852,48.85837297987816],[2.2666544777298534,48.85731094045651],[2.265798383756568,48.857097135753165],[2.2652861116415215,48.85724428079828],[2.2645994032447607,48.85740714549566],[2.262848793074257,48.857919789525596],[2.262805145967631,48.85793214944368],[2.2627309234517536,48.85801345019875],[2.262741568539037,48.85803819059625],[2.2669702142694685,48.863969013375296],[2.267088463249141,48.86397698817832],[2.2675731820476543,48.863640680703874],[2.268195223408045,48.863164635635805]]],"type":"Polygon"},"properties":{"id_bv":"16-3","arrondissement":"16","num_bv":3,"geo_point_2d":{"lon":2.267071167579843,"lat":48.86064776875316},"created_user":null,"created_date":null,"last_edited_user":null,"last_edited_date":null,"st_area_shape":218876.69411409865,"st_perimeter_shape":2603.343049252737}},{"type":"Feature","geometry":{"coordinates":[[[2.319042147072566,48.85170040486022],[2.3205484432948995,48.84842205381338],[2.320212935134178,48.8482493116735],[2.319504043560942,48.84791091993905],[2.319281129721216,48.84782218624213],[2.319201502979438,48.84783739374337],[2.317914887112526,48.8501323387519],[2.3153724015493236,48.84944281875038],[2.3153403680995637,48.84945334502935],[2.3155361374367436,48.84984286919152],[2.3148015744467814,48.8518258083189],[2.319042147072566,48.85170040486022]]],"type":"Polygon"},"properties":{"id_bv":"7-10","arrondissement":"7","num_bv":10,"geo_point_2d":{"lon":2.3178156428323087,"lat":48.8502986903961},"created_user":null,"created_date":null,"last_edited_user":null,"last_edited_date":null,"st_area_shape":92357.70874514745,"st_perimeter_shape":1562.08227975999}},{"type":"Feature","geometry":{"coordinates":[[[2.3481336019090113,48.89305834758237],[2.3484214959789553,48.89317848458847],[2.348888781603927,48.89265219891138],[2.3495986574700902,48.89186321584586],[2.3495155919486352,48.891456239245045],[2.3483349829572946,48.89165315344519],[2.3467369483747578,48.89120148989345],[2.346207867161641,48.892062648680096],[2.3460136068103887,48.89210979430656],[2.346560114553915,48.8931116298985],[2.346486398279292,48.8938270103175],[2.347776483748532,48.89356022822213],[2.3481336019090113,48.89305834758237]]],"type":"Polygon"},"properties":{"id_bv":"18-8","arrondissement":"18","num_bv":8,"geo_point_2d":{"lon":2.3476325186545557,"lat":48.8923990706143},"created_user":null,"created_date":null,"last_edited_user":null,"last_edited_date":null,"st_area_shape":44498.70428781789,"st_perimeter_shape":934.6509660157124}},{"type":"Feature","geometry":{"coordinates":[[[2.279915263902324,48.87862330637778],[2.2815274707252073,48.87811059312256],[2.2831453234103156,48.87757586435964],[2.2832904459762173,48.87760305160286],[2.283273921031689,48.87753335807092],[2.283493927778051,48.877466887249625],[2.2833668939033345,48.87741024090005],[2.2845540388934413,48.8726627202582],[2.284557243374274,48.872652454504475],[2.284466037710746,48.87269757536535],[2.28047098534628,48.872233798895934],[2.2802038650904994,48.872810562780124],[2.281089543420902,48.873410026700746],[2.2791818004608912,48.87468223462296],[2.277087546569655,48.87597357871767],[2.2775323899377025,48.87789829937413],[2.278166205964377,48.87812486259613],[2.279788959264914,48.87861210704105],[2.2798921433360086,48.87863065791071],[2.279915263902324,48.87862330637778]]],"type":"Polygon"},"properties":{"id_bv":"16-54","arrondissement":"16","num_bv":54,"geo_point_2d":{"lon":2.2810357234370127,"lat":48.875598011282946},"created_user":null,"created_date":null,"last_edited_user":null,"last_edited_date":null,"st_area_shape":242960.31881169733,"st_perimeter_shape":2133.273996978949}},{"type":"Feature","geometry":{"coordinates":[[[2.3696603379308665,48.86848635863983],[2.369614348026456,48.868455801478966],[2.371222077644003,48.86590798719302],[2.370776075078159,48.865981111500915],[2.3697450285187593,48.86570936522034],[2.3687675446245793,48.86544637144699],[2.3681513437448385,48.866470281898714],[2.367819274993102,48.8663828121071],[2.3658304768380596,48.86673260212809],[2.3659199579507106,48.86690353113204],[2.365213249555672,48.8680827513598],[2.365432644939337,48.868170158810806],[2.367330603343728,48.868751682994755],[2.3679605542557494,48.86894988280075],[2.3679305098710017,48.86889682678245],[2.3681172242984228,48.86868367713698],[2.3681574555947145,48.86866812049694],[2.3696603379308665,48.86848635863983]]],"type":"Polygon"},"properties":{"id_bv":"11-22","arrondissement":"11","num_bv":22,"geo_point_2d":{"lon":2.3682559823141416,"lat":48.867275839494496},"created_user":null,"created_date":null,"last_edited_user":null,"last_edited_date":null,"st_area_shape":93999.83641504665,"st_perimeter_shape":1337.7942506296579}},{"type":"Feature","geometry":{"coordinates":[[[2.403097254585247,48.85457333963186],[2.4030686356215933,48.854580361072735],[2.403039424192589,48.85455832250852],[2.402621639414737,48.85395450496283],[2.401335942248831,48.85328512940844],[2.4009128860267577,48.85301427464423],[2.4007970486747063,48.852938142036194],[2.39992776225317,48.854044447968285],[2.3989737108520606,48.854906532815725],[2.3987623642930385,48.85508032595327],[2.398622977128022,48.855163291867164],[2.4004864034174735,48.855691730747594],[2.400488254141741,48.85588528949065],[2.4007286822553526,48.85602222241848],[2.401440505157486,48.85594583319977],[2.4023027529571714,48.85648556130692],[2.403015482041812,48.856384190598924],[2.403349931927181,48.855736554419316],[2.4038000564045356,48.85503842391047],[2.403099408861314,48.85459752755678],[2.403097254585247,48.85457333963186]]],"type":"Polygon"},"properties":{"id_bv":"20-45","arrondissement":"20","num_bv":45,"geo_point_2d":{"lon":2.401424786604847,"lat":48.854862859611266},"created_user":null,"created_date":null,"last_edited_user":null,"last_edited_date":null,"st_area_shape":76528.87935581052,"st_perimeter_shape":1171.9833709471334}},{"type":"Feature","geometry":{"coordinates":[[[2.303038682420736,48.88523721229699],[2.300936514384595,48.88230652893149],[2.3008987422220644,48.88229983405963],[2.3000887038740645,48.883710204479144],[2.3000918791486176,48.88387137022292],[2.300068200997538,48.88390310240053],[2.298138554310115,48.88462917618935],[2.298130044288572,48.8846540162594],[2.2982974626653596,48.8850865274204],[2.297534252123265,48.8855555662026],[2.2975425428517386,48.885568243277035],[2.297567147788853,48.88557008197391],[2.2975906807622586,48.88561074936962],[2.2982254747262654,48.8867511100001],[2.2996326230385304,48.88668406523183],[2.2998127552564784,48.88650655911844],[2.2998476478719256,48.886496283246714],[2.3009289577657666,48.88684590330468],[2.3009093318914777,48.886791997898584],[2.303038682420736,48.88523721229699]]],"type":"Polygon"},"properties":{"id_bv":"17-50","arrondissement":"17","num_bv":50,"geo_point_2d":{"lon":2.300357508256871,"lat":48.885065803187416},"created_user":null,"created_date":null,"last_edited_user":null,"last_edited_date":null,"st_area_shape":105560.98601974707,"st_perimeter_shape":1445.5568743047115}},{"type":"Feature","geometry":{"coordinates":[[[2.4111271383636064,48.84702384974728],[2.4111792185806906,48.8469794477727],[2.4107343331834823,48.84548994296883],[2.410755787984119,48.84545955961096],[2.41237991529721,48.845235057510706],[2.4124051735448577,48.845217358153526],[2.411705758569759,48.84416714484526],[2.408952716557036,48.84444176108966],[2.407922607873456,48.84453440850867],[2.4078986834852,48.844550934482236],[2.4078935666915746,48.84475891847207],[2.408411727117623,48.84508933747322],[2.4087645086173874,48.84522939780086],[2.408742000194359,48.845313281847794],[2.408754767996667,48.84532433416945],[2.4091261083646236,48.84545922297975],[2.4094261149803184,48.846658073529106],[2.409410850700749,48.8466794522704],[2.408607283272519,48.84674300271104],[2.4085769643416897,48.84675965906578],[2.40868367115454,48.84724407577504],[2.4111271383636064,48.84702384974728]]],"type":"Polygon"},"properties":{"id_bv":"12-36","arrondissement":"12","num_bv":36,"geo_point_2d":{"lon":2.410134955966232,"lat":48.845511585145445},"created_user":null,"created_date":null,"last_edited_user":null,"last_edited_date":null,"st_area_shape":59222.36112477815,"st_perimeter_shape":1297.7976111560222}},{"type":"Feature","geometry":{"coordinates":[[[2.3630636969444305,48.87416294796953],[2.3638398309729793,48.873973056970904],[2.3649068679618015,48.873698937712206],[2.3666410139034357,48.87267032670214],[2.3666399638992663,48.87262986987658],[2.3665461870944293,48.8725665504719],[2.3648845523582263,48.8724523549583],[2.3643130724550514,48.87199301019849],[2.363093837508531,48.87231578903943],[2.3630581453185275,48.87231344161036],[2.3626455456278066,48.87196712105827],[2.362612789944268,48.87196402379367],[2.362505415975289,48.87222462772885],[2.3617393611904585,48.87266846042782],[2.3615534479439897,48.873204348892386],[2.36263589424016,48.874266323082544],[2.3630636969444305,48.87416294796953]]],"type":"Polygon"},"properties":{"id_bv":"10-7","arrondissement":"10","num_bv":7,"geo_point_2d":{"lon":2.3637251939358586,"lat":48.87306137037288},"created_user":null,"created_date":null,"last_edited_user":null,"last_edited_date":null,"st_area_shape":54086.33728550473,"st_perimeter_shape":1010.8016905438301}},{"type":"Feature","geometry":{"coordinates":[[[2.3358735927201915,48.867005565093166],[2.337250976260346,48.86667904423451],[2.337187806941201,48.86659452207954],[2.3359393439687564,48.86689757871714],[2.335932237302413,48.866888725712066],[2.3355928304467346,48.866190739395456],[2.3355958382494735,48.866081992006144],[2.3351576870080764,48.864618787676015],[2.335407193894919,48.8641007828878],[2.3348037463225557,48.86398737010465],[2.3345218159051555,48.86370087884947],[2.3353192125364246,48.86328396959282],[2.335111806043125,48.86282556401668],[2.3350183178400266,48.86280465097756],[2.3313368829506227,48.86399162152852],[2.331362163641776,48.864029845626554],[2.3336654048262497,48.867511574880474],[2.3358735927201915,48.867005565093166]]],"type":"Polygon"},"properties":{"id_bv":"1-8","arrondissement":"1","num_bv":8,"geo_point_2d":{"lon":2.3338942559828535,"lat":48.865188190920065},"created_user":null,"created_date":null,"last_edited_user":null,"last_edited_date":null,"st_area_shape":100756.54035351463,"st_perimeter_shape":1654.6849885566057}},{"type":"Feature","geometry":{"coordinates":[[[2.294444023269171,48.88118563415971],[2.2954739911397026,48.88165409716378],[2.2955546947009235,48.881262327350925],[2.2947525212756403,48.879824424289474],[2.2942229180574425,48.878912042540755],[2.2916447974102385,48.87948073187405],[2.291237590968735,48.87981400701152],[2.2907353111577335,48.88024857559448],[2.290726554595826,48.880271587237836],[2.2913229170846914,48.8814609986796],[2.290978655596211,48.88163655421237],[2.2909718861146056,48.88166243750431],[2.291681464209584,48.88218470052218],[2.2916968834408515,48.88218854467652],[2.2916624906078646,48.88150060864362],[2.2917017940124698,48.88147760591153],[2.294444023269171,48.88118563415971]]],"type":"Polygon"},"properties":{"id_bv":"17-54","arrondissement":"17","num_bv":54,"geo_point_2d":{"lon":2.293054747292115,"lat":48.880407523851616},"created_user":null,"created_date":null,"last_edited_user":null,"last_edited_date":null,"st_area_shape":70900.18426467536,"st_perimeter_shape":1262.5367856338967}},{"type":"Feature","geometry":{"coordinates":[[[2.3213767227026967,48.839787459466585],[2.3217986612626036,48.84014152850306],[2.321874860427365,48.84012971830415],[2.322897854868272,48.83767961998765],[2.3228300711784535,48.83764917215464],[2.3200603737707026,48.83644356044965],[2.319361278500372,48.837161049363],[2.3197019090116204,48.837264673513545],[2.319705026489218,48.837632623404126],[2.318379700188897,48.83770850403124],[2.317658874083584,48.83858201783452],[2.317609763387568,48.83864159338679],[2.3198999732642656,48.84049153178973],[2.319977872922287,48.84049973529278],[2.3213767227026967,48.839787459466585]]],"type":"Polygon"},"properties":{"id_bv":"14-14","arrondissement":"14","num_bv":14,"geo_point_2d":{"lon":2.3203919851922765,"lat":48.83851788164547},"created_user":null,"created_date":null,"last_edited_user":null,"last_edited_date":null,"st_area_shape":99824.90091845935,"st_perimeter_shape":1368.1651942479712}},{"type":"Feature","geometry":{"coordinates":[[[2.3304324328600563,48.85444497563087],[2.3303311908635833,48.85426994587292],[2.3292937790554418,48.852606851778845],[2.32856639571838,48.85195978600968],[2.32865865875621,48.85188019527634],[2.3284823426839565,48.8518518267281],[2.3283798729158223,48.85181926414831],[2.3272126734715655,48.85162055900053],[2.3270112376071372,48.85149095831741],[2.3270396253516514,48.851451868216564],[2.3269594690914794,48.85145812746338],[2.3268981469062204,48.85141963894236],[2.3268181555594376,48.85143180690347],[2.3259938211793068,48.85439875830071],[2.324413426057747,48.85451161847479],[2.3243847035957774,48.85453388263183],[2.325797455996587,48.85610945154587],[2.325928195570224,48.85602138677532],[2.3276404579099306,48.8552557326086],[2.3304324328600563,48.85444497563087]]],"type":"Polygon"},"properties":{"id_bv":"7-7","arrondissement":"7","num_bv":7,"geo_point_2d":{"lon":2.3275518408345244,"lat":48.85385296963627},"created_user":null,"created_date":null,"last_edited_user":null,"last_edited_date":null,"st_area_shape":108737.09336668668,"st_perimeter_shape":1523.445557973666}},{"type":"Feature","geometry":{"coordinates":[[[2.3552770206053024,48.8231681493918],[2.355401095475479,48.82311893068857],[2.3555355242084075,48.82287182446674],[2.356538842665244,48.82291339508724],[2.3583463696249147,48.822945527356254],[2.358569714203202,48.822229569691444],[2.3586067945374625,48.82222167778008],[2.3585789201961327,48.822200117667016],[2.3591522553236306,48.82040222041607],[2.3568743121186824,48.820333100072695],[2.3563573347183637,48.82006720478202],[2.3554889418937104,48.820692710232585],[2.3544922364922583,48.82087617302312],[2.352240310546836,48.82087241792826],[2.352359499054306,48.821291062854996],[2.355145416323113,48.821256653329144],[2.3551709041395297,48.82216584706972],[2.3543330748521867,48.823045137148945],[2.3543406796162296,48.823122425782344],[2.3534700657940806,48.82348467884292],[2.353807960144184,48.8236718372601],[2.3541744869458974,48.82362044374901],[2.3550788854944775,48.82320058640439],[2.3552770206053024,48.8231681493918]]],"type":"Polygon"},"properties":{"id_bv":"13-43","arrondissement":"13","num_bv":43,"geo_point_2d":{"lon":2.3564498043864806,"lat":48.821664954779685},"created_user":null,"created_date":null,"last_edited_user":null,"last_edited_date":null,"st_area_shape":91925.43461227529,"st_perimeter_shape":1797.9912137076187}},{"type":"Feature","geometry":{"coordinates":[[[2.377010827408782,48.853283707231625],[2.3754452882735664,48.85331883257085],[2.3752471179599155,48.85327900178891],[2.375080728941517,48.853213752804265],[2.372653657543316,48.85476905973928],[2.37264687146589,48.854779724636124],[2.373039637499851,48.85494519344106],[2.3744288307512456,48.85552363523077],[2.3757500047294293,48.85602673403681],[2.3768160036154486,48.85639907562098],[2.376304899469998,48.855985652955304],[2.375603681164577,48.85576548208647],[2.377115184582968,48.85344009645504],[2.377010827408782,48.853283707231625]]],"type":"Polygon"},"properties":{"id_bv":"11-9","arrondissement":"11","num_bv":9,"geo_point_2d":{"lon":2.37509309608841,"lat":48.85450021279665},"created_user":null,"created_date":null,"last_edited_user":null,"last_edited_date":null,"st_area_shape":54451.35639446069,"st_perimeter_shape":1165.683539758507}},{"type":"Feature","geometry":{"coordinates":[[[2.295370426347934,48.854513328618914],[2.2942071240924835,48.85364708386807],[2.2963611773219004,48.85222617054374],[2.2964143192276927,48.85205651206121],[2.295131562162758,48.85115698690251],[2.294046390929047,48.85165966427738],[2.2940604489568,48.85184622068284],[2.292905390350067,48.85258279002674],[2.2923971024403356,48.85207112846464],[2.2915872553970646,48.85164026590806],[2.2911758234521327,48.85205609503244],[2.2928438315437467,48.85311780354053],[2.2939810961405693,48.853779344816594],[2.294092416192159,48.853920299822015],[2.295109941527488,48.854651902740414],[2.295370426347934,48.854513328618914]]],"type":"Polygon"},"properties":{"id_bv":"15-18","arrondissement":"15","num_bv":18,"geo_point_2d":{"lon":2.2941516731406506,"lat":48.85254262306913},"created_user":null,"created_date":null,"last_edited_user":null,"last_edited_date":null,"st_area_shape":51770.14564172301,"st_perimeter_shape":1378.2551561496264}},{"type":"Feature","geometry":{"coordinates":[[[2.3327720615412812,48.88375033924475],[2.3361926711960397,48.88272578293173],[2.336735637711765,48.882566789286734],[2.3367083115538883,48.882139570465114],[2.3370684893773603,48.881852270086526],[2.335940019604978,48.8810548490897],[2.335070864138301,48.880458820424415],[2.3335280112280157,48.88236011476556],[2.3322892689677754,48.88286419497977],[2.3325804464170643,48.88380235784163],[2.3327720615412812,48.88375033924475]]],"type":"Polygon"},"properties":{"id_bv":"9-13","arrondissement":"9","num_bv":13,"geo_point_2d":{"lon":2.3347562917987372,"lat":48.882255377909985},"created_user":null,"created_date":null,"last_edited_user":null,"last_edited_date":null,"st_area_shape":58334.6826750559,"st_perimeter_shape":1089.5524352866214}},{"type":"Feature","geometry":{"coordinates":[[[2.3852876004979486,48.87688585856957],[2.3855376048305654,48.87688706473191],[2.386181495650077,48.87688734716357],[2.3873822502424185,48.87669887007986],[2.3875452790437377,48.87644290728929],[2.3874205969947386,48.87616205997771],[2.3875265429571613,48.87612368348526],[2.3874205257650543,48.87587019394275],[2.387410203262964,48.87565759200223],[2.3874100106013274,48.87534614763795],[2.3874578251415652,48.87467205534088],[2.3868787867551897,48.87463325342404],[2.3864081360389093,48.87446418188349],[2.3854975294074996,48.87400943916942],[2.385328433816684,48.874091297129716],[2.3856787211505806,48.87426794110192],[2.384523357117605,48.876579144708565],[2.383612921506652,48.87671545941222],[2.383794698731774,48.8770945786457],[2.3852876004979486,48.87688585856957]]],"type":"Polygon"},"properties":{"id_bv":"19-15","arrondissement":"19","num_bv":15,"geo_point_2d":{"lon":2.3860236434082416,"lat":48.87580176255914},"created_user":null,"created_date":null,"last_edited_user":null,"last_edited_date":null,"st_area_shape":50986.53414971115,"st_perimeter_shape":1099.662610925776}},{"type":"Feature","geometry":{"coordinates":[[[2.3751589187680224,48.87371490911125],[2.37613481694027,48.87283987722268],[2.377004840021177,48.87205763697204],[2.3743809302259833,48.87112931693661],[2.3737826130301656,48.870881258153084],[2.372923676353533,48.87056977060258],[2.3728697656461883,48.87059552578752],[2.3726443648690534,48.870616166151635],[2.371853546298293,48.87174404627241],[2.3718499976857865,48.87175375847713],[2.371943865290405,48.871791526757235],[2.371512082208298,48.87228416099341],[2.3728627419552475,48.872050904546064],[2.374485205108369,48.872850074323615],[2.3750822978131274,48.873717913115016],[2.3751589187680224,48.87371490911125]]],"type":"Polygon"},"properties":{"id_bv":"10-12","arrondissement":"10","num_bv":12,"geo_point_2d":{"lon":2.3743208494709673,"lat":48.87198590948153},"created_user":null,"created_date":null,"last_edited_user":null,"last_edited_date":null,"st_area_shape":59144.15360875009,"st_perimeter_shape":1165.5715515251493}},{"type":"Feature","geometry":{"coordinates":[[[2.2621304744233766,48.840763767638],[2.261221056670205,48.83939182893322],[2.2612413046594386,48.83924889142717],[2.2613548005945887,48.838550295330556],[2.259902982257687,48.8378785016891],[2.2601446632650517,48.837033996215936],[2.2601251103456947,48.8370124449368],[2.257999925945142,48.83723877829739],[2.2579743768023177,48.837255000145944],[2.258088897705496,48.83809409432173],[2.260021176303073,48.83878888522992],[2.260035806210002,48.838810122730976],[2.2593866492209975,48.8396010380982],[2.2594054196260958,48.83962487260717],[2.2599114838665835,48.84026815831285],[2.2603238839612896,48.84041966421908],[2.2607770774850886,48.84113221672383],[2.2621304744233766,48.840763767638]]],"type":"Polygon"},"properties":{"id_bv":"16-45","arrondissement":"16","num_bv":45,"geo_point_2d":{"lon":2.2601222334380755,"lat":48.83896188088977},"created_user":null,"created_date":null,"last_edited_user":null,"last_edited_date":null,"st_area_shape":56867.53061215044,"st_perimeter_shape":1319.113245784986}},{"type":"Feature","geometry":{"coordinates":[[[2.375617722865592,48.829691722111036],[2.375604970820416,48.82967286408391],[2.374523978197849,48.82916600775692],[2.3732872388202852,48.82833906803211],[2.373178867245703,48.82843105175213],[2.3730612096171035,48.82837132919684],[2.3718047397325615,48.8297137878762],[2.3715355121190416,48.829632322210244],[2.3714594921129373,48.82975579399159],[2.372627555985765,48.83145522442808],[2.3729814547761605,48.83167019936823],[2.3729905803203284,48.83167328617794],[2.3745447135054416,48.83096713621484],[2.375617722865592,48.829691722111036]]],"type":"Polygon"},"properties":{"id_bv":"13-27","arrondissement":"13","num_bv":27,"geo_point_2d":{"lon":2.3734528160747987,"lat":48.830019368513376},"created_user":null,"created_date":null,"last_edited_user":null,"last_edited_date":null,"st_area_shape":61487.3878980986,"st_perimeter_shape":1009.022391171369}},{"type":"Feature","geometry":{"coordinates":[[[2.381114115600852,48.86409488932221],[2.3810962006933662,48.864041827207046],[2.3810305179099367,48.86387002876081],[2.379293016228219,48.863062074231166],[2.3781028147853203,48.86450734586131],[2.377846071028727,48.86443818486372],[2.3747747136201145,48.86504283522467],[2.3747470404447104,48.86505259331314],[2.3773361864217066,48.86566493100236],[2.379130677358252,48.86609003602949],[2.3799551718517153,48.86470119433641],[2.381114115600852,48.86409488932221]]],"type":"Polygon"},"properties":{"id_bv":"11-35","arrondissement":"11","num_bv":35,"geo_point_2d":{"lon":2.3785127443399894,"lat":48.86471989199131},"created_user":null,"created_date":null,"last_edited_user":null,"last_edited_date":null,"st_area_shape":59224.33147306139,"st_perimeter_shape":1238.39719052381}},{"type":"Feature","geometry":{"coordinates":[[[2.271181558267796,48.86653778055254],[2.2712857018188446,48.866666590203025],[2.271317204070963,48.866673321184344],[2.2745172667323668,48.86593123686322],[2.2747270691159565,48.865974925435175],[2.2758353817945784,48.865712028174336],[2.275868036392838,48.865717647042345],[2.2759463681737597,48.86550114343674],[2.2758439843723606,48.86521233126324],[2.2758015692108957,48.86422833806177],[2.274475265975617,48.86431778408797],[2.272910793039929,48.86416774331653],[2.2720484484682366,48.863961199899066],[2.2719206407231876,48.86392794948953],[2.2705760661839385,48.86343279180013],[2.269963261379074,48.86318733769114],[2.2696653555821777,48.86310912804307],[2.269447484289768,48.863075253343986],[2.268952063699883,48.86307873940437],[2.268461820140061,48.8630535872435],[2.268441500616851,48.86314451455781],[2.2683080737356174,48.86321738206221],[2.268195223408045,48.863164635635805],[2.2675731820476543,48.863640680703874],[2.267088463249141,48.86397698817832],[2.2670428587133675,48.86400862874789],[2.267036398883616,48.864078477055166],[2.2698132090100462,48.86687162443551],[2.2698477320269794,48.86688088791805],[2.271181558267796,48.86653778055254]]],"type":"Polygon"},"properties":{"id_bv":"16-56","arrondissement":"16","num_bv":56,"geo_point_2d":{"lon":2.271285509844527,"lat":48.864952067198914},"created_user":null,"created_date":null,"last_edited_user":null,"last_edited_date":null,"st_area_shape":164040.54963513682,"st_perimeter_shape":1755.2069517318719}},{"type":"Feature","geometry":{"coordinates":[[[2.415385526205511,48.854363300700946],[2.411571614135731,48.853669487135214],[2.4106211272828233,48.85349629734337],[2.4102603815847226,48.855479650958024],[2.4097611861570067,48.855545464463],[2.4101481636240774,48.85617575511698],[2.410574364553646,48.85622136832124],[2.4114087183640356,48.856979284493676],[2.4105335950528977,48.85701496619984],[2.410503294123482,48.85754671049471],[2.410509317309836,48.85755752421444],[2.410790735801539,48.857582625037296],[2.4106224502984954,48.858764689077326],[2.4115319594929345,48.85884630720733],[2.414567759847205,48.85901033277228],[2.414604361161184,48.859000291683714],[2.4154148515272515,48.85439374028774],[2.415385526205511,48.854363300700946]]],"type":"Polygon"},"properties":{"id_bv":"20-35","arrondissement":"20","num_bv":35,"geo_point_2d":{"lon":2.4127233501740157,"lat":48.85628534403383},"created_user":null,"created_date":null,"last_edited_user":null,"last_edited_date":null,"st_area_shape":183745.19483328573,"st_perimeter_shape":1924.6395646134224}},{"type":"Feature","geometry":{"coordinates":[[[2.3565599160074977,48.83961988675346],[2.3565831056103512,48.83960288309131],[2.3571391572923543,48.83964458582804],[2.35816170191471,48.83991117027721],[2.358567111014215,48.838988795513764],[2.3585878493723316,48.8389412817525],[2.3568583468237465,48.838390607289796],[2.355247599779489,48.837875263050854],[2.3544034770019944,48.837608117683686],[2.353225401659253,48.83891933443817],[2.3541289863009403,48.83904746925877],[2.3539321022014916,48.84065128877934],[2.354322956356805,48.8405419085386],[2.356013152373414,48.84099425833599],[2.3565599160074977,48.83961988675346]]],"type":"Polygon"},"properties":{"id_bv":"5-18","arrondissement":"5","num_bv":18,"geo_point_2d":{"lon":2.3556670168203304,"lat":48.83923837180375},"created_user":null,"created_date":null,"last_edited_user":null,"last_edited_date":null,"st_area_shape":76610.25862726664,"st_perimeter_shape":1316.9265037619714}},{"type":"Feature","geometry":{"coordinates":[[[2.3913257158543506,48.865126794886585],[2.3940600962403122,48.86504691913294],[2.3943985705366093,48.86506360633364],[2.395509525358773,48.865006654669955],[2.396032013991073,48.86500131805792],[2.3984417144047274,48.86490194677089],[2.398463205698416,48.864933821286996],[2.3985587083431485,48.864808592371034],[2.3976882362073337,48.86481234303339],[2.397245767844796,48.86485557800536],[2.395472116012667,48.86485011716948],[2.39294678653721,48.86410411997935],[2.3950039323605408,48.861981695762545],[2.3889343431393626,48.85983291294859],[2.388371273019986,48.860997282555154],[2.387446609943054,48.8629006428842],[2.3885846119576426,48.86329639286246],[2.388457034864634,48.86336737184982],[2.3890612127244664,48.86383370334662],[2.389151404919043,48.8639231922786],[2.3885457525452862,48.86417893275503],[2.3888738805468996,48.864441246915824],[2.388996427603682,48.864616263005],[2.3894217083862253,48.86439062304864],[2.389729341733171,48.864841690968376],[2.390613631815639,48.86498878279718],[2.3911846478598595,48.86513167666416],[2.3913257158543506,48.865126794886585]]],"type":"Polygon"},"properties":{"id_bv":"20-61","arrondissement":"20","num_bv":61,"geo_point_2d":{"lon":2.3911911481374877,"lat":48.86277975512957},"created_user":null,"created_date":null,"last_edited_user":null,"last_edited_date":null,"st_area_shape":205948.6507827321,"st_perimeter_shape":2631.7116635347734}},{"type":"Feature","geometry":{"coordinates":[[[2.314719633551828,48.887087911235255],[2.314573402262495,48.88696675375553],[2.3153870070245346,48.886261019441775],[2.315231339871369,48.886162658910216],[2.3152022493715294,48.88616990481706],[2.314898383673744,48.88641521801116],[2.314710579407627,48.88635646200576],[2.3140849808050614,48.886476830906844],[2.313795428315337,48.88633957523107],[2.31395424809491,48.88600005626786],[2.312993891291463,48.88554355042579],[2.3122611707332186,48.8850783393053],[2.3122523491236313,48.885060369445966],[2.3136350366616196,48.8839858226949],[2.3135882789904882,48.88387373341466],[2.3135090789634325,48.88386291451463],[2.3103353864194895,48.885392589873966],[2.3100212030732616,48.88563474683121],[2.311100607324206,48.886156043472965],[2.3113603994933984,48.886540896618946],[2.313843310000986,48.88735998239666],[2.3139224939473593,48.88738516141619],[2.3141454772989105,48.88733024606678],[2.314719633551828,48.887087911235255]]],"type":"Polygon"},"properties":{"id_bv":"17-13","arrondissement":"17","num_bv":13,"geo_point_2d":{"lon":2.3125541814330286,"lat":48.885948389379166},"created_user":null,"created_date":null,"last_edited_user":null,"last_edited_date":null,"st_area_shape":54674.767281205925,"st_perimeter_shape":1383.016329744761}},{"type":"Feature","geometry":{"coordinates":[[[2.3072015228542235,48.88520545262595],[2.30700419068781,48.8845801702763],[2.3048603334129036,48.88384239496207],[2.304781323468202,48.88381124104581],[2.3019267533029484,48.88320746418904],[2.301094356380232,48.88205720142068],[2.3010429305742797,48.882050610349516],[2.300914284055842,48.88227346906717],[2.300936514384595,48.88230652893149],[2.303038682420736,48.88523721229699],[2.3034597127708283,48.88535211765172],[2.304707320845053,48.887152187680236],[2.304767479441251,48.887154636939655],[2.3048823340855766,48.885989583293906],[2.3049272792157223,48.8856138182328],[2.304949296247313,48.88558612070942],[2.305947617411786,48.88522251749238],[2.3072015228542235,48.88520545262595]]],"type":"Polygon"},"properties":{"id_bv":"17-51","arrondissement":"17","num_bv":51,"geo_point_2d":{"lon":2.304198273911601,"lat":48.884640164828475},"created_user":null,"created_date":null,"last_edited_user":null,"last_edited_date":null,"st_area_shape":70317.01418509346,"st_perimeter_shape":1620.309386528235}},{"type":"Feature","geometry":{"coordinates":[[[2.400149430349511,48.878444621657614],[2.4000026719364023,48.87836637662938],[2.3984615859888123,48.87819276613518],[2.3979061898576446,48.87815186590908],[2.397907707947405,48.87698348738794],[2.3952649799379593,48.8760183900099],[2.3946999560094375,48.87622199745841],[2.395303047205354,48.87738612651215],[2.3953077401230227,48.877601162102664],[2.395725996228013,48.87770452065058],[2.3969285167897723,48.8781851563899],[2.3977884931584694,48.87836615248729],[2.3992116339828202,48.87872545148066],[2.400104861295431,48.87856847965648],[2.400149430349511,48.878444621657614]]],"type":"Polygon"},"properties":{"id_bv":"19-36","arrondissement":"19","num_bv":36,"geo_point_2d":{"lon":2.396821410257686,"lat":48.877374199172436},"created_user":null,"created_date":null,"last_edited_user":null,"last_edited_date":null,"st_area_shape":41725.519013282545,"st_perimeter_shape":1124.7128620021579}},{"type":"Feature","geometry":{"coordinates":[[[2.3172229126524533,48.82916742684692],[2.3138669293945924,48.8269289514235],[2.3138723836341635,48.82689478473782],[2.313825631760496,48.826901600904655],[2.3130133605421057,48.82636995178626],[2.310082588867177,48.82855766123557],[2.3133382200898227,48.83025228785951],[2.3139895633446983,48.830588980983414],[2.3172229126524533,48.82916742684692]]],"type":"Polygon"},"properties":{"id_bv":"14-49","arrondissement":"14","num_bv":49,"geo_point_2d":{"lon":2.313574249896313,"lat":48.82860786516387},"created_user":null,"created_date":null,"last_edited_user":null,"last_edited_date":null,"st_area_shape":120706.05027294585,"st_perimeter_shape":1416.5357352049177}},{"type":"Feature","geometry":{"coordinates":[[[2.348455003972896,48.8898729639922],[2.349533755927346,48.8894291513543],[2.34954902918832,48.88938896256246],[2.3494994566366225,48.88937358281211],[2.3481498761162927,48.888950818294916],[2.3481229975259437,48.888932180942085],[2.3476814557513586,48.886926179443236],[2.347655862658556,48.88692128526727],[2.3451694259109974,48.88644441526054],[2.3453891091754704,48.887327002990105],[2.345385456139517,48.88734606223604],[2.345156223580065,48.88753263135151],[2.345166987759327,48.88781521814466],[2.345644093122827,48.888734899734814],[2.346436661245766,48.88892598679578],[2.347977389729597,48.8890409763164],[2.348008847197787,48.8890547687869],[2.3480885620351817,48.88987779090638],[2.348455003972896,48.8898729639922]]],"type":"Polygon"},"properties":{"id_bv":"18-19","arrondissement":"18","num_bv":19,"geo_point_2d":{"lon":2.346852193671391,"lat":48.88802388063964},"created_user":null,"created_date":null,"last_edited_user":null,"last_edited_date":null,"st_area_shape":52989.86812077355,"st_perimeter_shape":1196.2653694398468}},{"type":"Feature","geometry":{"coordinates":[[[2.4063341560540574,48.847401156368605],[2.405792134344443,48.844922582265326],[2.405727037581697,48.8446802755213],[2.4057187434606977,48.84469030440962],[2.4022902032579347,48.844922173859324],[2.4022463773746607,48.84494521853502],[2.402268556540335,48.84499156974381],[2.4023130989460806,48.84509734160389],[2.402332964672632,48.84510553685254],[2.4025977043292754,48.84511472760332],[2.4031584246021027,48.84575267010195],[2.403465589257076,48.847705387756434],[2.4063291936034976,48.84744657249147],[2.4063341560540574,48.847401156368605]]],"type":"Polygon"},"properties":{"id_bv":"12-31","arrondissement":"12","num_bv":31,"geo_point_2d":{"lon":2.404570631356974,"lat":48.846153798628805},"created_user":null,"created_date":null,"last_edited_user":null,"last_edited_date":null,"st_area_shape":67309.2889083532,"st_perimeter_shape":1120.410180328804}},{"type":"Feature","geometry":{"coordinates":[[[2.3182750789451725,48.834019608293495],[2.3182308439009183,48.8339153167271],[2.317345988074477,48.83343691980179],[2.3172481890248364,48.83338554158728],[2.315943321018116,48.834240679895615],[2.315092958868362,48.83376567888432],[2.3137698910572078,48.83443545803245],[2.313657900058761,48.8343586673571],[2.313323828581158,48.83453955731228],[2.312904215111155,48.834777667689906],[2.3143462719988044,48.835955984431145],[2.3152901307484184,48.835566555414786],[2.3160807871630364,48.83521096235013],[2.317344185945764,48.83504069223589],[2.316977154138241,48.83481198931271],[2.3182750789451725,48.834019608293495]]],"type":"Polygon"},"properties":{"id_bv":"14-20","arrondissement":"14","num_bv":20,"geo_point_2d":{"lon":2.31551259882474,"lat":48.83465467454421},"created_user":null,"created_date":null,"last_edited_user":null,"last_edited_date":null,"st_area_shape":51717.8285666161,"st_perimeter_shape":1110.3137918874709}},{"type":"Feature","geometry":{"coordinates":[[[2.2858746437941053,48.840289811715145],[2.288956876099015,48.838485988731165],[2.2889429957857543,48.83846018508181],[2.288048424604664,48.838231986113556],[2.287672416750974,48.83813439249798],[2.2873219491138155,48.83818081527298],[2.2866594886050176,48.83799903986054],[2.283374017503993,48.83867842556245],[2.282938215686843,48.83910664650373],[2.2841945884723374,48.83958986880244],[2.285404498152151,48.84010480232554],[2.2858746437941053,48.840289811715145]]],"type":"Polygon"},"properties":{"id_bv":"15-87","arrondissement":"15","num_bv":87,"geo_point_2d":{"lon":2.285905254156092,"lat":48.8390021882508},"created_user":null,"created_date":null,"last_edited_user":null,"last_edited_date":null,"st_area_shape":59074.129750450316,"st_perimeter_shape":1046.961445747092}},{"type":"Feature","geometry":{"coordinates":[[[2.3091974967232454,48.83957839442268],[2.3081611584161874,48.83915810525014],[2.308329349281982,48.83825239076444],[2.307865007279924,48.83775877001181],[2.3078752285284914,48.83773351546768],[2.3078360492085204,48.83772855357453],[2.307801871510375,48.83769229463098],[2.3076984031073597,48.83777510257084],[2.307617237686606,48.83777923935952],[2.3076513332178106,48.83781614002846],[2.3076415516681923,48.83782602775276],[2.3071614264981,48.83821810198505],[2.3062254241665348,48.83911935435404],[2.304986323835356,48.8406088062197],[2.3078067916619642,48.84143395805634],[2.3091974967232454,48.83957839442268]]],"type":"Polygon"},"properties":{"id_bv":"15-41","arrondissement":"15","num_bv":41,"geo_point_2d":{"lon":2.307226684870642,"lat":48.83979945738415},"created_user":null,"created_date":null,"last_edited_user":null,"last_edited_date":null,"st_area_shape":63798.26369369869,"st_perimeter_shape":1113.0910246483231}},{"type":"Feature","geometry":{"coordinates":[[[2.3325804464170643,48.88380235784163],[2.3322892689677754,48.88286419497977],[2.3319119526746253,48.88213978257102],[2.3310584504465184,48.88277959507227],[2.3296985364169203,48.8829104951679],[2.3281276233492574,48.881840578208795],[2.327106012327189,48.88178590793771],[2.327177366844679,48.883465492009556],[2.3274459830142877,48.883517760420936],[2.3278021244256895,48.883589193381745],[2.3281423670584553,48.8836972764432],[2.3294271843033605,48.88453437300854],[2.3294788039571537,48.88453949870673],[2.3325804464170643,48.88380235784163]]],"type":"Polygon"},"properties":{"id_bv":"9-15","arrondissement":"9","num_bv":15,"geo_point_2d":{"lon":2.3296609377871738,"lat":48.88322346908603},"created_user":null,"created_date":null,"last_edited_user":null,"last_edited_date":null,"st_area_shape":70312.80299813168,"st_perimeter_shape":1268.4127903014316}},{"type":"Feature","geometry":{"coordinates":[[[2.287230217498546,48.844260843381306],[2.287857920110392,48.84335168010868],[2.287773260904998,48.84323411434072],[2.2888010787960433,48.84286593455093],[2.289494604046464,48.84258338458211],[2.2884034348704687,48.841948539367465],[2.288905011031359,48.84164127550176],[2.2876349223983006,48.84125241491277],[2.2857468774671017,48.84207025778147],[2.285570810719825,48.84216811725908],[2.2858738179340365,48.84253543641912],[2.2861905628583363,48.84287320963286],[2.286303126886568,48.84353213081497],[2.286319784220468,48.84374132158367],[2.286427127679234,48.84386481198244],[2.2870361108370028,48.84453836561791],[2.287230217498546,48.844260843381306]]],"type":"Polygon"},"properties":{"id_bv":"15-92","arrondissement":"15","num_bv":92,"geo_point_2d":{"lon":2.287359326733765,"lat":48.84262232361181},"created_user":null,"created_date":null,"last_edited_user":null,"last_edited_date":null,"st_area_shape":49180.88348423829,"st_perimeter_shape":1038.3282843738427}},{"type":"Feature","geometry":{"coordinates":[[[2.3598282973444573,48.88775939206103],[2.3594828230136526,48.88605954540921],[2.3593510968203235,48.885371610192685],[2.359300896917328,48.88446609204765],[2.3593661370077452,48.88442741571356],[2.3585599521470026,48.88438762804774],[2.3542101758603713,48.88408705880719],[2.3541301901641414,48.88412802254909],[2.3540769806630153,48.88455412868518],[2.354104535810099,48.884575268558685],[2.3552880495145936,48.884882234224904],[2.355185614114114,48.88512808041709],[2.3551539761364095,48.88513848521907],[2.3539821070358524,48.885125465327164],[2.3544693175821383,48.88621011876014],[2.3567868898494595,48.886220435634],[2.3567985375039955,48.88623830127501],[2.3564586077539857,48.88783929664461],[2.3598282973444573,48.88775939206103]]],"type":"Polygon"},"properties":{"id_bv":"18-58","arrondissement":"18","num_bv":58,"geo_point_2d":{"lon":2.3572396369968116,"lat":48.88583940976471},"created_user":null,"created_date":null,"last_edited_user":null,"last_edited_date":null,"st_area_shape":118395.11422500058,"st_perimeter_shape":1748.1874183856985}},{"type":"Feature","geometry":{"coordinates":[[[2.28888557930193,48.87573484656947],[2.288977989354159,48.87577828510067],[2.2890168287541326,48.87569945285061],[2.292975361790711,48.87443070512046],[2.295008624265062,48.87379142210401],[2.2951706656433224,48.87361371109367],[2.2951405394121203,48.873536603905556],[2.2933206074745383,48.87279116653775],[2.2924676201921628,48.87170852524959],[2.2917908471318773,48.87104210491887],[2.2906551774678663,48.871926358579245],[2.2888739970454273,48.87116238045839],[2.286737548244009,48.87292793994273],[2.2881332095796805,48.87309429530412],[2.28704982337357,48.87605381938145],[2.287232234093462,48.876267309445154],[2.28888557930193,48.87573484656947]]],"type":"Polygon"},"properties":{"id_bv":"16-68","arrondissement":"16","num_bv":68,"geo_point_2d":{"lon":2.290381463664291,"lat":48.87350547467527},"created_user":null,"created_date":null,"last_edited_user":null,"last_edited_date":null,"st_area_shape":183803.27452570127,"st_perimeter_shape":2060.1751135005316}},{"type":"Feature","geometry":{"coordinates":[[[2.3115270838799113,48.87308329332649],[2.3107733150955867,48.87286222408005],[2.310760392657803,48.872822182016435],[2.3125211514505373,48.872220874592],[2.3125318701517927,48.872184818565884],[2.311988492393512,48.87146543935223],[2.3119857363656218,48.87143659597081],[2.312889912186545,48.87042763624],[2.312869872038193,48.87038937193526],[2.3121988796082205,48.87003898737191],[2.31201620115317,48.86994850221969],[2.310121735122667,48.86896944800501],[2.306367466185059,48.870182114806774],[2.30268921112116,48.87136162381641],[2.302666850910107,48.87143690354247],[2.306252274832724,48.87323501554731],[2.306553506011247,48.87369056441683],[2.306969553355263,48.873723085646475],[2.3076103438187814,48.87412016758107],[2.3087196971101824,48.87370288508701],[2.309768451436282,48.8744146967375],[2.31016172016175,48.8741563869155],[2.310569302347914,48.87392070558411],[2.3115270838799113,48.87308329332649]]],"type":"Polygon"},"properties":{"id_bv":"8-13","arrondissement":"8","num_bv":13,"geo_point_2d":{"lon":2.308460795452117,"lat":48.87162459317084},"created_user":null,"created_date":null,"last_edited_user":null,"last_edited_date":null,"st_area_shape":247832.86779852211,"st_perimeter_shape":2195.2451972190465}},{"type":"Feature","geometry":{"coordinates":[[[2.344898302960922,48.89355314028822],[2.3443112487328035,48.89252367749495],[2.3438559232291003,48.892589965460864],[2.3425033138574647,48.89335875518107],[2.3417515506443207,48.89325805329495],[2.341480198299381,48.894227632100886],[2.343182390951196,48.89462395468953],[2.343193232601034,48.89464537842263],[2.343109526140925,48.89482445882244],[2.345268596175459,48.89425074826217],[2.345293210661334,48.89422678912395],[2.344898302960922,48.89355314028822]]],"type":"Polygon"},"properties":{"id_bv":"18-9","arrondissement":"18","num_bv":9,"geo_point_2d":{"lon":2.343445580328963,"lat":48.89375611188915},"created_user":null,"created_date":null,"last_edited_user":null,"last_edited_date":null,"st_area_shape":41408.84491534194,"st_perimeter_shape":863.2199823931087}},{"type":"Feature","geometry":{"coordinates":[[[2.287593455104688,48.85568156078532],[2.2911758234521327,48.85205609503244],[2.2915872553970646,48.85164026590806],[2.2921239665511677,48.85109505779344],[2.291907684697447,48.85096954379594],[2.2880751242052755,48.85235119416722],[2.287902913969115,48.85216214178738],[2.284579933091599,48.853487432821936],[2.2845665095484495,48.8535937936501],[2.287489904986714,48.85568553186717],[2.287593455104688,48.85568156078532]]],"type":"Polygon"},"properties":{"id_bv":"15-15","arrondissement":"15","num_bv":15,"geo_point_2d":{"lon":2.288090598788511,"lat":48.8533543332155},"created_user":null,"created_date":null,"last_edited_user":null,"last_edited_date":null,"st_area_shape":106859.21913019544,"st_perimeter_shape":1595.6966134705965}},{"type":"Feature","geometry":{"coordinates":[[[2.321458247753346,48.84690299397472],[2.3228117641336374,48.84757572550822],[2.3228329420373544,48.845874204887245],[2.3203838583904166,48.845152994359616],[2.3202447786718183,48.84512694287401],[2.3201013282665146,48.845176786156415],[2.319173233908245,48.84551156366462],[2.3166987041061007,48.84676667832941],[2.3167012083503793,48.84686626914721],[2.318131548904953,48.84737343727649],[2.319281129721216,48.84782218624213],[2.319504043560942,48.84791091993905],[2.320212935134178,48.8482493116735],[2.321458247753346,48.84690299397472]]],"type":"Polygon"},"properties":{"id_bv":"6-16","arrondissement":"6","num_bv":16,"geo_point_2d":{"lon":2.320105738681399,"lat":48.846579702338104},"created_user":null,"created_date":null,"last_edited_user":null,"last_edited_date":null,"st_area_shape":87183.21898898276,"st_perimeter_shape":1326.4810108407441}},{"type":"Feature","geometry":{"coordinates":[[[2.3735642152993472,48.89384159667426],[2.3743916584996065,48.89469505242814],[2.3744115875723204,48.894680459882544],[2.377602917853159,48.8942973338205],[2.377610758615607,48.894267473143316],[2.376783384233219,48.89350357968035],[2.3766465039120064,48.89351371302413],[2.3733989284792556,48.89373514019381],[2.370737698840192,48.894444096895064],[2.3704705523035763,48.89451739652936],[2.3704491629480553,48.894569423877556],[2.3705246439349676,48.89465153723634],[2.3717305261647357,48.89537878022217],[2.37174246931872,48.89543729043675],[2.371659178877715,48.895497846076424],[2.3723023803475134,48.89570625813323],[2.3735642152993472,48.89384159667426]]],"type":"Polygon"},"properties":{"id_bv":"19-43","arrondissement":"19","num_bv":43,"geo_point_2d":{"lon":2.3738987053641982,"lat":48.89434387671719},"created_user":null,"created_date":null,"last_edited_user":null,"last_edited_date":null,"st_area_shape":48699.94578720756,"st_perimeter_shape":1373.3049263953094}},{"type":"Feature","geometry":{"coordinates":[[[2.3120350249441173,48.8413801260292],[2.310228980902331,48.84001277095646],[2.309526924519341,48.83950020668324],[2.3095232400572248,48.83947719034647],[2.310557736560671,48.83895998606428],[2.3111262187198043,48.838158171578286],[2.310925208472268,48.83787623852742],[2.3095753280406495,48.837923131873815],[2.3095491908598738,48.83791253482081],[2.3094455969052774,48.83767334731383],[2.3078752285284914,48.83773351546768],[2.307865007279924,48.83775877001181],[2.308329349281982,48.83825239076444],[2.3081611584161874,48.83915810525014],[2.3091974967232454,48.83957839442268],[2.309334944586831,48.839633534270334],[2.3103678395320255,48.84137951827271],[2.3120350249441173,48.8413801260292]]],"type":"Polygon"},"properties":{"id_bv":"15-40","arrondissement":"15","num_bv":40,"geo_point_2d":{"lon":2.309771211385818,"lat":48.83920080521631},"created_user":null,"created_date":null,"last_edited_user":null,"last_edited_date":null,"st_area_shape":47664.35485327837,"st_perimeter_shape":1354.886771776408}},{"type":"Feature","geometry":{"coordinates":[[[2.2939562934071165,48.87845048189899],[2.293901215439308,48.87845281549608],[2.2924480356653905,48.87740718084634],[2.2922252915498866,48.87713637231779],[2.2921943239493654,48.87713007370735],[2.2915409032365375,48.87810766813699],[2.291509028288204,48.87812102355208],[2.2904375765364913,48.87778794657642],[2.2904204601683547,48.87776315823946],[2.2912901283428746,48.87686926193399],[2.2912867319995947,48.87684230387593],[2.2888942366323777,48.87593990114805],[2.2881079542018443,48.87765784987889],[2.2881381180739333,48.87767555469579],[2.2898713114216056,48.87778676345601],[2.2898996457294283,48.877808099297155],[2.289527342857598,48.878346464616],[2.289535858188536,48.87837633455579],[2.2913194521452316,48.879131078886964],[2.2913948774344393,48.87919890381912],[2.2940019640346403,48.87858658651219],[2.294023674898181,48.87855895375137],[2.2939497763475822,48.87849379160602],[2.2939562934071165,48.87845048189899]]],"type":"Polygon"},"properties":{"id_bv":"17-65","arrondissement":"17","num_bv":65,"geo_point_2d":{"lon":2.290785408317547,"lat":48.87773686409509},"created_user":null,"created_date":null,"last_edited_user":null,"last_edited_date":null,"st_area_shape":65209.454899078795,"st_perimeter_shape":1520.7971208029173}},{"type":"Feature","geometry":{"coordinates":[[[2.3269685541987712,48.89167828527818],[2.3268985041437995,48.891649049289825],[2.3253360773450984,48.8909963818253],[2.3248703386452543,48.89105631934713],[2.322237067890615,48.891895837297966],[2.322290036995828,48.89196691488552],[2.3223191274830968,48.8919564881675],[2.324136122569942,48.892289689559554],[2.324333978536406,48.89221532488297],[2.3273597611710897,48.89283655153156],[2.3269685541987712,48.89167828527818]]],"type":"Polygon"},"properties":{"id_bv":"17-32","arrondissement":"17","num_bv":32,"geo_point_2d":{"lon":2.3251907111507033,"lat":48.89187407405796},"created_user":null,"created_date":null,"last_edited_user":null,"last_edited_date":null,"st_area_shape":38112.84696388424,"st_perimeter_shape":921.4954484620614}},{"type":"Feature","geometry":{"coordinates":[[[2.2585900449747975,48.84532372318361],[2.2604797887393207,48.845283984670466],[2.262194860748468,48.84523857851403],[2.262204205648955,48.84522203288795],[2.2620872148423246,48.845060598512475],[2.2612462117467795,48.843832776568185],[2.261676424142806,48.842773174653075],[2.261454041582154,48.84248620830649],[2.2604473790046704,48.84294546255545],[2.2604102286091123,48.84294455835389],[2.2602074729483737,48.84275726517646],[2.259329270482286,48.8432277307536],[2.2588905569010946,48.843512897921634],[2.2588537195852845,48.843517642330184],[2.2577815264333037,48.84279048952273],[2.257571942117018,48.842877897630494],[2.257683712759216,48.843051792236864],[2.2585426645803035,48.84419908918147],[2.257641865857418,48.845333323204656],[2.257657880103516,48.84536295248206],[2.2585900449747975,48.84532372318361]]],"type":"Polygon"},"properties":{"id_bv":"16-50","arrondissement":"16","num_bv":50,"geo_point_2d":{"lon":2.2599370114649977,"lat":48.84415903311525},"created_user":null,"created_date":null,"last_edited_user":null,"last_edited_date":null,"st_area_shape":66718.40496948811,"st_perimeter_shape":1352.1008113958112}},{"type":"Feature","geometry":{"coordinates":[[[2.378248085645829,48.888714277291385],[2.3782098502850535,48.88870543265863],[2.376907312033061,48.88797462566797],[2.3755633240158662,48.88758101041549],[2.3753773853024844,48.88727289717792],[2.3746450858378005,48.88692796557168],[2.37356497926135,48.887648405085635],[2.373558931557816,48.88766990236039],[2.3736321765890342,48.88777217533807],[2.3743244531655465,48.8882651553839],[2.374311667335248,48.88828143557295],[2.373849097665842,48.88845139623058],[2.3735630345203,48.88887130928552],[2.3735665408979387,48.88889306426438],[2.3743674556166083,48.88943283695451],[2.3746214898300275,48.8892680645267],[2.37486888489431,48.8891316925639],[2.3759278974506346,48.88971101576652],[2.376039822767968,48.88977417387218],[2.3760463963900187,48.889792941901824],[2.378248085645829,48.888714277291385]]],"type":"Polygon"},"properties":{"id_bv":"19-54","arrondissement":"19","num_bv":54,"geo_point_2d":{"lon":2.3755695095107816,"lat":48.88845353141865},"created_user":null,"created_date":null,"last_edited_user":null,"last_edited_date":null,"st_area_shape":57417.25960401264,"st_perimeter_shape":1084.6615637932146}},{"type":"Feature","geometry":{"coordinates":[[[2.321647955428338,48.8857718354187],[2.321726936104815,48.88538954309771],[2.323021453987748,48.884330791819934],[2.3234952850868456,48.88426846009443],[2.325270618933786,48.88522760673665],[2.3273335143036964,48.883606952024515],[2.3274459830142877,48.883517760420936],[2.327177366844679,48.883465492009556],[2.3270386408986847,48.88343977026874],[2.3270255874053967,48.883402264011444],[2.326974585373109,48.88342774407468],[2.3268958727614137,48.88341166129734],[2.3256239413167337,48.88410343004808],[2.3231719339760346,48.88354348627419],[2.3214711303769153,48.884564922527],[2.321450536005057,48.88459225700226],[2.3196278592692776,48.88570863483403],[2.3207142280344217,48.88634061469812],[2.321647955428338,48.8857718354187]]],"type":"Polygon"},"properties":{"id_bv":"17-1","arrondissement":"17","num_bv":1,"geo_point_2d":{"lon":2.323296898062568,"lat":48.88466075871852},"created_user":null,"created_date":null,"last_edited_user":null,"last_edited_date":null,"st_area_shape":52802.63461484064,"st_perimeter_shape":1557.3382977163185}},{"type":"Feature","geometry":{"coordinates":[[[2.370875442765296,48.831710074870266],[2.371801358857645,48.83211033684643],[2.372405457280633,48.83162740277975],[2.3729814547761605,48.83167019936823],[2.372627555985765,48.83145522442808],[2.3714594921129373,48.82975579399159],[2.3715355121190416,48.829632322210244],[2.3710982527350932,48.82949517645712],[2.369894003828986,48.82953496569199],[2.369536741118157,48.82958371929799],[2.3684976968002527,48.8290692011382],[2.36847838624887,48.82906649189204],[2.368288070278501,48.82916297599258],[2.368209280129324,48.829107097331445],[2.367214915206532,48.829776563273406],[2.367251085730462,48.8299741513602],[2.367060838380162,48.83021094111409],[2.367483957924574,48.83040237846656],[2.3673457006547434,48.83055978356618],[2.3675042680491325,48.83064834326939],[2.3681346104794434,48.830640210861304],[2.369503887162951,48.830945110756375],[2.3691869591744545,48.831184899800206],[2.3697911167322006,48.83159799149831],[2.370927067809437,48.83260955457989],[2.3710165944536117,48.832535917432004],[2.3706169295721407,48.83186086290846],[2.370619213614468,48.83183969207957],[2.370875442765296,48.831710074870266]]],"type":"Polygon"},"properties":{"id_bv":"13-28","arrondissement":"13","num_bv":28,"geo_point_2d":{"lon":2.370037503219558,"lat":48.830568050842814},"created_user":null,"created_date":null,"last_edited_user":null,"last_edited_date":null,"st_area_shape":76218.73378694513,"st_perimeter_shape":1462.9021907003973}},{"type":"Feature","geometry":{"coordinates":[[[2.284297078718395,48.8668591313606],[2.2833211132101154,48.86549352325398],[2.2813662447225824,48.864741243025705],[2.281327004957052,48.86456041759483],[2.279420322144441,48.86381988493906],[2.2774707536906504,48.864036739924046],[2.2774231040812483,48.864025226524866],[2.279159370342405,48.865489661747816],[2.2799358923499176,48.86626379820626],[2.2802141421662943,48.866663270742855],[2.2810701394404935,48.867865385096046],[2.284297078718395,48.8668591313606]]],"type":"Polygon"},"properties":{"id_bv":"16-52","arrondissement":"16","num_bv":52,"geo_point_2d":{"lon":2.2810816867195447,"lat":48.86576387771419},"created_user":null,"created_date":null,"last_edited_user":null,"last_edited_date":null,"st_area_shape":102325.46070843308,"st_perimeter_shape":1433.6756330307305}},{"type":"Feature","geometry":{"coordinates":[[[2.38519978011648,48.85000978874491],[2.3851306089109023,48.84996340437673],[2.386079795589817,48.84866458401407],[2.3859004633340346,48.84850486913604],[2.385894316237622,48.848478147435955],[2.3871130732380443,48.846910337355745],[2.387173469828539,48.84687799023103],[2.3861496807156386,48.84631886599607],[2.3852327400169697,48.8458259806315],[2.3849459716616805,48.84586740781044],[2.3847047200711806,48.84574788566002],[2.3845631077190177,48.84542373404412],[2.38451901679332,48.845441400831845],[2.3834646961586143,48.844894702726435],[2.3833972102482894,48.84492770490258],[2.384340234513652,48.85013198618082],[2.384394993888553,48.85013708847574],[2.38519978011648,48.85000978874491]]],"type":"Polygon"},"properties":{"id_bv":"12-12","arrondissement":"12","num_bv":12,"geo_point_2d":{"lon":2.385001821236394,"lat":48.84748121343351},"created_user":null,"created_date":null,"last_edited_user":null,"last_edited_date":null,"st_area_shape":80809.14892097365,"st_perimeter_shape":1415.7803249647563}},{"type":"Feature","geometry":{"coordinates":[[[2.387129276206821,48.85511436883447],[2.385424384767332,48.854724916386026],[2.3853573738852476,48.85470119359651],[2.385447616275892,48.85490068137603],[2.3824366851174723,48.856650557807576],[2.3822654618554457,48.85656686291789],[2.382399369618516,48.85676334585392],[2.3814515031938845,48.857972438308764],[2.3836791839121636,48.858532678857514],[2.387129276206821,48.85511436883447]]],"type":"Polygon"},"properties":{"id_bv":"11-3","arrondissement":"11","num_bv":3,"geo_point_2d":{"lon":2.3841974998699014,"lat":48.85667763241118},"created_user":null,"created_date":null,"last_edited_user":null,"last_edited_date":null,"st_area_shape":73780.72014041635,"st_perimeter_shape":1278.0640424033422}},{"type":"Feature","geometry":{"coordinates":[[[2.3098139683200745,48.85710222217968],[2.305900404338388,48.85465857801947],[2.3055987853214073,48.85521315139137],[2.3071636777411606,48.855639087772936],[2.307040809540309,48.85659277370143],[2.306424916036976,48.85775495049942],[2.306442036166208,48.85776857692],[2.3068847924835607,48.85787297167741],[2.309314123421385,48.85799356906608],[2.3093319750600467,48.858016953682835],[2.30930778318067,48.858127101847636],[2.3088688944398013,48.85979732835414],[2.3088942423243757,48.859808853355375],[2.3100947456000087,48.85990074494031],[2.310172794617879,48.85984549797013],[2.3101701928543186,48.85981861121594],[2.309900777754625,48.85715652584729],[2.3098139683200745,48.85710222217968]]],"type":"Polygon"},"properties":{"id_bv":"7-16","arrondissement":"7","num_bv":16,"geo_point_2d":{"lon":2.3083507914398567,"lat":48.85739612663238},"created_user":null,"created_date":null,"last_edited_user":null,"last_edited_date":null,"st_area_shape":62171.43303733978,"st_perimeter_shape":1655.1560340935248}},{"type":"Feature","geometry":{"coordinates":[[[2.368946396400891,48.83522377840069],[2.3709353286733883,48.83302003209605],[2.3714386505968177,48.83257234372002],[2.3731135842005107,48.83179519112131],[2.3729905803203284,48.83167328617794],[2.3729814547761605,48.83167019936823],[2.372405457280633,48.83162740277975],[2.371801358857645,48.83211033684643],[2.370875442765296,48.831710074870266],[2.370619213614468,48.83183969207957],[2.3706169295721407,48.83186086290846],[2.3710165944536117,48.832535917432004],[2.370927067809437,48.83260955457989],[2.3685153116827014,48.832554461683365],[2.3689854516862585,48.832194164462216],[2.3683163741150346,48.83176600697296],[2.368289986482663,48.83176985181066],[2.3675704523253316,48.8322298784225],[2.3675418457960706,48.832223458550914],[2.3675404681113403,48.83223999786404],[2.366303732430673,48.8330202270155],[2.3662339496021274,48.833128782528696],[2.3661883283936658,48.8332344387561],[2.366618569730265,48.83319490895244],[2.36743672586265,48.833648445427144],[2.3662781616014943,48.83431453713173],[2.3662966884036267,48.834362367439496],[2.368910327759914,48.83523232185237],[2.3689321345437153,48.83523957967898],[2.368946396400891,48.83522377840069]]],"type":"Polygon"},"properties":{"id_bv":"13-32","arrondissement":"13","num_bv":32,"geo_point_2d":{"lon":2.3688939766425396,"lat":48.833350728190645},"created_user":null,"created_date":null,"last_edited_user":null,"last_edited_date":null,"st_area_shape":82875.29336701221,"st_perimeter_shape":1801.3105199495674}},{"type":"Feature","geometry":{"coordinates":[[[2.3611576709599316,48.855454790186634],[2.361135653822677,48.85528334620905],[2.3611559417339603,48.85522877935506],[2.3616445674736966,48.85509509665871],[2.361975678963257,48.855435572725504],[2.362002126599067,48.85544454177315],[2.3633167295334636,48.8550673984599],[2.3629384953431996,48.85456106851879],[2.3627569611591484,48.85463175413974],[2.362714422090614,48.854630491533975],[2.3623612781744767,48.85425420277227],[2.3617036290662368,48.8534614831025],[2.361541163758397,48.853353944974295],[2.3609534205405476,48.852806541332455],[2.3604352119713,48.85238463776726],[2.3603128464336325,48.85242687741467],[2.3602621250951317,48.85242176051738],[2.3601242457098537,48.85225596212778],[2.3601522630481155,48.852215962097645],[2.3602952798748897,48.85216387807099],[2.3603210953990614,48.852126820605115],[2.3600453518905895,48.85177428589266],[2.358722291813074,48.8523087788751],[2.3574070945102243,48.852765639247636],[2.3573728800371367,48.85282624641276],[2.3597963934533195,48.8555533396597],[2.3601133459034584,48.855478217811616],[2.3601437307886757,48.85549128328679],[2.360222470718769,48.85567944927687],[2.360259561046383,48.85568409487135],[2.3611576709599316,48.855454790186634]]],"type":"Polygon"},"properties":{"id_bv":"4-4","arrondissement":"4","num_bv":4,"geo_point_2d":{"lon":2.3601975261766137,"lat":48.85386140077078},"created_user":null,"created_date":null,"last_edited_user":null,"last_edited_date":null,"st_area_shape":92864.34668833196,"st_perimeter_shape":1404.0751940603975}},{"type":"Feature","geometry":{"coordinates":[[[2.318447611496295,48.84143970932351],[2.3202392307055737,48.841957179329725],[2.3203135668270116,48.841950962591525],[2.3214158715933753,48.8410767373258],[2.3214898309664718,48.840986631093934],[2.321541286183411,48.84091675974118],[2.321874860427365,48.84012971830415],[2.3217986612626036,48.84014152850306],[2.3213767227026967,48.839787459466585],[2.319977872922287,48.84049973529278],[2.3198999732642656,48.84049153178973],[2.317609763387568,48.83864159338679],[2.317658874083584,48.83858201783452],[2.3175395598527984,48.83858267542912],[2.3172630817296134,48.83834114422112],[2.31623033445168,48.839317040431],[2.3149271553269113,48.84039059690997],[2.3140482662982955,48.84066495163519],[2.313539015609861,48.84116580031506],[2.3136765607043537,48.84132772557162],[2.3140000011071526,48.841576904956895],[2.3149198299253033,48.84200429130993],[2.315967057139206,48.842561150319455],[2.3166622747797803,48.84313963476482],[2.3167395144142913,48.843131410556865],[2.3175203793409045,48.842394556759444],[2.3176234478728714,48.84190282629388],[2.318447611496295,48.84143970932351]]],"type":"Polygon"},"properties":{"id_bv":"15-36","arrondissement":"15","num_bv":36,"geo_point_2d":{"lon":2.317497645892346,"lat":48.84081248641401},"created_user":null,"created_date":null,"last_edited_user":null,"last_edited_date":null,"st_area_shape":143387.47667064721,"st_perimeter_shape":1877.9350903216546}},{"type":"Feature","geometry":{"coordinates":[[[2.395100328518742,48.84557567435741],[2.3971981692821056,48.84305402976661],[2.397175792624204,48.84301720251622],[2.395196126802143,48.84299595944479],[2.394777991747937,48.84361389999451],[2.3934429011351104,48.84559054537249],[2.3946147828972904,48.84613625840303],[2.395100328518742,48.84557567435741]]],"type":"Polygon"},"properties":{"id_bv":"12-7","arrondissement":"12","num_bv":7,"geo_point_2d":{"lon":2.39519603527187,"lat":48.84438257219081},"created_user":null,"created_date":null,"last_edited_user":null,"last_edited_date":null,"st_area_shape":42600.134478501575,"st_perimeter_shape":962.5550819852401}},{"type":"Feature","geometry":{"coordinates":[[[2.351075227912586,48.87536043497272],[2.34873374513677,48.8759096277684],[2.348241588728115,48.875797018883254],[2.348284130411281,48.87594435036902],[2.348654456327716,48.87662630942789],[2.349082594068263,48.87743031335495],[2.3490521352438263,48.877434468138375],[2.349056787975847,48.87744380604703],[2.3491133546999734,48.87746866904898],[2.3491348036738517,48.87742316422639],[2.3555738209756973,48.87653466921352],[2.3552964080507586,48.87609524800176],[2.351075227912586,48.87536043497272]]],"type":"Polygon"},"properties":{"id_bv":"10-34","arrondissement":"10","num_bv":34,"geo_point_2d":{"lon":2.351484072275562,"lat":48.87635419310662},"created_user":null,"created_date":null,"last_edited_user":null,"last_edited_date":null,"st_area_shape":72656.23117367298,"st_perimeter_shape":1281.7596684887556}},{"type":"Feature","geometry":{"coordinates":[[[2.34279434413857,48.82854342857949],[2.342884425195598,48.8283016580906],[2.342902344141261,48.828294364584146],[2.3449386508454153,48.82777936259222],[2.34554273977536,48.82790473759694],[2.344982692885984,48.82633003241819],[2.3450658109665716,48.82608712720656],[2.345027085081655,48.82585198537796],[2.3443777658762195,48.824227929285406],[2.344381064452734,48.82421409604967],[2.344584331524596,48.82420811329688],[2.3445384479654403,48.82408365320754],[2.3444035659243316,48.82405487750294],[2.3430751419827685,48.82518179439263],[2.3417539238727425,48.82623757310038],[2.3416950201649507,48.82621573217899],[2.3416945499522406,48.82632438507536],[2.3416925207078987,48.82640062574417],[2.341666546949365,48.82642438998813],[2.341644893914213,48.82711876638633],[2.341715080840818,48.8271648176604],[2.341841284999345,48.827160198768],[2.3423672510256908,48.828209435444286],[2.34264446552014,48.82854936545843],[2.34279434413857,48.82854342857949]]],"type":"Polygon"},"properties":{"id_bv":"13-54","arrondissement":"13","num_bv":54,"geo_point_2d":{"lon":2.3435761736633784,"lat":48.82656029766555},"created_user":null,"created_date":null,"last_edited_user":null,"last_edited_date":null,"st_area_shape":80355.80892565077,"st_perimeter_shape":1308.0262151510253}},{"type":"Feature","geometry":{"coordinates":[[[2.412458189018764,48.87640611235044],[2.412613529596922,48.87587940778764],[2.409174699008352,48.87563204028605],[2.40768252883809,48.87529808688437],[2.4076690972025276,48.875290351827616],[2.408059854731119,48.874539548928404],[2.408363697442457,48.873579725424975],[2.4050993524947533,48.8730178522857],[2.4047005044564433,48.87294081735298],[2.405458020413276,48.87491686746512],[2.4051170766789363,48.876761173279576],[2.406395820010995,48.877115245915185],[2.4064156892464266,48.877149861607805],[2.406443466151656,48.877132114366894],[2.4069225151149802,48.87722374439694],[2.4081182180321856,48.87764833771313],[2.4107519641338078,48.878415834693286],[2.410838352645427,48.87842099573727],[2.412458189018764,48.87640611235044]]],"type":"Polygon"},"properties":{"id_bv":"20-21","arrondissement":"20","num_bv":21,"geo_point_2d":{"lon":2.4081938343924687,"lat":48.87591419428222},"created_user":null,"created_date":null,"last_edited_user":null,"last_edited_date":null,"st_area_shape":167609.65955018366,"st_perimeter_shape":2054.7568989687375}},{"type":"Feature","geometry":{"coordinates":[[[2.346489238049983,48.82808242611728],[2.347001847230488,48.82766715266569],[2.3487466883749115,48.827334845289755],[2.3490107237192537,48.827577802789754],[2.350675720200568,48.82684271249986],[2.348156897309587,48.825913662823325],[2.3481947174213835,48.8257804770671],[2.349782319979211,48.825996967275],[2.3502481058877605,48.825938854882764],[2.3493295991849354,48.825072209642485],[2.347241725660157,48.82543674020714],[2.3472178297829713,48.82543556379537],[2.346848474969694,48.82496034615531],[2.346504931681451,48.82492785360367],[2.346392793003588,48.82491748160913],[2.345308807239946,48.824628429842036],[2.3451950787973477,48.82550691331965],[2.3453607082840686,48.82577563022971],[2.34582867834198,48.82794673161788],[2.346489238049983,48.82808242611728]]],"type":"Polygon"},"properties":{"id_bv":"13-50","arrondissement":"13","num_bv":50,"geo_point_2d":{"lon":2.3474622695926732,"lat":48.82635254565153},"created_user":null,"created_date":null,"last_edited_user":null,"last_edited_date":null,"st_area_shape":87707.57006518531,"st_perimeter_shape":1635.7593698574294}},{"type":"Feature","geometry":{"coordinates":[[[2.372405843514098,48.82533176413154],[2.3736582558998545,48.823841446521776],[2.375743394663809,48.8241842937906],[2.3763256644874735,48.82444087924543],[2.376368641413202,48.82444062221114],[2.3769321282982903,48.82411718888212],[2.373143195023117,48.82285222931702],[2.3730084483388705,48.82306885807545],[2.3735527610004303,48.82331202048397],[2.373477873492243,48.823409176268974],[2.372888129378344,48.823238330673156],[2.3728140219425096,48.82333383889116],[2.3727157052530696,48.823304790491726],[2.37264276119388,48.82327086469973],[2.3729825629845984,48.82280889162065],[2.3729694811828477,48.82279468123044],[2.371689828947088,48.82237571800681],[2.3716285957929246,48.82235810393227],[2.371579052040142,48.82236317148692],[2.371567568042119,48.82238662084831],[2.368701076213163,48.82292673718846],[2.368665484740597,48.82295169046438],[2.3686575360016593,48.82298632037058],[2.3686488998946755,48.82301224967354],[2.3686658390915807,48.82301961326457],[2.370880800666449,48.8234630314207],[2.3698431961384014,48.82508822956622],[2.3717408981712573,48.82570021701817],[2.371963189445555,48.825860671888535],[2.372405843514098,48.82533176413154]]],"type":"Polygon"},"properties":{"id_bv":"13-24","arrondissement":"13","num_bv":24,"geo_point_2d":{"lon":2.3721716965121606,"lat":48.82389713900105},"created_user":null,"created_date":null,"last_edited_user":null,"last_edited_date":null,"st_area_shape":87840.20185356178,"st_perimeter_shape":1947.0839841004254}},{"type":"Feature","geometry":{"coordinates":[[[2.305641438423814,48.84346612097101],[2.306418621431976,48.84370601868455],[2.306428108669625,48.84369602597115],[2.306383455692766,48.843644978981644],[2.3059161615818247,48.84314519522859],[2.3038387982123933,48.842237193782616],[2.303219596312261,48.84188712266992],[2.303027775494819,48.8421663390407],[2.302666372781412,48.84269332713792],[2.3026298067838864,48.84271633654288],[2.3025238898303293,48.842741577659936],[2.3024441833194826,48.842717136684584],[2.3024302938756183,48.842764426263415],[2.3009181006027872,48.843135813548656],[2.300902184402532,48.84318283207949],[2.3023135688680654,48.843726595069924],[2.3025345164939255,48.843601739198064],[2.302738295904019,48.8433530228049],[2.303363607090451,48.8429991936002],[2.3037655005073248,48.84309662782925],[2.303828155403474,48.844100542322316],[2.303559778559265,48.84447126734504],[2.304147431966064,48.844636705837765],[2.304803094449364,48.844791065218615],[2.305641438423814,48.84346612097101]]],"type":"Polygon"},"properties":{"id_bv":"15-28","arrondissement":"15","num_bv":28,"geo_point_2d":{"lon":2.303911812055946,"lat":48.84331197271338},"created_user":null,"created_date":null,"last_edited_user":null,"last_edited_date":null,"st_area_shape":46441.04493325808,"st_perimeter_shape":1304.4476822933095}},{"type":"Feature","geometry":{"coordinates":[[[2.2898079627227648,48.869124237606464],[2.2899363658395115,48.86922767517619],[2.2916291948328893,48.86908473409906],[2.2903340214263976,48.86726617012609],[2.2900164468422055,48.866818903094085],[2.289598657108561,48.86626505997647],[2.287767286013181,48.86684052988303],[2.28769760805485,48.867106435864706],[2.2883050195604473,48.86766354981914],[2.288092367439676,48.86775276139762],[2.2872564726419022,48.86730651123668],[2.286039956521995,48.86723187150387],[2.285964251043087,48.867270691752985],[2.2853794416696314,48.869603045946384],[2.2854520953482753,48.86965460129094],[2.2898079627227648,48.869124237606464]]],"type":"Polygon"},"properties":{"id_bv":"16-62","arrondissement":"16","num_bv":62,"geo_point_2d":{"lon":2.2883447478795627,"lat":48.86818277651209},"created_user":null,"created_date":null,"last_edited_user":null,"last_edited_date":null,"st_area_shape":101625.02561227555,"st_perimeter_shape":1531.9755976017925}}]}